eval_id,x,hub,f1,f2,f3,g1,g2,g3,feasible
0,"[0.7178343572828981, 0.850551259756355, 0.2754808528630017, 0.7392607956370342, 0.6629613377688489, 0.7187932050275267, 0.9796258488514935, 0.6283084586743911, 0.07962933757560675, 0.32151551530824796]","[0.6423134569639611, 1.0768760939477686]",-53.595947265625,0.0,2714.4400545057983,-170.72017157700702,1.0,0.0,0
1,"[0.6959948701337834, 0.2615530463118, 0.22789197890735768, 0.5800284530205562, 0.7312406583584447, 0.3138203272623701, 0.7008408895008554, 0.4931103229848808, 0.18890636475445843, 0.5484830646246303]","[0.6423134569639611, 1.0768760939477686]",-32.37224197387695,0.01,2697.7482547676727,-32.07318548538768,1.0,0.0,0
2,"[0.16146904266095086, 0.46188359707756765, 0.6419175904033568, 0.9051507074391362, 0.28879164900942544, 0.5494715578347591, 0.5770798329599061, 0.49866886134850175, 0.17791419839100442, 0.35622164118008504]","[0.6423134569639611, 1.0768760939477686]",-34.25837707519531,0.01,2757.8117809691385,-75.27726953416715,1.0,0.0,0
3,"[0.17893481367543618, 0.4672684011434851, 0.3549173343096512, 0.9051438366771739, 0.652784802685132, 0.6399131657151546, 0.37050052710804804, 0.790518245853265, 0.17735319182304865, 0.29830276735556926]","[0.6423134569639611, 1.0768760939477686]",-28.648828506469727,0.01,2518.0807980310824,-79.77996047064914,2.0,0.0,0
4,"[0.5542825390272328, 0.24062604181377323, 0.36528505670346056, 0.96536926984468, 0.12046907762387415, 0.4381450103309691, 0.7813658931947177, 0.043090690634595696, 0.03046480812489505, 0.46581253099537934]","[0.6423134569639611, 1.0768760939477686]",-48.83353042602539,0.02,3813.1700574173274,-310.7544861799364,2.0,0.0,0
5,"[0.7559488323569789, 0.11610473609591099, 0.8880321199869642, 0.7419162010314087, 0.5220921065907778, 0.17072977658825428, 0.6974639333086391, 0.8796672522975737, 0.9835673000846709, 0.7744687729754793]","[0.6423134569639611, 1.0768760939477686]",-42.035125732421875,0.02,2799.6976566701524,-46.81450397997753,2.0,0.0,0
6,"[0.4171774343880905, 0.9108220921659664, 0.7464710369587361, 0.11221292406831795, 0.5101225863270002, 0.3532556606165881, 0.43070700374480275, 0.4970226157004175, 0.1268760779065603, 0.7076778979003703]","[0.6423134569639611, 1.0768760939477686]",-44.84500503540039,0.0,2708.457057102499,-43.37359375375945,2.0,0.0,0
7,"[0.18301541483209494, 0.5118814273652947, 0.8573010008865969, 0.3995968392250302, 0.09751514963535424, 0.8418955837519252, 0.8851177060251493, 0.19316997569865946, 0.5257783000795696, 0.08535616172648453]","[0.6423134569639611, 1.0768760939477686]",-57.462852478027344,0.07,3399.86392751079,-300.81804733205456,2.0,0.0,0
8,"[0.9183968578705968, 0.9421208694705342, 0.6390262522229664, 0.5460602299006425, 0.23326320620013874, 0.188257161102365, 0.7877266263227836, 0.6596072674909493, 0.9172632996428407, 0.5993159922695809]","[0.6423134569639611, 1.0768760939477686]",-34.026126861572266,0.01,2912.4788688758845,-204.5200848446077,2.0,0.0,0
9,"[0.6576467600079774, 0.7770490207042496, 0.9421656316593494, 0.8731312620415899, 0.993906309433891, 0.16691335878547553, 0.7825153662907529, 0.38069524000658606, 0.09368549297431539, 0.21220747485396863]","[0.6423134569639611, 1.0768760939477686]",-13.633962631225586,0.0,2218.6614588444713,-30.023933099419025,2.0,0.0,0
10,"[0.5670497583644489, 0.7742121576308749, 0.8883954263166767, 0.1602743126680698, 0.023632428671776062, 0.4165709623150299, 0.9584644009640338, 0.6209354652000495, 0.9470620833116628, 0.29770945642086144]","[0.6423134569639611, 1.0768760939477686]",-63.582733154296875,0.42,3283.092562573861,-341.85993032965564,2.0,0.0,0
11,"[0.6557960559218892, 0.6685927884100901, 0.2799917441958927, 0.08390938896269085, 0.23169822139230722, 0.33815284273601076, 0.1283444014420535, 0.032718378196915365, 0.5547696198165065, 0.5160825876377318]","[0.6423134569639611, 1.0768760939477686]",-45.35253143310547,0.01,3196.8369193359695,-2.6116797505108025,3.0,0.0,0
12,"[0.21417883012053884, 0.9065322424574986, 0.3942866712901717, 0.7611131728418318, 0.08229124940952703, 0.8695515555783495, 0.6893133058623288, 0.025647897127963226, 0.562817570968351, 0.5707371869026688]","[0.6423134569639611, 1.0768760939477686]",-48.13214874267578,0.07,3486.928163913906,-69.22652875966133,3.0,0.0,0
13,"[0.20941612123621955, 0.7974623155214327, 0.34510057866729216, 0.5633773745025455, 0.9004495990042221, 0.8746240571921795, 0.606709676684979, 0.9468197909796484, 0.43276273961995204, 0.3193418039018624]","[0.6423134569639611, 1.0768760939477686]",-45.213966369628906,0.07,2616.8512539531534,-4.157631145781522,3.0,0.0,0
14,"[0.006155669335288327, 0.613256681670192, 0.2906059077682427, 0.33109368071345846, 0.9314994667781543, 0.4513766078981988, 0.8026586252465906, 0.23204551611998447, 0.05919464671039454, 0.8806350809002281]","[0.6423134569639611, 1.0768760939477686]",-46.13884353637695,0.01,2992.714452080471,-43.87935080221206,3.0,0.0,0
15,"[0.04618702854343115, 0.9994364677711847, 0.43132345380885195, 0.010231902156670136, 0.33099943817048805, 0.9377589260828116, 0.7373054252872605, 0.5914192820348003, 0.10844932301271404, 0.4112686884886242]","[0.6423134569639611, 1.0768760939477686]",-56.161827087402344,0.99,3645.636572639265,-91.66607698869865,3.0,0.0,0
16,"[0.6021361701813102, 0.08362765145734896, 0.12499955865727308, 0.7854702016115908, 0.4115541827996497, 0.07458742422196396, 0.9320824085782379, 0.14566874185476875, 0.3015314021630472, 0.4100234308800571]","[0.6423134569639611, 1.0768760939477686]",-51.40578842163086,0.64,3768.39583975796,-234.23620778494234,3.0,0.0,0
17,"[0.2816134931005958, 0.48736306607251145, 0.012857887744930352, 0.4914833323409261, 0.5640238638655345, 0.6718259817227047, 0.09288854875744723, 0.6043157467736379, 0.6013821213404011, 0.89045910829968]","[0.6423134569639611, 1.0768760939477686]",-36.01071548461914,0.02,2512.0101462055754,-116.95764112295899,3.0,0.0,0
18,"[0.030188469259489592, 0.4736051880661374, 0.4341822332207885, 0.24864819916465264, 0.5982968449905018, 0.5254697248274498, 0.04850513258211875, 0.3049191826586233, 0.9302937489130779, 0.1541575029427562]","[0.6423134569639611, 1.0768760939477686]",-39.55205535888672,0.11,2877.700667685883,-20.386053971719264,4.0,0.0,0
19,"[0.7424842116732404, 0.00921065799657117, 0.18956699187220505, 0.5664491371813656, 0.4590016363424163, 0.3356970836114517, 0.5333564262211142, 0.32011996751753846, 0.3918329723107977, 0.050458948610459076]","[0.6423134569639611, 1.0768760939477686]",-51.847232818603516,0.02,3153.9088027822118,-55.94526327800804,4.0,0.0,0
20,"[0.9919930979414978, 0.11013211899741604, 0.6220697409528387, 0.3547334554703645, 0.9761006353570684, 0.16222855752056586, 0.9159237744769517, 0.739900702350839, 0.9338325089891943, 0.5584557017778705]","[0.6423134569639611, 1.0768760939477686]",-30.92024040222168,0.43,2818.4419864311744,-156.75601786757983,4.0,0.0,0
21,"[0.7768482879275864, 0.9936568534146455, 0.1381690550005069, 0.49465670555808827, 0.11771307998234448, 0.9461829725207951, 0.4849152370071329, 0.024923602435105274, 0.0763549914853281, 0.23483907948984994]","[0.6423134569639611, 1.0768760939477686]",-37.90608215332031,0.0,3188.7237762510704,-99.51286038756263,4.0,0.0,0
22,"[0.5193842211443356, 0.49995502241119394, 0.9047040725533528, 0.05873521751558297, 0.7300645778190835, 0.32654466381127, 0.09344593349461805, 0.9897361675845034, 0.3582312185913814, 0.3142381312178827]","[0.6423134569639611, 1.0768760939477686]",-52.07240676879883,0.0,3134.758594336709,-99.72895453213295,4.0,0.0,0
23,"[0.20557265759667276, 0.26268325844768114, 0.02094484416240605, 0.27068090144591017, 0.5879702166328254, 0.5513756583147158, 0.41628477156613086, 0.28176023673675177, 0.9191304909520741, 0.1775164934316158]","[0.6423134569639611, 1.0768760939477686]",-39.23221206665039,0.07,2673.351073874237,7.557674429773186,2.0,0.0,0
24,"[0.9669622001623905, 0.6358708041446514, 0.5151536963223518, 0.4483805454001032, 0.27789921550015906, 0.9198501605372782, 0.7527320970790866, 0.82589525837557, 0.33881245331376186, 0.22633305684340344]","[0.6423134569639611, 1.0768760939477686]",-39.573699951171875,0.0,2402.9590688354106,16.739684459824502,3.0,0.0,0
25,"[0.015272435183649069, 0.8647679793230478, 0.4875580786370386, 0.29526571288950065, 0.3657350555800003, 0.2030974028229966, 0.5694728969947693, 0.36880428868132864, 0.6788297965535495, 0.43523470740661496]","[0.6423134569639611, 1.0768760939477686]",-44.21868133544922,0.01,2946.755654057053,20.738577437012736,1.0,0.0,0
26,"[0.9144561221029246, 0.5858895145468258, 0.6679799243985048, 0.7898093832755049, 0.1836603870914313, 0.3187820814455795, 0.23874477955495155, 0.12765638766488252, 0.4229460447715928, 0.758249565648491]","[0.6423134569639611, 1.0768760939477686]",-22.85169219970703,0.02,2984.723167485701,21.788233872218285,3.0,0.0,0
27,"[0.3738491444106369, 0.8351417342075574, 0.9624014436858985, 0.8918217642332203, 0.2362906836924623, 0.0935034547745921, 0.4859329784263382, 0.14461570487334963, 0.35954611893234156, 0.6571231551575867]","[0.6423134569639611, 1.0768760939477686]",-44.99790573120117,0.01,3518.6205401657176,21.14482454058637,4.0,0.0,0
28,"[0.9002654171528618, 0.14704654594174182, 0.7411145400827215, 0.5292209856627658, 0.16078650452811283, 0.9083534610543227, 0.6483341011050769, 0.5287591672457896, 0.20143090853695012, 0.7831343292771509]","[0.6423134569639611, 1.0768760939477686]",-50.93180847167969,0.02,3015.3109668756897,26.171151451205162,2.0,0.0,0
29,"[0.30996375517120167, 0.3987189364419349, 0.7115105508132997, 0.8270938070133592, 0.9606887020277379, 0.8817710808483114, 0.6823799448443975, 0.40168496892501016, 0.4653517170757224, 0.9366989347480371]","[0.6423134569639611, 1.0768760939477686]",-39.169429779052734,0.02,2506.203156754935,32.07200877485786,4.0,0.0,0
30,"[0.20785494157193374, 0.5675652419333407, 0.9363122242578448, 0.8533136562599993, 0.8114328725032335, 0.3351350375860954, 0.9578419522589532, 0.07389597584523522, 0.16782365513224518, 0.2963472178481993]","[0.6423134569639611, 1.0768760939477686]",-41.63924026489258,0.01,2851.4968203488625,43.09507077192737,4.0,0.0,0
31,"[0.774382020078661, 0.2064226800628115, 0.7715370379067442, 0.07837290492218618, 0.8953850271326209, 0.6520981168659544, 0.7444418905939161, 0.7702414655724522, 0.21213914882577256, 0.8794320598717107]","[0.6423134569639611, 1.0768760939477686]",-42.62029266357422,0.02,2833.216705598921,55.03930560159341,2.0,0.0,0
32,"[0.9868402765278871, 0.43974028393442544, 0.6442476693303388, 0.5149392859956807, 0.8756598515631787, 0.505794352818757, 0.7854340014599015, 0.2005303566832357, 0.01645945948648464, 0.5424458861963711]","[0.6423134569639611, 1.0768760939477686]",-32.09645080566406,0.0,2681.43778202676,56.89214017769791,2.0,0.0,0
33,"[0.5971018283213804, 0.7575365645348388, 0.8250134678055777, 0.5828599453946457, 0.10742835312995902, 0.5310825299332868, 0.6985947417360271, 0.79328366533945, 0.3499641877600487, 0.16381779297574706]","[0.6423134569639611, 1.0768760939477686]",-45.72307586669922,0.0,2296.342027528988,58.21565288645044,1.0,0.0,0
34,"[0.70006605596892, 0.8122050151262458, 0.29045961628587613, 0.7550132519180535, 0.6089078108765937, 0.47233225860496875, 0.4959391441876757, 0.19457688761579417, 0.2195079915141478, 0.6014041791288685]","[0.6423134569639611, 1.0768760939477686]",-27.71138572692871,0.0,2455.3192669550895,61.00720955656993,1.0,0.0,0
35,"[0.9632475898482437, 0.2075204227297318, 0.33089948499767685, 0.895368602951573, 0.2225521522559719, 0.08962073043795493, 0.6615530572198147, 0.12858287186718842, 0.7314763939923757, 0.09521030422128629]","[0.6423134569639611, 1.0768760939477686]",-40.713768005371094,0.01,3872.3654825993517,63.05103770130253,4.0,0.0,0
36,"[0.8424122866034477, 0.9295786250874855, 0.23087836206189072, 0.41791291612573434, 0.0043001907504852666, 0.5699619505238555, 0.5171815371217462, 0.13356210614198927, 0.6840174887857596, 0.3953518057604567]","[0.6423134569639611, 1.0768760939477686]",-48.61430740356445,0.01,3074.127338912807,82.1672805883054,3.0,0.0,0
37,"[0.23050736777684355, 0.17768312108581985, 0.07519442630360906, 0.012996611642042799, 0.8380952953924874, 0.3994430020003472, 0.484130910594359, 0.9568421661505032, 0.4965961443363097, 0.13251492264908082]","[0.6423134569639611, 1.0768760939477686]",-33.00898361206055,0.92,3287.831879943534,85.64826711118621,2.0,0.0,0
38,"[0.4275645425413398, 0.6373601174260564, 0.42099270734434335, 0.5749995088018878, 0.5529869643862163, 0.49293616218995406, 0.5324478498483587, 0.3107930117753044, 0.9758320136707291, 0.8870121467184444]","[0.6423134569639611, 1.0768760939477686]",-21.458051681518555,0.01,1621.8674517239035,99.48995108251174,3.0,0.0,0
39,"[0.8142430618716505, 0.615508274358867, 0.7660363414662829, 0.6068143810342034, 0.6283478623630906, 0.13476145162112996, 0.40283347552957394, 0.06771436062054059, 0.8570786899866468, 0.32133769545352076]","[0.6423134569639611, 1.0768760939477686]",-8.531303405761719,0.0,1842.366634701642,114.499686236121,1.0,0.0,0
40,"[0.21800593004626811, 0.3953770523791057, 0.054731143300722596, 0.3164785602685367, 0.07482644255422188, 0.25396254580418, 0.03387269818171201, 0.662682068619064, 0.720244476030497, 0.7401312499629299]","[0.6423134569639611, 1.0768760939477686]",-30.873035430908203,0.07,2547.2109537865017,118.64511945326655,3.0,0.0,0
41,"[0.7571316253352183, 0.5988506638162991, 0.6385458531009636, 0.28353426632010625, 0.6181307496852578, 0.36956669018657895, 0.3799349341788377, 0.681937037573606, 0.8310576876132559, 0.6052685945074544]","[0.6423134569639611, 1.0768760939477686]",-19.99098777770996,0.02,2073.533976829782,119.76808342748106,2.0,0.0,0
42,"[0.5258168433452484, 0.6631806204725954, 0.4477019015387208, 0.19539759987155403, 0.43531315595064457, 0.43091206068443144, 0.012840482366806572, 0.3651808011323914, 0.5948658710060528, 0.2999915037451498]","[0.6423134569639611, 1.0768760939477686]",-21.06226348876953,0.01,2554.3120365386494,141.40768751578332,1.0,0.0,0
43,"[0.4038284511492043, 0.1949619252207303, 0.32508812283388366, 0.8276226232184107, 0.25882907767580354, 0.6710113104026503, 0.8760714488267184, 0.8268079808374883, 0.8848800971002195, 0.8398657742651049]","[0.6423134569639611, 1.0768760939477686]",-27.955842971801758,0.11,1643.7974109435372,139.4453735146278,3.0,0.0,0
44,"[0.6215032596259377, 0.42019325992063383, 0.46997091240616984, 0.5771775044961992, 0.0018023536068190182, 0.3721443167968299, 0.49482967791705623, 0.6756392228496231, 0.4162706429924663, 0.7940310607755042]","[0.6423134569639611, 1.0768760939477686]",-35.898887634277344,0.42,2242.0035741318384,147.75899994041845,2.0,0.0,0
45,"[0.659569533072841, 0.35506101458853867, 0.313666741563808, 0.6631833646572645, 0.47300486086298876, 0.8811861793495235, 0.31867896643874516, 0.11784964452439528, 0.8196545814372104, 0.5582973969485474]","[0.6423134569639611, 1.0768760939477686]",-17.50359344482422,0.0,1755.710816828849,149.27164547003017,1.0,0.0,0
46,"[0.9584801136956184, 0.7450348866476518, 0.2157905760841189, 0.7173945053263936, 0.34378554600189437, 0.6989151716524886, 0.8894983573045284, 0.6501660583206906, 0.8422279297235258, 0.6887947057130477]","[0.6423134569639611, 1.0768760939477686]",-23.675552368164062,0.01,1810.8078385809667,160.7368877929929,1.0,0.0,0
47,"[0.841486558403682, 0.38328936307170336, 0.5179331099356654, 0.3151851034187104, 0.8929563307131257, 0.8267136201588152, 0.7065846822128775, 0.7476535197594388, 0.47403622225949027, 0.8166440705290728]","[0.6423134569639611, 1.0768760939477686]",-26.07138442993164,0.0,1813.9305274417757,164.59166259984994,1.0,0.0,0
48,"[0.1496055765932932, 0.07706848791542142, 0.024011331493556054, 0.2929158759379945, 0.2864487199904745, 0.7281969713021883, 0.41225211081351676, 0.6603726714939671, 0.46770008428541465, 0.5157744326426499]","[0.6423134569639611, 1.0768760939477686]",-14.365425109863281,0.04,2117.2942686434612,171.15515516819812,2.0,0.0,0
49,"[0.6044006058026058, 0.10168575708216332, 0.9634847481204788, 0.11363799358817561, 0.1009807921059821, 0.4093610338226653, 0.35304843378314044, 0.21652350161279854, 0.36767942473700777, 0.2671989318362714]","[0.6423134569639611, 1.0768760939477686]",-40.7098274230957,0.0,2789.0601508951813,220.5130222955224,4.0,0.0,0
50,"[0.17893481367543618, 0.4672684011434851, 0.3549173343096512, 0.9051438366771739, 0.652784802685132, 0.6399131657151546, 0.37050052710804804, 0.790518245853265, 0.17735319182304865, 0.29830276735556926]","[0.6423134569639611, 1.0768760939477686]",-28.648828506469727,0.01,2518.0807980310824,-79.77996047064914,2.0,0.0,0
51,"[0.9669622001623905, 0.6358708041446514, 0.5151536963223518, 0.4483805454001032, 0.27789921550015906, 0.9198501605372782, 0.7527320970790866, 0.82589525837557, 0.33881245331376186, 0.22633305684340344]","[0.6423134569639611, 1.0768760939477686]",-39.573699951171875,0.0,2402.9590688354106,16.739684459824502,3.0,0.0,0
52,"[0.5258168433452484, 0.6631806204725954, 0.4477019015387208, 0.19539759987155403, 0.43531315595064457, 0.43091206068443144, 0.012840482366806572, 0.3651808011323914, 0.5948658710060528, 0.2999915037451498]","[0.6423134569639611, 1.0768760939477686]",-21.06226348876953,0.01,2554.3120365386494,141.40768751578332,1.0,0.0,0
53,"[0.20941612123621955, 0.7974623155214327, 0.34510057866729216, 0.5633773745025455, 0.9004495990042221, 0.8746240571921795, 0.606709676684979, 0.9468197909796484, 0.43276273961995204, 0.3193418039018624]","[0.6423134569639611, 1.0768760939477686]",-45.213966369628906,0.07,2616.8512539531534,-4.157631145781522,3.0,0.0,0
54,"[0.6959948701337834, 0.2615530463118, 0.22789197890735768, 0.5800284530205562, 0.7312406583584447, 0.3138203272623701, 0.7008408895008554, 0.4931103229848808, 0.18890636475445843, 0.5484830646246303]","[0.6423134569639611, 1.0768760939477686]",-32.37224197387695,0.01,2697.7482547676727,-32.07318548538768,1.0,0.0,0
55,"[0.6215032596259377, 0.42019325992063383, 0.46997091240616984, 0.5771775044961992, 0.0018023536068190182, 0.3721443167968299, 0.49482967791705623, 0.6756392228496231, 0.4162706429924663, 0.7940310607755042]","[0.6423134569639611, 1.0768760939477686]",-35.898887634277344,0.42,2242.0035741318384,147.75899994041845,2.0,0.0,0
56,"[0.5193842211443356, 0.49995502241119394, 0.9047040725533528, 0.05873521751558297, 0.7300645778190835, 0.32654466381127, 0.09344593349461805, 0.9897361675845034, 0.3582312185913814, 0.3142381312178827]","[0.6423134569639611, 1.0768760939477686]",-52.07240676879883,0.0,3134.758594336709,-99.72895453213295,4.0,0.0,0
57,"[0.5670497583644489, 0.7742121576308749, 0.8883954263166767, 0.1602743126680698, 0.023632428671776062, 0.4165709623150299, 0.9584644009640338, 0.6209354652000495, 0.9470620833116628, 0.29770945642086144]","[0.6423134569639611, 1.0768760939477686]",-63.582733154296875,0.42,3283.092562573861,-341.85993032965564,2.0,0.0,0
58,"[0.2816134931005958, 0.48736306607251145, 0.012857887744930352, 0.4914833323409261, 0.5640238638655345, 0.6718259817227047, 0.09288854875744723, 0.6043157467736379, 0.6013821213404011, 0.89045910829968]","[0.6423134569639611, 1.0768760939477686]",-36.01071548461914,0.02,2512.0101462055754,-116.95764112295899,3.0,0.0,0
59,"[0.9183968578705968, 0.9421208694705342, 0.6390262522229664, 0.5460602299006425, 0.23326320620013874, 0.188257161102365, 0.7877266263227836, 0.6596072674909493, 0.9172632996428407, 0.5993159922695809]","[0.6423134569639611, 1.0768760939477686]",-34.026126861572266,0.01,2912.4788688758845,-204.5200848446077,2.0,0.0,0
60,"[0.8142430618716505, 0.615508274358867, 0.7660363414662829, 0.6068143810342034, 0.6283478623630906, 0.13476145162112996, 0.40283347552957394, 0.06771436062054059, 0.8570786899866468, 0.32133769545352076]","[0.6423134569639611, 1.0768760939477686]",-8.531303405761719,0.0,1842.366634701642,114.499686236121,1.0,0.0,0
61,"[0.6557960559218892, 0.6685927884100901, 0.2799917441958927, 0.08390938896269085, 0.23169822139230722, 0.33815284273601076, 0.1283444014420535, 0.032718378196915365, 0.5547696198165065, 0.5160825876377318]","[0.6423134569639611, 1.0768760939477686]",-45.35253143310547,0.01,3196.8369193359695,-2.6116797505108025,3.0,0.0,0
62,"[0.659569533072841, 0.35506101458853867, 0.313666741563808, 0.6631833646572645, 0.47300486086298876, 0.8811861793495235, 0.31867896643874516, 0.11784964452439528, 0.8196545814372104, 0.5582973969485474]","[0.6423134569639611, 1.0768760939477686]",-17.50359344482422,0.0,1755.710816828849,149.27164547003017,1.0,0.0,0
63,"[0.9584801136956184, 0.7450348866476518, 0.2157905760841189, 0.7173945053263936, 0.34378554600189437, 0.6989151716524886, 0.8894983573045284, 0.6501660583206906, 0.8422279297235258, 0.6887947057130477]","[0.6423134569639611, 1.0768760939477686]",-23.675552368164062,0.01,1810.8078385809667,160.7368877929929,1.0,0.0,0
64,"[0.6044006058026058, 0.10168575708216332, 0.9634847481204788, 0.11363799358817561, 0.1009807921059821, 0.4093610338226653, 0.35304843378314044, 0.21652350161279854, 0.36767942473700777, 0.2671989318362714]","[0.6423134569639611, 1.0768760939477686]",-40.7098274230957,0.0,2789.0601508951813,220.5130222955224,4.0,0.0,0
65,"[0.9144561221029246, 0.5858895145468258, 0.6679799243985048, 0.7898093832755049, 0.1836603870914313, 0.3187820814455795, 0.23874477955495155, 0.12765638766488252, 0.4229460447715928, 0.758249565648491]","[0.6423134569639611, 1.0768760939477686]",-22.85169219970703,0.02,2984.723167485701,21.788233872218285,3.0,0.0,0
66,"[0.5542825390272328, 0.24062604181377323, 0.36528505670346056, 0.96536926984468, 0.12046907762387415, 0.4381450103309691, 0.7813658931947177, 0.043090690634595696, 0.03046480812489505, 0.46581253099537934]","[0.6423134569639611, 1.0768760939477686]",-48.83353042602539,0.02,3813.1700574173274,-310.7544861799364,2.0,0.0,0
67,"[0.20785494157193374, 0.5675652419333407, 0.9363122242578448, 0.8533136562599993, 0.8114328725032335, 0.3351350375860954, 0.9578419522589532, 0.07389597584523522, 0.16782365513224518, 0.2963472178481993]","[0.6423134569639611, 1.0768760939477686]",-41.63924026489258,0.01,2851.4968203488625,43.09507077192737,4.0,0.0,0
68,"[0.7178343572828981, 0.850551259756355, 0.2754808528630017, 0.7392607956370342, 0.6629613377688489, 0.7187932050275267, 0.9796258488514935, 0.6283084586743911, 0.07962933757560675, 0.32151551530824796]","[0.6423134569639611, 1.0768760939477686]",-53.595947265625,0.0,2714.4400545057983,-170.72017157700702,1.0,0.0,0
69,"[0.16146904266095086, 0.46188359707756765, 0.6419175904033568, 0.9051507074391362, 0.28879164900942544, 0.5494715578347591, 0.5770798329599061, 0.49866886134850175, 0.17791419839100442, 0.35622164118008504]","[0.6423134569639611, 1.0768760939477686]",-34.25837707519531,0.01,2757.8117809691385,-75.27726953416715,1.0,0.0,0
70,"[0.774382020078661, 0.2064226800628115, 0.7715370379067442, 0.07837290492218618, 0.8953850271326209, 0.6520981168659544, 0.7444418905939161, 0.7702414655724522, 0.21213914882577256, 0.8794320598717107]","[0.6423134569639611, 1.0768760939477686]",-42.62029266357422,0.02,2833.216705598921,55.03930560159341,2.0,0.0,0
71,"[0.20557265759667276, 0.26268325844768114, 0.02094484416240605, 0.27068090144591017, 0.5879702166328254, 0.5513756583147158, 0.41628477156613086, 0.28176023673675177, 0.9191304909520741, 0.1775164934316158]","[0.6423134569639611, 1.0768760939477686]",-39.23221206665039,0.07,2673.351073874237,7.557674429773186,2.0,0.0,0
72,"[0.4275645425413398, 0.6373601174260564, 0.42099270734434335, 0.5749995088018878, 0.5529869643862163, 0.49293616218995406, 0.5324478498483587, 0.3107930117753044, 0.9758320136707291, 0.8870121467184444]","[0.6423134569639611, 1.0768760939477686]",-21.458051681518555,0.01,1621.8674517239035,99.48995108251174,3.0,0.0,0
73,"[0.015272435183649069, 0.8647679793230478, 0.4875580786370386, 0.29526571288950065, 0.3657350555800003, 0.2030974028229966, 0.5694728969947693, 0.36880428868132864, 0.6788297965535495, 0.43523470740661496]","[0.6423134569639611, 1.0768760939477686]",-44.21868133544922,0.01,2946.755654057053,20.738577437012736,1.0,0.0,0
74,"[0.7768482879275864, 0.9936568534146455, 0.1381690550005069, 0.49465670555808827, 0.11771307998234448, 0.9461829725207951, 0.4849152370071329, 0.024923602435105274, 0.0763549914853281, 0.23483907948984994]","[0.6423134569639611, 1.0768760939477686]",-37.90608215332031,0.0,3188.7237762510704,-99.51286038756263,4.0,0.0,0
75,"[0.9919930979414978, 0.11013211899741604, 0.6220697409528387, 0.3547334554703645, 0.9761006353570684, 0.16222855752056586, 0.9159237744769517, 0.739900702350839, 0.9338325089891943, 0.5584557017778705]","[0.6423134569639611, 1.0768760939477686]",-30.92024040222168,0.43,2818.4419864311744,-156.75601786757983,4.0,0.0,0
76,"[0.9868402765278871, 0.43974028393442544, 0.6442476693303388, 0.5149392859956807, 0.8756598515631787, 0.505794352818757, 0.7854340014599015, 0.2005303566832357, 0.01645945948648464, 0.5424458861963711]","[0.6423134569639611, 1.0768760939477686]",-32.09645080566406,0.0,2681.43778202676,56.89214017769791,2.0,0.0,0
77,"[0.04618702854343115, 0.9994364677711847, 0.43132345380885195, 0.010231902156670136, 0.33099943817048805, 0.9377589260828116, 0.7373054252872605, 0.5914192820348003, 0.10844932301271404, 0.4112686884886242]","[0.6423134569639611, 1.0768760939477686]",-56.161827087402344,0.99,3645.636572639265,-91.66607698869865,3.0,0.0,0
78,"[0.7559488323569789, 0.11610473609591099, 0.8880321199869642, 0.7419162010314087, 0.5220921065907778, 0.17072977658825428, 0.6974639333086391, 0.8796672522975737, 0.9835673000846709, 0.7744687729754793]","[0.6423134569639611, 1.0768760939477686]",-42.035125732421875,0.02,2799.6976566701524,-46.81450397997753,2.0,0.0,0
79,"[0.4171774343880905, 0.9108220921659664, 0.7464710369587361, 0.11221292406831795, 0.5101225863270002, 0.3532556606165881, 0.43070700374480275, 0.4970226157004175, 0.1268760779065603, 0.7076778979003703]","[0.6423134569639611, 1.0768760939477686]",-44.84500503540039,0.0,2708.457057102499,-43.37359375375945,2.0,0.0,0
80,"[0.7424842116732404, 0.00921065799657117, 0.18956699187220505, 0.5664491371813656, 0.4590016363424163, 0.3356970836114517, 0.5333564262211142, 0.32011996751753846, 0.3918329723107977, 0.050458948610459076]","[0.6423134569639611, 1.0768760939477686]",-51.847232818603516,0.02,3153.9088027822118,-55.94526327800804,4.0,0.0,0
81,"[0.18301541483209494, 0.5118814273652947, 0.8573010008865969, 0.3995968392250302, 0.09751514963535424, 0.8418955837519252, 0.8851177060251493, 0.19316997569865946, 0.5257783000795696, 0.08535616172648453]","[0.6423134569639611, 1.0768760939477686]",-57.462852478027344,0.07,3399.86392751079,-300.81804733205456,2.0,0.0,0
82,"[0.841486558403682, 0.38328936307170336, 0.5179331099356654, 0.3151851034187104, 0.8929563307131257, 0.8267136201588152, 0.7065846822128775, 0.7476535197594388, 0.47403622225949027, 0.8166440705290728]","[0.6423134569639611, 1.0768760939477686]",-26.07138442993164,0.0,1813.9305274417757,164.59166259984994,1.0,0.0,0
83,"[0.30996375517120167, 0.3987189364419349, 0.7115105508132997, 0.8270938070133592, 0.9606887020277379, 0.8817710808483114, 0.6823799448443975, 0.40168496892501016, 0.4653517170757224, 0.9366989347480371]","[0.6423134569639611, 1.0768760939477686]",-39.169429779052734,0.02,2506.203156754935,32.07200877485786,4.0,0.0,0
84,"[0.9002654171528618, 0.14704654594174182, 0.7411145400827215, 0.5292209856627658, 0.16078650452811283, 0.9083534610543227, 0.6483341011050769, 0.5287591672457896, 0.20143090853695012, 0.7831343292771509]","[0.6423134569639611, 1.0768760939477686]",-50.93180847167969,0.02,3015.3109668756897,26.171151451205162,2.0,0.0,0
85,"[0.1496055765932932, 0.07706848791542142, 0.024011331493556054, 0.2929158759379945, 0.2864487199904745, 0.7281969713021883, 0.41225211081351676, 0.6603726714939671, 0.46770008428541465, 0.5157744326426499]","[0.6423134569639611, 1.0768760939477686]",-14.365425109863281,0.04,2117.2942686434612,171.15515516819812,2.0,0.0,0
86,"[0.6576467600079774, 0.7770490207042496, 0.9421656316593494, 0.8731312620415899, 0.993906309433891, 0.16691335878547553, 0.7825153662907529, 0.38069524000658606, 0.09368549297431539, 0.21220747485396863]","[0.6423134569639611, 1.0768760939477686]",-13.633962631225586,0.0,2218.6614588444713,-30.023933099419025,2.0,0.0,0
87,"[0.3738491444106369, 0.8351417342075574, 0.9624014436858985, 0.8918217642332203, 0.2362906836924623, 0.0935034547745921, 0.4859329784263382, 0.14461570487334963, 0.35954611893234156, 0.6571231551575867]","[0.6423134569639611, 1.0768760939477686]",-44.99790573120117,0.01,3518.6205401657176,21.14482454058637,4.0,0.0,0
88,"[0.030188469259489592, 0.4736051880661374, 0.4341822332207885, 0.24864819916465264, 0.5982968449905018, 0.5254697248274498, 0.04850513258211875, 0.3049191826586233, 0.9302937489130779, 0.1541575029427562]","[0.6423134569639611, 1.0768760939477686]",-39.55205535888672,0.11,2877.700667685883,-20.386053971719264,4.0,0.0,0
89,"[0.7571316253352183, 0.5988506638162991, 0.6385458531009636, 0.28353426632010625, 0.6181307496852578, 0.36956669018657895, 0.3799349341788377, 0.681937037573606, 0.8310576876132559, 0.6052685945074544]","[0.6423134569639611, 1.0768760939477686]",-19.99098777770996,0.02,2073.533976829782,119.76808342748106,2.0,0.0,0
90,"[0.21800593004626811, 0.3953770523791057, 0.054731143300722596, 0.3164785602685367, 0.07482644255422188, 0.25396254580418, 0.03387269818171201, 0.662682068619064, 0.720244476030497, 0.7401312499629299]","[0.6423134569639611, 1.0768760939477686]",-30.873035430908203,0.07,2547.2109537865017,118.64511945326655,3.0,0.0,0
91,"[0.21417883012053884, 0.9065322424574986, 0.3942866712901717, 0.7611131728418318, 0.08229124940952703, 0.8695515555783495, 0.6893133058623288, 0.025647897127963226, 0.562817570968351, 0.5707371869026688]","[0.6423134569639611, 1.0768760939477686]",-48.13214874267578,0.07,3486.928163913906,-69.22652875966133,3.0,0.0,0
92,"[0.006155669335288327, 0.613256681670192, 0.2906059077682427, 0.33109368071345846, 0.9314994667781543, 0.4513766078981988, 0.8026586252465906, 0.23204551611998447, 0.05919464671039454, 0.8806350809002281]","[0.6423134569639611, 1.0768760939477686]",-46.13884353637695,0.01,2992.714452080471,-43.87935080221206,3.0,0.0,0
93,"[0.6021361701813102, 0.08362765145734896, 0.12499955865727308, 0.7854702016115908, 0.4115541827996497, 0.07458742422196396, 0.9320824085782379, 0.14566874185476875, 0.3015314021630472, 0.4100234308800571]","[0.6423134569639611, 1.0768760939477686]",-51.40578842163086,0.64,3768.39583975796,-234.23620778494234,3.0,0.0,0
94,"[0.70006605596892, 0.8122050151262458, 0.29045961628587613, 0.7550132519180535, 0.6089078108765937, 0.47233225860496875, 0.4959391441876757, 0.19457688761579417, 0.2195079915141478, 0.6014041791288685]","[0.6423134569639611, 1.0768760939477686]",-27.71138572692871,0.0,2455.3192669550895,61.00720955656993,1.0,0.0,0
95,"[0.9632475898482437, 0.2075204227297318, 0.33089948499767685, 0.895368602951573, 0.2225521522559719, 0.08962073043795493, 0.6615530572198147, 0.12858287186718842, 0.7314763939923757, 0.09521030422128629]","[0.6423134569639611, 1.0768760939477686]",-40.713768005371094,0.01,3872.3654825993517,63.05103770130253,4.0,0.0,0
96,"[0.8424122866034477, 0.9295786250874855, 0.23087836206189072, 0.41791291612573434, 0.0043001907504852666, 0.5699619505238555, 0.5171815371217462, 0.13356210614198927, 0.6840174887857596, 0.3953518057604567]","[0.6423134569639611, 1.0768760939477686]",-48.61430740356445,0.01,3074.127338912807,82.1672805883054,3.0,0.0,0
97,"[0.4038284511492043, 0.1949619252207303, 0.32508812283388366, 0.8276226232184107, 0.25882907767580354, 0.6710113104026503, 0.8760714488267184, 0.8268079808374883, 0.8848800971002195, 0.8398657742651049]","[0.6423134569639611, 1.0768760939477686]",-27.955842971801758,0.11,1643.7974109435372,139.4453735146278,3.0,0.0,0
98,"[0.23050736777684355, 0.17768312108581985, 0.07519442630360906, 0.012996611642042799, 0.8380952953924874, 0.3994430020003472, 0.484130910594359, 0.9568421661505032, 0.4965961443363097, 0.13251492264908082]","[0.6423134569639611, 1.0768760939477686]",-33.00898361206055,0.92,3287.831879943534,85.64826711118621,2.0,0.0,0
99,"[0.5971018283213804, 0.7575365645348388, 0.8250134678055777, 0.5828599453946457, 0.10742835312995902, 0.5310825299332868, 0.6985947417360271, 0.79328366533945, 0.3499641877600487, 0.16381779297574706]","[0.6423134569639611, 1.0768760939477686]",-45.72307586669922,0.0,2296.342027528988,58.21565288645044,1.0,0.0,0
100,"[0.17893481367543618, 0.9160523023362551, 0.3549173343096512, 0.9051438366771739, 0.5216010403157771, 0.6403822824361347, 0.43060513768361336, 0.790518245853265, 0.17392890192963792, 0.7058801861505071]","[0.6423134569639611, 1.0768760939477686]",-35.04330062866211,0.01,2577.175372565767,-59.565759335449,3.0,0.0,0
101,"[0.7544528099368961, 0.7629282819047938, 0.7850465894645948, 0.8731312620415899, 0.9906164739262073, 0.16691335878547553, 0.7795002662751456, 0.38069524000658606, 0.07519802147902666, 0.21220747485396863]","[0.6423134569639611, 1.0768760939477686]",-26.509197235107422,0.0,2111.2364807759473,2.0231779194897967,3.0,0.0,0
102,"[0.9154312257365032, 0.0788277669398309, 0.6390262522229664, 0.5460602299006425, 0.2347801557556887, 0.18942151340566116, 0.7877266263227836, 0.13831333495607268, 0.3122556300370126, 0.5993159922695809]","[0.6423134569639611, 1.0768760939477686]",-43.269535064697266,0.16,2956.881496391276,-76.7088603590779,3.0,0.0,0
103,"[0.6782677495942577, 0.6669264467634317, 0.27844694714964746, 0.0892524905871038, 0.31914027620610325, 0.33815284273601076, 0.1283444014420535, 0.032718378196915365, 0.6779262731079507, 0.5160825876377318]","[0.6423134569639611, 1.0768760939477686]",-46.929603576660156,0.02,3232.2528685396173,-98.18774420290714,3.0,0.0,0
104,"[0.1928730888138819, 0.7742121576308749, 0.6578312583587406, 0.1602743126680698, 0.011089156722484894, 0.4165709623150299, 0.9584644009640338, 0.46157143696555086, 0.8682088082971401, 0.29770945642086144]","[0.6423134569639611, 1.0768760939477686]",-52.867000579833984,0.17,3041.1882290654225,-109.9872315337372,1.0,0.0,0
105,"[0.6200644092911385, 0.42019325992063383, 0.4619370675372407, 0.08802867680492815, 0.0018023536068190182, 0.32559277173614665, 0.49482967791705623, 0.6756392228496231, 0.4147729953774441, 0.7936549682881433]","[0.6423134569639611, 1.0768760939477686]",-20.209508895874023,0.41,2696.013460210489,-57.27310981538892,2.0,0.0,0
106,"[0.695038259718905, 0.22901416770423688, 0.27619910133959147, 0.5800284530205562, 0.7312406583584447, 0.31680416198325967, 0.7008408895008554, 0.4931103229848808, 0.18890636475445843, 0.5292563484933676]","[0.6423134569639611, 1.0768760939477686]",-32.37224197387695,0.01,2642.1028971850637,-34.669139881221554,2.0,0.0,0
107,"[0.2769821323950928, 0.11013211899741604, 0.6220697409528387, 0.3538543969406297, 0.9761006353570684, 0.200239876029345, 0.6052286552511902, 0.7647616773068313, 0.9320516675811478, 0.33597062261007826]","[0.6423134569639611, 1.0768760939477686]",-45.760353088378906,0.02,3384.37106601607,-274.8444138646229,4.0,0.0,0
108,"[0.006155669335288327, 0.6124259706560639, 0.014510789132532398, 0.38867361008275486, 0.9234289992485535, 0.4513766078981988, 0.8026586252465906, 0.2326777354591468, 0.21789518401749663, 0.8806350809002281]","[0.6423134569639611, 1.0768760939477686]",-45.133731842041016,0.01,3026.459199576602,-112.76037361545957,3.0,0.0,0
109,"[0.9002654171528618, 0.14704654594174182, 0.7411145400827215, 0.39102334322328564, 0.1637493827927065, 0.9083534610543227, 0.6483341011050769, 0.5311726585444256, 0.21961327005450232, 0.12254555540080397]","[0.6423134569639611, 1.0768760939477686]",-44.90315628051758,0.01,3210.919436347214,-159.8871636616077,3.0,0.0,0
110,"[0.774382020078661, 0.17924293587014184, 0.7724290849264078, 0.07837290492218618, 0.8953850271326209, 0.6520981168659544, 0.7317709821473292, 0.05102610832985066, 0.22217548722757652, 0.32471225339759235]","[0.6423134569639611, 1.0768760939477686]",-35.126922607421875,0.02,3651.4787626166353,-248.05685590481232,3.0,0.0,0
111,"[0.6018413187514021, 0.2431738064023764, 0.16655001165106884, 0.96536926984468, 0.42074014733127707, 0.43805238500782767, 0.7813658931947177, 0.043090690634595696, 0.03046480812489505, 0.4109544604429962]","[0.6423134569639611, 1.0768760939477686]",-45.28884506225586,0.02,3472.982615698007,-53.192385454468024,2.0,0.0,0
112,"[0.22626064259963014, 0.9065322424574986, 0.3942866712901717, 0.5786275337952457, 0.08229124940952703, 0.8695515555783495, 0.6893133058623288, 0.03312344660694125, 0.562817570968351, 0.546511198349148]","[0.6423134569639611, 1.0768760939477686]",-44.72517395019531,0.06,3663.2965570109263,-333.75734089443404,3.0,0.0,0
113,"[0.9919930979414978, 0.11013211899741604, 0.6220697409528387, 0.9849578794988072, 0.10422467280324521, 0.16222855752056586, 0.7846848998717459, 0.7621286370868309, 0.8878900062835043, 0.5663468831424338]","[0.6423134569639611, 1.0768760939477686]",-27.773954391479492,0.09,3558.4614402136813,-112.0262251955653,4.0,0.0,0
114,"[0.2045711940346034, 0.9108220921659664, 0.7464710369587361, 0.11221292406831795, 0.5930430399152067, 0.35303893215840704, 0.43070700374480275, 0.49194810938090683, 0.1583798393332061, 0.7076778979003703]","[0.6423134569639611, 1.0768760939477686]",-37.704498291015625,0.0,2590.054179519885,-40.31417238369562,2.0,0.0,0
115,"[0.5246139093708738, 0.6670282580542444, 0.6775927592283425, 0.2000038318554186, 0.9606887020277379, 0.8817710808483114, 0.6823799448443975, 0.40168496892501016, 0.4662105506947576, 0.9440260656214707]","[0.6423134569639611, 1.0768760939477686]",-46.11492919921875,0.01,2634.4545688965077,-156.37574970310817,3.0,0.0,0
116,"[0.006155669335288327, 0.6089301494485446, 0.657918891780504, 0.30762571722481846, 0.9314994667781543, 0.45267873104661105, 0.8026586252465906, 0.23204551611998447, 0.05919464671039454, 0.8984952366059773]","[0.6423134569639611, 1.0768760939477686]",-53.854583740234375,0.01,3452.920452367942,-308.8360719553068,2.0,0.0,0
117,"[0.7768482879275864, 0.9936568534146455, 0.1381690550005069, 0.46525625490881295, 0.11771307998234448, 0.9461829725207951, 0.4849152370071329, 0.024923602435105274, 0.0763549914853281, 0.23483907948984994]","[0.6423134569639611, 1.0768760939477686]",-37.90608215332031,0.0,3178.616304329575,-99.51286038756263,4.0,0.0,0
118,"[0.7052233504960224, 0.9421208694705342, 0.6390262522229664, 0.6137004588671382, 0.2992382015466162, 0.4703528869424145, 0.7281488912402777, 0.6596072674909493, 0.9172632996428407, 0.5993159922695809]","[0.6423134569639611, 1.0768760939477686]",-37.879852294921875,0.0,2128.9720504473134,-82.15927836834311,1.0,0.0,0
119,"[0.056082995550020165, 0.14789835063255927, 0.4341822332207885, 0.2761890841144885, 0.5982968449905018, 0.5548159446855421, 0.11558108143823781, 0.3050419316966024, 0.9478674752480446, 0.13159505216187373]","[0.6423134569639611, 1.0768760939477686]",-41.24797439575195,0.09,3115.774119636654,-145.96805243722417,4.0,0.0,0
120,"[0.9481096698230396, 0.4388719218677325, 0.6442476693303388, 0.5149392859956807, 0.8113037959166342, 0.505794352818757, 0.7854340014599015, 0.2005303566832357, 0.013277862287368616, 0.5424458861963711]","[0.6423134569639611, 1.0768760939477686]",-30.321489334106445,0.0,2583.058470918456,15.951624234265523,2.0,0.0,0
121,"[0.1744255779749525, 0.850551259756355, 0.8769534175605986, 0.3899578645595857, 0.6661810830085102, 0.7187932050275267, 0.978579145673998, 0.624543520504424, 0.10011927407187826, 0.32151551530824796]","[0.6423134569639611, 1.0768760939477686]",-45.65445327758789,0.02,3162.6351694655004,-337.9930690392466,3.0,0.0,0
122,"[0.20785494157193374, 0.5675652419333407, 0.9254482881656896, 0.8533136562599993, 0.8114328725032335, 0.3147011025248536, 0.9578419522589532, 0.07389597584523522, 0.16782365513224518, 0.2963472178481993]","[0.6423134569639611, 1.0768760939477686]",-45.47809600830078,0.01,2838.364254045908,54.61759097338293,4.0,0.0,0
123,"[0.4171774343880905, 0.46197737356905666, 0.7464710369587361, 0.11221292406831795, 0.6413063486963542, 0.35278654389787456, 0.37060239316923743, 0.4970226157004175, 0.13030036779997126, 0.30010047834904324]","[0.6423134569639611, 1.0768760939477686]",-40.540985107421875,0.0,2384.6040783918957,171.64674266213405,1.0,0.0,0
124,"[0.6591427824280593, 0.13030299705864384, 0.9457126832221621, 0.7419162010314087, 0.5188425026467328, 0.17072977658825428, 0.7004790333242462, 0.8796672522975737, 0.9862118406572806, 0.7744687729754793]","[0.6423134569639611, 1.0768760939477686]",-43.15569305419922,0.02,2812.5866070937004,-131.27426273943502,3.0,0.0,0
125,"[0.6050955739313985, 0.9455200741396721, 0.12499955865727308, 0.8120491829064236, 0.4100372332472955, 0.06967185640704558, 0.9320824085782379, 0.6669760627378872, 0.9063321743765198, 0.4100234308800571]","[0.6423134569639611, 1.0768760939477686]",-51.88753128051758,0.02,2985.45186001491,25.448657898839258,2.0,0.0,0
126,"[0.008974165546112411, 0.8664343161662825, 0.48910287568741073, 0.2899228836102795, 0.36295680311699163, 0.2030974028229966, 0.5694728969947693, 0.36880428868132864, 0.5556731432621049, 0.43523470740661496]","[0.6423134569639611, 1.0768760939477686]",-46.42243194580078,0.0,2814.6379214179924,17.248515302238445,1.0,0.0,0
127,"[0.5356461682084351, 0.46188359707756765, 0.8724816474272455, 0.9051507074391362, 0.28879164900942544, 0.5701726689864565, 0.5770798329599061, 0.6224579250413563, 0.17791419839100442, 0.35622164118008504]","[0.6423134569639611, 1.0768760939477686]",-35.10107421875,0.0,2751.117942594343,128.52580069296317,1.0,0.0,0
128,"[0.5208230714791346, 0.49995502241119394, 0.9126840292960376, 0.548160558322963, 0.7300645778190835, 0.37309620887195327, 0.09344593349461805, 0.9897361675845034, 0.3597288662064036, 0.3142381312178827]","[0.6423134569639611, 1.0768760939477686]",-37.46337890625,0.0,2453.9122166225256,201.28276874871773,4.0,0.0,0
129,"[0.7187909676977765, 0.8829550574247896, 0.2510424636077798, 0.8820921021286229, 0.6629613377688489, 0.7158093667127859, 0.9796258488514935, 0.6283084586743911, 0.07962933757560675, 0.34074223144084614]","[0.6423134569639611, 1.0768760939477686]",-49.58354949951172,0.01,2943.6598048655196,-265.8670293561654,2.0,0.0,0
130,"[0.9912943438438682, 0.7974623155214327, 0.34510057866729216, 0.564256433032479, 0.9190953882968178, 0.8365573255295121, 0.9173985685761757, 0.9219555927634692, 0.43435958206006886, 0.5603904286218537]","[0.6423134569639611, 1.0768760939477686]",-41.54142379760742,0.02,2382.776401325203,-98.02095041302795,2.0,0.0,0
131,"[0.20557265759667276, 0.1788852341505619, 0.2607123411513197, 0.271688173814947, 0.5960168440913607, 0.5513756583147158, 0.41628477156613086, 0.2811280173975894, 0.8646911168444855, 0.1775164934316158]","[0.6423134569639611, 1.0768760939477686]",-26.550325393676758,0.02,2323.190285692017,22.49941285912587,1.0,0.0,0
132,"[0.18301541483209494, 0.5118814273652947, 0.8661594133809193, 0.5377944816645109, 0.09455227137210058, 0.8418955837519252, 0.8851177060251493, 0.19075652266110543, 0.507595949596381, 0.7462366914658773]","[0.6423134569639611, 1.0768760939477686]",-33.368186950683594,0.07,2547.661213971416,34.84662423066558,2.0,0.0,0
133,"[0.8142430618716505, 0.6426894231780176, 0.771308769568134, 0.6068143810342034, 0.6283478623630906, 0.13476145162112996, 0.4155043818203752, 0.789304521972085, 0.8470177674197907, 0.8760299915579082]","[0.6423134569639611, 1.0768760939477686]",-31.456552505493164,0.0,1881.6312610762614,191.78340345716126,2.0,0.0,0
134,"[0.5545773904571408, 0.08107994080266612, 0.36485836765026713, 0.7854702016115908, 0.11128446143299298, 0.074703250533283, 0.9320824085782379, 0.14566874185476875, 0.3015314021630472, 0.4648815014324402]","[0.6423134569639611, 1.0768760939477686]",-45.485008239746094,0.67,3302.777459900148,-85.59191336593557,3.0,0.0,0
135,"[0.6839133143624231, 0.2615530463118, 0.22789197890735768, 0.7625140920623992, 0.7312406583584447, 0.3138203272623701, 0.6777363911443671, 0.49644498430612005, 0.18890636475445843, 0.5727090531781511]","[0.6423134569639611, 1.0768760939477686]",-31.25888442993164,0.01,2647.2927867066155,6.026059109227106,1.0,0.0,0
136,"[0.20941612123621955, 0.7974623155214327, 0.34510057866729216, 0.5633773745025455, 0.9004495990042221, 0.8746240571921795, 0.558955122625817, 0.9468197909796484, 0.43276273961995204, 0.3193418039018624]","[0.6423134569639611, 1.0768760939477686]",-45.213966369628906,0.07,2575.8409173314226,-4.157631145781522,3.0,0.0,0
137,"[0.5542825390272328, 0.1341557562664436, 0.36528505670346056, 0.3233781870795181, 0.9806731798291791, 0.4381450103309691, 0.9126047631561762, 0.043090690634595696, 0.07983639530861786, 0.4623462066889328]","[0.6423134569639611, 1.0768760939477686]",-35.49753952026367,0.39,3461.4005029591976,159.10862967170658,3.0,0.0,0
138,"[0.4181788980898486, 0.26268325844768114, 0.02094484416240605, 0.27068090144591017, 0.5050497630446189, 0.5515923867729855, 0.2671176545454089, 0.28683474305998047, 0.8871702894861664, 0.12884283000254915]","[0.6423134569639611, 1.0768760939477686]",-37.34607696533203,0.02,2715.9577186882925,-152.23125945031262,3.0,0.0,0
139,"[0.31116668914687634, 0.3948712988476515, 0.48161969309681796, 0.8224829558914837, 0.43531315595064457, 0.43091206068443144, 0.012840482366806572, 0.3651808011323914, 0.5940070373870177, 0.29155348501679845]","[0.6423134569639611, 1.0768760939477686]",-28.01832389831543,0.0,2462.0295004042964,107.0371143660989,2.0,0.0,0
140,"[0.16146904266095086, 0.4662101292992146, 0.2746046125598136, 0.9051507074391362, 0.28879164900942544, 0.5481694346863469, 0.6720114662415054, 0.47870330593192534, 0.17791419839100442, 0.43243755623884944]","[0.6423134569639611, 1.0768760939477686]",-34.25837707519531,0.01,2592.882629168814,171.34737101675572,0.0,0.0,0
141,"[0.6576467600079774, 0.7770490207042496, 0.9421656316593494, 0.8731312620415899, 0.993906309433891, 0.16691335878547553, 0.707939246248512, 0.38069524000658606, 0.09368549297431539, 0.21220747485396863]","[0.6423134569639611, 1.0768760939477686]",-13.048542976379395,0.0,2220.5894023646347,-30.023933099419025,2.0,0.0,0
142,"[0.9132391336263425, 0.8122050151262458, 0.30150450668036366, 0.7578455988713217, 0.6089078108765937, 0.19023653875149005, 0.4959391441876757, 0.19457688761579417, 0.2195079915141478, 0.6014041791288685]","[0.6423134569639611, 1.0768760939477686]",-35.86640167236328,0.0,2670.8777467206573,-11.541418385258112,1.0,0.0,0
143,"[0.7332236760336273, 0.47324522682326287, 0.8880321199869642, 0.7143753415908921, 0.5220921065907778, 0.14138651307888908, 0.6461253634971851, 0.8795112388551989, 0.9943865120521964, 0.7971070576637819]","[0.6423134569639611, 1.0768760939477686]",-43.20444869995117,0.0,2199.4403043210564,-12.475298201527266,1.0,0.0,0
144,"[0.23888759385814246, 0.5684336040000336, 0.9363122242578448, 0.8533136562599993, 0.8757889281497667, 0.3351350375860954, 0.9578419522589532, 0.07389597584523522, 0.17132573227526637, 0.2963472178481993]","[0.6423134569639611, 1.0768760939477686]",-40.045372009277344,0.01,2892.5238929071074,40.29274016016072,4.0,0.0,0
145,"[0.7264287572292057, 0.5118814273652947, 0.2557525587026296, 0.7488997629994762, 0.09440397710672199, 0.8418955837519252, 0.8861597435318666, 0.19316997569865946, 0.5053363636464079, 0.08535616172648453]","[0.6423134569639611, 1.0768760939477686]",-41.41529083251953,0.01,2608.5188518936743,-71.42107970165517,3.0,0.0,0
146,"[0.026605986119445146, 0.49995502241119394, 0.9047040725533528, 0.05873521751558297, 0.7300645778190835, 0.3179098449011164, 0.5744694027990156, 0.9976508997702432, 0.6822193143128279, 0.3142381312178827]","[0.6423134569639611, 1.0768760939477686]",-50.58957290649414,0.02,3272.57208827635,-326.9557380807204,3.0,0.0,0
147,"[0.0465527121887415, 0.4736051880661374, 0.43134781517131493, 0.24864819916465264, 0.3239602963551529, 0.93739520458476, 0.039635381754896004, 0.3049191826586233, 0.9302937489130779, 0.15934498658033536]","[0.6423134569639611, 1.0768760939477686]",-43.846736907958984,0.99,2743.8696221858154,-49.49291168233185,5.0,0.0,0
148,"[0.5113377867009253, 0.8647679793230478, 0.4875580786370386, 0.29526571288950065, 0.3657350555800003, 0.21173222173327602, 0.08851714490767268, 0.32195558973623317, 0.3548417006866861, 0.43523470740661496]","[0.6423134569639611, 1.0768760939477686]",-11.19770622253418,0.0,2431.680312978536,73.82456202937442,3.0,0.0,0
149,"[0.029822785614190342, 0.9994364677711847, 0.43415787185832555, 0.010231902156670136, 0.6053359868365159, 0.5257387015258722, 0.7492493678897392, 0.5914192820348003, 0.10844932301271404, 0.3749380204893513]","[0.6423134569639611, 1.0768760939477686]",-51.6381721496582,0.01,3526.9779229331607,-207.9654586480117,4.0,0.0,0
150,"[0.18301541483209494, 0.5118814273652947, 0.8573010008865969, 0.7393930252460166, 0.62325602047909, 0.7197799860780965, 0.8851177060251493, 0.18831644158094527, 0.09733129525642661, 0.3170690357865544]","[0.6423134569639611, 1.0768760939477686]",-48.008697509765625,0.02,2627.204458824845,3.7833385828892006,2.0,0.0,0
151,"[0.18008113296031092, 0.8922324180921599, 0.74459467061001, 0.9051438366771739, 0.683794309764355, 0.6399131657151546, 0.3691527332846495, 0.7847986250643324, 0.19610932151009697, 0.7139908850045107]","[0.6423134569639611, 1.0768760939477686]",-37.30757141113281,0.01,2480.6293749371366,96.4521713086512,2.0,0.0,0
152,"[0.6021361701813102, 0.06381104949345517, 0.12499955865727308, 0.8678248882474383, 0.9943762425975213, 0.07458742422196396, 0.9320824085782379, 0.1389392846512239, 0.30406378795408256, 0.42155675174153867]","[0.6423134569639611, 1.0768760939477686]",-46.1453971862793,0.78,3909.0624530341015,-35.80416486806797,4.0,0.0,0
153,"[0.19281151376428904, 0.47231762851608994, 0.6642153777514239, 0.8997073457868903, 0.28654059915419244, 0.3175597722041284, 0.1283444014420535, 0.032718378196915365, 0.6779262731079507, 0.5160825876377318]","[0.6423134569639611, 1.0768760939477686]",-41.021785736083984,0.0,3133.990247269501,-105.33645484571781,2.0,0.0,0
154,"[0.6571914952954513, 0.7770490207042496, 0.9421656316593494, 0.8731312620415899, 0.09496150719171131, 0.16691335878547553, 0.7825153662907529, 0.3799259453994694, 0.09368549297431539, 0.17939178023290528]","[0.6423134569639611, 1.0768760939477686]",-46.73786544799805,0.0,3072.8018789037005,-128.02654641474044,2.0,0.0,0
155,"[0.03189298285471859, 0.49782001731606385, 0.9047040725533528, 0.08962417581982046, 0.0037726636050046114, 0.318227835676724, 0.4957366614293145, 0.9976508997702432, 0.4063346612706812, 0.3142381312178827]","[0.6423134569639611, 1.0768760939477686]",-45.83409118652344,0.0,2374.1981960310177,204.66390961511172,2.0,0.0,0
156,"[0.9002654171528618, 0.14704654594174182, 0.6478938349070454, 0.4818927958698941, 0.1320363000807402, 0.1410577693693621, 0.7875623195532738, 0.5311726585444256, 0.2417908343945735, 0.5869620493109068]","[0.6423134569639611, 1.0768760939477686]",-43.269535064697266,0.06,3337.142543701737,-83.26509656392693,3.0,0.0,0
157,"[0.27897881875637287, 0.9085980375151786, 0.012857887744930352, 0.7536686639113002, 0.07824331249410804, 0.6767100406520498, 0.0347623877672098, 0.6043157467736379, 0.6017130404243064, 0.89045910829968]","[0.6423134569639611, 1.0768760939477686]",-42.23869323730469,0.46,3542.254763222845,-207.6489073511638,3.0,0.0,0
158,"[0.609047998025799, 0.23764457303548314, 0.6390262522229664, 0.9574311355534085, 0.2347801557556887, 0.18942151340566116, 0.7877187070225224, 0.13584030273647216, 0.3122556300370126, 0.4328860388389379]","[0.6423134569639611, 1.0768760939477686]",-44.669830322265625,0.02,2873.475367684942,149.67200788877017,1.0,0.0,0
159,"[0.695038259718905, 0.2221740419265556, 0.8904361304028547, 0.7169599140816738, 0.7376659477306434, 0.31680416198325967, 0.7008408895008554, 0.4931103229848808, 0.18890636475445843, 0.5311925678754856]","[0.6423134569639611, 1.0768760939477686]",-29.659719467163086,0.01,2670.698524966008,35.7306932218101,3.0,0.0,0
160,"[0.1928730888138819, 0.9380768125398586, 0.6388824807466811, 0.1602743126680698, 0.011089156722484894, 0.49380306233066207, 0.7322290512115913, 0.46157143696555086, 0.8576133468521416, 0.29770945642086144]","[0.6423134569639611, 1.0768760939477686]",-52.28257751464844,0.15,3229.0320667497895,-193.64768811018422,1.0,0.0,0
161,"[0.774382020078661, 0.9100174402141343, 0.8232156897588215, 0.9029417225800044, 0.8953850271326209, 0.6487856218998338, 0.7301579384220278, 0.05102610832985066, 0.2191596344968015, 0.32471225339759235]","[0.6423134569639611, 1.0768760939477686]",-13.356208801269531,0.0,2056.7122655098638,75.6304776042335,2.0,0.0,0
162,"[0.6376365437397323, 0.613256681670192, 0.29301296631483825, 0.33109368071345846, 0.9314994667781543, 0.4513766078981988, 0.8018633794894428, 0.23204551611998447, 0.05919464671039454, 0.8806350809002281]","[0.6423134569639611, 1.0768760939477686]",-33.050437927246094,0.0,2568.6724920919264,-42.99028852477994,2.0,0.0,0
163,"[0.12016143031826065, 0.5118814273652947, 0.8573010008865969, 0.3995968392250302, 0.05855432012728723, 0.8418955837519252, 0.978766022952141, 0.626818744358473, 0.5257783000795696, 0.08535616172648453]","[0.6423134569639611, 1.0768760939477686]",-57.50112533569336,0.21,3376.34303730938,-439.56551402745697,1.0,0.0,0
164,"[0.026479416543270608, 0.6089301494485446, 0.657918891780504, 0.2386239616351371, 0.730012786817945, 0.45011103540144826, 0.5823018655831997, 0.9998075879010719, 0.690474519009918, 0.24131085268594354]","[0.6423134569639611, 1.0768760939477686]",-45.81959915161133,0.01,2612.021516725479,-282.31642902317196,2.0,0.0,0
165,"[0.9912943438438682, 0.7974623155214327, 0.3363961303497924, 0.564256433032479, 0.9137873682625187, 0.1510536837191775, 0.9173985685761757, 0.8805979593420071, 0.343089478983548, 0.5678876336072238]","[0.6423134569639611, 1.0768760939477686]",-40.28749084472656,0.02,2989.7765775214343,-361.9279223515149,2.0,0.0,0
166,"[0.16146904266095086, 0.46188359707756765, 0.5725449726129346, 0.9051507074391362, 0.28879164900942544, 0.5494715578347591, 0.5770798329599061, 0.49866886134850175, 0.17791419839100442, 0.35622164118008504]","[0.6423134569639611, 1.0768760939477686]",-33.922142028808594,0.01,2735.1261783017953,25.960102944848302,1.0,0.0,0
167,"[0.42028219338670536, 0.9108220921659664, 0.27283576380117336, 0.10939462638567352, 0.5101225863270002, 0.3532556606165881, 0.43070700374480275, 0.49704278440447325, 0.18821863669594308, 0.7076778979003703]","[0.6423134569639611, 1.0768760939477686]",-30.284807205200195,0.0,2919.8079913139236,-91.24569377093297,2.0,0.0,0
168,"[0.6532192118272528, 0.7873820950191337, 0.9329443568753558, 0.9057988055583939, 0.987749186524368, 0.16691335878547553, 0.7825153662907529, 0.3930374150724054, 0.09118292751038692, 0.23187162527781952]","[0.6423134569639611, 1.0768760939477686]",-12.83254623413086,0.0,2234.4617057616006,-19.357924966284713,3.0,0.0,0
169,"[0.7332236760336273, 0.47324522682326287, 0.8333078905381964, 0.7143753415908921, 0.5220921065907778, 0.2832454267082888, 0.6461253634971851, 0.8795112388551989, 0.9943865120521964, 0.7971070576637819]","[0.6423134569639611, 1.0768760939477686]",-29.634765625,0.0,1925.737551387794,-12.475298201527266,1.0,0.0,0
170,"[0.6557960559218892, 0.6685927884100901, 0.28513160057206943, 0.08287768397365466, 0.902443443444944, 0.3291146314673807, 0.6989285840724063, 0.3981149467685225, 0.5547696198165065, 0.550696255987012]","[0.6423134569639611, 1.0768760939477686]",-52.07948684692383,0.01,2700.2303007756964,-174.37367683447803,2.0,0.0,0
171,"[0.695038259718905, 0.22901416770423688, 0.2675715066193093, 0.5978409860805979, 0.7312406583584447, 0.31680416198325967, 0.7008408895008554, 0.4931103229848808, 0.18890636475445843, 0.5292563484933676]","[0.6423134569639611, 1.0768760939477686]",-32.37224197387695,0.01,2652.0486676745672,-15.730380742710622,2.0,0.0,0
172,"[0.9132391336263425, 0.7791950413223185, 0.30150450668036366, 0.7578455988713217, 0.9924322476126459, 0.16690543389527482, 0.428544216710653, 0.3863289382456774, 0.2122341643702913, 0.5496515925954791]","[0.6423134569639611, 1.0768760939477686]",-36.65470504760742,0.0,2894.8062791147727,-17.78036548205739,3.0,0.0,0
173,"[0.9183968578705968, 0.9421208694705342, 0.6371024655819124, 0.09094000335668026, 0.23326320620013874, 0.188257161102365, 0.7877266263227836, 0.6599286384997065, 0.9167952212740077, 0.5993159922695809]","[0.6423134569639611, 1.0768760939477686]",-32.419921875,0.51,3421.1290723161605,-299.17643132736885,2.0,0.0,0
174,"[0.7178343572828981, 0.850551259756355, 0.2754808528630017, 0.3994646077686477, 0.1372868551722287, 0.8409088026986203, 0.9796258488514935, 0.6331624843639783, 0.508125003041171, 0.08980323054651848]","[0.6423134569639611, 1.0768760939477686]",-42.584320068359375,0.0,2586.8599976911737,-41.474033927530115,1.0,0.0,0
175,"[0.6959948701337834, 0.4073014678883986, 0.22789197890735768, 0.5800284530205562, 0.7312406583584447, 0.3138203272623701, 0.7008408895008554, 0.4931103229848808, 0.18890636475445843, 0.5484830646246303]","[0.6423134569639611, 1.0768760939477686]",-32.37224197387695,0.0,2472.6993798067097,-32.07318548538768,1.0,0.0,0
176,"[0.4160311166652917, 0.4858295803510528, 0.3567936908214058, 0.11221292406831795, 0.47265136901421245, 0.3532556606165881, 0.4320547975682013, 0.4970226157004175, 0.1268760779065603, 0.2919897784802193]","[0.6423134569639611, 1.0768760939477686]",-18.82448387145996,0.0,2263.942715136415,112.96341305380327,2.0,0.0,0
177,"[0.6576467600079774, 0.7983154780397117, 0.9588538565033267, 0.7907765754053125, 0.39440650076508604, 0.16691335878547553, 0.707939246248512, 0.3874247347666655, 0.09115332812314662, 0.2006741543938123]","[0.6423134569639611, 1.0768760939477686]",-31.478004455566406,0.0,2530.3670535106016,-3.29210248824117,2.0,0.0,0
178,"[0.6469282667430869, 0.6564924153246584, 0.25614918396979225, 0.09478457318233802, 0.3213913260613362, 0.5491464099773788, 0.5770798329599061, 0.49866886134850175, 0.17791419839100442, 0.35622164118008504]","[0.6423134569639611, 1.0768760939477686]",-38.5891227722168,0.0,2254.9065033954275,202.79149738337958,1.0,0.0,0
179,"[0.5547378037397589, 0.16223105225673895, 0.36528505670346056, 0.96536926984468, 0.9929900166558485, 0.4381450103309691, 0.7813658931947177, 0.04399902074436465, 0.03046480812489505, 0.45789259640074265]","[0.6423134569639611, 1.0768760939477686]",-35.05234909057617,0.02,3982.4207622837835,-461.85835568786626,3.0,0.0,0
180,"[0.6172525869309455, 0.4223282650157639, 0.4619370675372407, 0.05713971850072114, 0.7588620627492972, 0.325274780960539, 0.5735624192867573, 0.6756392228496231, 0.690657648355249, 0.7936549682881433]","[0.6423134569639611, 1.0768760939477686]",-37.72157287597656,0.04,2390.7075504418126,69.51490705193646,2.0,0.0,0
181,"[0.8859386138955979, 0.9421208694705342, 0.7322469573986421, 0.34829503262144007, 0.2311741140172496, 0.903955910162693, 0.6484984078741649, 0.6596072674909493, 0.842792631471859, 0.13490876222193812]","[0.6423134569639611, 1.0768760939477686]",-44.493309020996094,0.01,3106.3263100514,-98.27601150714844,2.0,0.0,0
182,"[0.233033899994215, 0.48527294862214776, 0.3942866712901717, 0.49892784094395737, 0.5681846422450121, 0.8695515555783495, 0.7530232903890383, 0.025647897127963226, 0.5624866518844457, 0.5670887473226534]","[0.6423134569639611, 1.0768760939477686]",-29.23163414001465,0.06,2408.5622358074215,136.31859537119325,3.0,0.0,0
183,"[0.9082198430699063, 0.08435705109332114, 0.1745989603033173, 0.5534392698070697, 0.432746338206524, 0.43805238500782767, 0.781373812494979, 0.045563769723832276, 0.03046480812489505, 0.5585110612512393]","[0.6423134569639611, 1.0768760939477686]",-43.8885498046875,0.14,3971.129797388725,-379.8954814275171,3.0,0.0,0
184,"[0.7332236760336273, 0.48008535329919133, 0.27371198468611385, 0.6338535821847718, 0.5220921065907778, 0.14138651307888908, 0.6461253634971851, 0.8795112388551989, 0.9943865120521964, 0.7951708366715603]","[0.6423134569639611, 1.0768760939477686]",-37.05858612060547,0.02,2155.256095927933,-6.083970055525015,3.0,0.0,0
185,"[0.7052233504960224, 0.7782556473954472, 0.6599361956879075, 0.6137004588671382, 0.2992382015466162, 0.41687457302233644, 0.9543590586238266, 0.6596072674909493, 0.9172632996428407, 0.6630049100801856]","[0.6423134569639611, 1.0768760939477686]",-37.41177749633789,0.01,2000.3943674479747,-29.13824356780242,2.0,0.0,0
186,"[0.7187909676977765, 0.15159699171264646, 0.20024834521104645, 0.059382475195789874, 0.6629613377688489, 0.7191218616789065, 0.9807537257426998, 0.6283084586743911, 0.08264520338820443, 0.34074223144084614]","[0.6423134569639611, 1.0768760939477686]",-49.04172134399414,0.54,3612.789951595859,-340.9729448491976,2.0,0.0,0
187,"[0.004562738922198328, 0.2431738064023764, 0.16414295310913551, 0.96536926984468, 0.42074014733127707, 0.43805238500782767, 0.7821611389518657, 0.043090690634595696, 0.03046480812489505, 0.4109544604429962]","[0.6423134569639611, 1.0768760939477686]",-56.7657470703125,0.02,4025.0592667827204,-433.8101801140955,3.0,0.0,0
188,"[0.7808245693631553, 0.850551259756355, 0.2754808528630017, 0.7392607956370342, 0.7032709556796919, 0.7187932050275267, 0.8859728473842685, 0.19465994860829625, 0.07962933757560675, 0.32151551530824796]","[0.6423134569639611, 1.0768760939477686]",-43.06690979003906,0.0,2598.5859393946116,-49.89304562172924,2.0,0.0,0
189,"[0.0062824066033361145, 0.49995502241119394, 0.9047040725533528, 0.05873521751558297, 0.93155046382515, 0.32047754054628075, 0.7948261621128085, 0.17818301678268877, 0.05215850162093383, 0.9655735845485338]","[0.6423134569639611, 1.0768760939477686]",-60.31640625,0.0,3869.1169765600644,-203.65858655909597,4.0,0.0,0
190,"[0.7559488323569789, 0.11610473609591099, 0.8966560791332876, 0.7419162010314087, 0.5273746714165003, 0.8562179903342186, 0.6974639333086391, 0.9210248857190243, 0.9999110577533858, 0.7744687729754793]","[0.6423134569639611, 1.0768760939477686]",-27.203157424926758,0.02,1810.540687082169,11.374683399424214,2.0,0.0,0
191,"[0.733630027769501, 0.2615530463118, 0.7015274074910582, 0.5828666991424494, 0.7312406583584447, 0.3138203272623701, 0.7008408895008554, 0.49309015428082503, 0.12756380596508032, 0.5484830646246303]","[0.6423134569639611, 1.0768760939477686]",-34.82647705078125,0.01,2510.4920425759688,147.23607532456157,1.0,0.0,0
192,"[0.18336332708444808, 0.9057192222214514, 0.36363042700850257, 0.8724762931603698, 0.5218711528414781, 0.6403822824361347, 0.43060513768361336, 0.7781759941965946, 0.17392890192963792, 0.6862163574654073]","[0.6423134569639611, 1.0768760939477686]",-34.48612594604492,0.01,2564.017320799605,-53.03202094746695,3.0,0.0,0
193,"[0.7768482879275864, 0.9936568534146455, 0.1381690550005069, 0.46525625490881295, 0.11771307998234448, 0.9461829725207951, 0.4849152370071329, 0.024923602435105274, 0.10075314886171349, 0.23483907948984994]","[0.6423134569639611, 1.0768760939477686]",-37.196693420410156,0.0,3161.978569957252,-99.51286038756263,4.0,0.0,0
194,"[0.5246139093708738, 0.6670282580542444, 0.6724529063606611, 0.20164802407962723, 0.28798558152369413, 0.8907449652253354, 0.11187966698156931, 0.0367104909421089, 0.4662105506947576, 0.909275518644669]","[0.6423134569639611, 1.0768760939477686]",-37.711585998535156,0.03,2615.401726211087,126.39349097245787,2.0,0.0,0
195,"[0.6576467600079774, 0.8100589945081769, 0.9421656316593494, 0.8731312620415899, 0.6050853618537267, 0.19024446364169076, 0.707939246248512, 0.18894318955989942, 0.09368549297431539, 0.26313420083625394]","[0.6423134569639611, 1.0768760939477686]",-14.406553268432617,0.0,2231.1090892515044,102.22746086201226,1.0,0.0,0
196,"[0.6415186189738705, 0.42019325992063383, 0.4638608541782813, 0.5431877823905458, 0.0018023536068190182, 0.32559277173614665, 0.49482967791705623, 0.6753178518408658, 0.41515840443896823, 0.7936549682881433]","[0.6423134569639611, 1.0768760939477686]",-36.999576568603516,0.41,2302.716006770193,30.323294918511664,2.0,0.0,0
197,"[0.18520899170071994, 0.5120192132783659, 0.8605829018734318, 0.2000038318554186, 0.9606887020277379, 0.8820545172473442, 0.8632484066717874, 0.1917007109852802, 0.5257418895104362, 0.9440260656214707]","[0.6423134569639611, 1.0768760939477686]",-46.09526443481445,0.15,3365.655461621668,-293.57932400520497,3.0,0.0,0
198,"[0.16053454534472866, 0.5710330397718435, 0.014510789132532398, 0.38867361008275486, 0.9234289992485535, 0.4513766078981988, 0.8018924119369621, 0.2326777354591468, 0.2183778008466074, 0.8764255676178839]","[0.6423134569639611, 1.0768760939477686]",-35.20250701904297,0.0,2930.2737818234777,-186.27550679612216,3.0,0.0,0
199,"[0.5224203783224377, 0.7125189311497802, 0.6743108564097503, 0.3995968392250302, 0.09751514963535424, 0.8416121473528922, 0.6868217935860692, 0.40315423389619875, 0.5506893563501877, 0.08535616172648453]","[0.6423134569639611, 1.0768760939477686]",-48.92981719970703,0.0,2770.039309688372,-156.57581732855135,3.0,0.0,0
200,"[0.7321813719581505, 0.8240151573095804, 0.369803891083072, 0.5661156383514602, 0.9137873682625187, 0.1410068258952334, 0.9161028785455432, 0.8805979593420071, 0.35271182655857797, 0.5678876336072238]","[0.6423134569639611, 1.0768760939477686]",-46.60576248168945,0.02,2693.2976924469904,-196.4398487309175,1.0,0.0,0
201,"[0.6577447451730349, 0.8415800695981336, 0.9630252535484828, 0.7644988170019328, 0.39440650076508604, 0.7363476758235374, 0.707939246248512, 0.6295274712895582, 0.09231226754963193, 0.3229605665752494]","[0.6423134569639611, 1.0768760939477686]",-43.23903274536133,0.0,2662.764096206666,11.070542757069205,1.0,0.0,0
202,"[0.2180229817162975, 0.46132319057126303, 0.6579066612999667, 0.1602743126680698, 0.0005231035158509145, 0.5552591201643814, 0.9521768168359381, 0.46579184740021057, 0.86227500342325, 0.35913611979249044]","[0.6423134569639611, 1.0768760939477686]",-13.409698486328125,0.16,2646.858210540729,-236.1049320589359,2.0,0.0,0
203,"[0.6959969272950265, 0.4073014678883986, 0.23142715024566024, 0.5800284530205562, 0.7312406583584447, 0.31715282558729785, 0.7008408895008554, 0.4931103229848808, 0.18890636475445843, 0.5292387730815562]","[0.6423134569639611, 1.0768760939477686]",-32.37224197387695,0.0,2450.1408547565798,-36.17068547348157,1.0,0.0,0
204,"[0.7052233504960224, 0.480811054985731, 0.6599361956879075, 0.6137004588671382, 0.2958105846745714, 0.41687457302233644, 0.9636770292915917, 0.6596072674909493, 0.9177524997689995, 0.7994378320384425]","[0.6423134569639611, 1.0768760939477686]",-23.617671966552734,0.02,1764.7103120862712,17.667255188727722,4.0,0.0,0
205,"[0.6576467600079774, 0.27155561576645515, 0.9421656316593494, 0.7398283482535795, 0.993906309433891, 0.31353978048271924, 0.700950079989675, 0.48173998082901026, 0.09368549297431539, 0.21620351609262978]","[0.6423134569639611, 1.0768760939477686]",-32.58264923095703,0.01,3103.7425407338364,-139.1827485455803,2.0,0.0,0
206,"[0.7221995959006657, 0.850551259756355, 0.2754808528630017, 0.7404558507418402, 0.7032709556796919, 0.7157946256180645, 0.8859728473842685, 0.20992251836316064, 0.07962933757560675, 0.3061457892392292]","[0.6423134569639611, 1.0768760939477686]",-46.23457336425781,0.0,2622.9209856142093,-103.25369685713912,2.0,0.0,0
207,"[0.7285445973809179, 0.5091036158757944, 0.8668763655007132, 0.3995968392250302, 0.6671622596028892, 0.8418955837519252, 0.978766022952141, 0.6268196194587053, 0.10757951438829674, 0.3422915376305501]","[0.6423134569639611, 1.0768760939477686]",-40.47283935546875,0.01,2291.6613024351313,-174.19779128741243,3.0,0.0,0
208,"[0.4071323016288183, 0.8438417366005686, 0.27839868855546035, 0.10939462638567352, 0.5101225863270002, 0.3532556606165881, 0.43070700374480275, 0.49704278440447325, 0.18821863669594308, 0.7076778979003703]","[0.6423134569639611, 1.0768760939477686]",-32.681304931640625,0.0,2787.3016552088516,-69.65516026154256,2.0,0.0,0
209,"[0.2045711940346034, 0.9108220921659664, 0.7464710369587361, 0.11799025346410469, 0.5875391279173967, 0.3724745953485288, 0.39062548293807386, 0.9884794047075001, 0.1583798393332061, 0.7076778979003703]","[0.6423134569639611, 1.0768760939477686]",-48.67026901245117,0.0,2753.2430967712457,-132.8944919361004,2.0,0.0,0
210,"[0.026479416543270608, 0.6063119620769528, 0.657918891780504, 0.75871341034191, 0.730012786817945, 0.447125416389392, 0.48357354113270734, 0.20159782848681213, 0.690474519009918, 0.24131085268594354]","[0.6423134569639611, 1.0768760939477686]",-44.28989028930664,0.01,2659.684003548229,114.82089464754512,1.0,0.0,0
211,"[0.5670497583644489, 0.46979635179492274, 0.8883324354829337, 0.1602743126680698, 0.023632428671776062, 0.4165709623150299, 0.9584644009640338, 0.6209354652000495, 0.9470620833116628, 0.2976955381842428]","[0.6423134569639611, 1.0768760939477686]",-54.03532791137695,0.42,3290.128999009667,-264.2148209282992,3.0,0.0,0
212,"[0.6576467600079774, 0.7743424011004754, 0.6632371754673915, 0.8731312620415899, 0.993906309433891, 0.16691335878547553, 0.7825153662907529, 0.4620030540598343, 0.09368549297431539, 0.2351566749028886]","[0.6423134569639611, 1.0768760939477686]",-21.72751235961914,0.0,2284.277053382666,-58.01798952369211,1.0,0.0,0
213,"[0.7323918410749024, 0.9421208694705342, 0.8336549063731653, 0.6137004588671382, 0.524541935288275, 0.4661271646541222, 0.7266342360347366, 0.6571418244237661, 0.9172632996428407, 0.7961967611589128]","[0.6423134569639611, 1.0768760939477686]",-19.13967514038086,0.0,1660.7757486784276,37.30558834448166,2.0,0.0,0
214,"[0.8845700489383489, 0.969638145908365, 0.7322469573986421, 0.34829503262144007, 0.2311741140172496, 0.903955910162693, 0.6484984078741649, 0.6596072674909493, 0.842792631471859, 0.13490876222193812]","[0.6423134569639611, 1.0768760939477686]",-41.63118362426758,0.01,3163.0838919307353,-144.08098775527202,3.0,0.0,0
215,"[0.9245505157970646, 0.5225625504373745, 0.8518179746952825, 0.5470050099912637, 0.23326320620013874, 0.18509129129504925, 0.7877266263227836, 0.6585673455690848, 0.8988341647711519, 0.09391821614518903]","[0.6423134569639611, 1.0768760939477686]",-41.773616790771484,0.01,3076.1316048998874,62.39470761595001,4.0,0.0,0
216,"[0.009619797233355487, 0.614238798072558, 0.45159563712495276, 0.24049998405410666, 0.730012786817945, 0.3217021421356484, 0.4854732718273678, 0.9999512482871256, 0.690474519009918, 0.24131085268594354]","[0.6423134569639611, 1.0768760939477686]",-57.73208999633789,0.02,2853.035010022895,-198.3623325854282,2.0,0.0,0
217,"[0.6960824229110633, 0.7973099260173968, 0.8990503810408178, 0.8731312620415899, 0.9981851011920201, 0.16691335878547553, 0.7887242167541396, 0.38069524000658606, 0.09368549297431539, 0.21220747485396863]","[0.6423134569639611, 1.0768760939477686]",-10.69394302368164,0.0,2178.46965460935,-35.157182854876396,2.0,0.0,0
218,"[0.6959948701337834, 0.2615530463118, 0.2921175580580184, 0.5825827744485059, 0.7312406583584447, 0.3138203272623701, 0.7008408895008554, 0.48661132260190665, 0.18890636475445843, 0.5524176889062183]","[0.6423134569639611, 1.0768760939477686]",-32.37224197387695,0.01,2623.6045605508607,-29.194042156595685,1.0,0.0,0
219,"[0.9183968578705968, 0.9421208694705342, 0.6371024655819124, 0.09094000335668026, 0.2289577023283215, 0.6883960634918416, 0.9717215607374419, 0.6610244274435708, 0.9167952212740077, 0.3192170754193077]","[0.6423134569639611, 1.0768760939477686]",-38.67354965209961,0.51,3318.570194319591,-219.03356829593054,3.0,0.0,0
220,"[0.9132391336263425, 0.8122050151262458, 0.30150450668036366, 0.7377848741837365, 0.5860938297615466, 0.19023653875149005, 0.4921429017942372, 0.5027476601850123, 0.2195079915141478, 0.2971553891764208]","[0.6423134569639611, 1.0768760939477686]",-28.182140350341797,0.0,2651.4647458911513,-32.012473017840534,0.0,0.0,1
221,"[0.13511204707872987, 0.19126346170652617, 0.1879133103516558, 0.0670661052182627, 0.9314994667781543, 0.7234519131610685, 0.8059584853410966, 0.6385124868172604, 0.08285915863627491, 0.34296035093291066]","[0.6423134569639611, 1.0768760939477686]",-28.593841552734375,0.02,3472.38350694464,85.66602695279528,4.0,0.0,0
222,"[0.17192922745468864, 0.4073014678883986, 0.22789197890735768, 0.5780276768932521, 0.7312406583584447, 0.3101458510365165, 0.7008408895008554, 0.4931103229848808, 0.1880709550400619, 0.5484830646246303]","[0.6423134569639611, 1.0768760939477686]",-31.27946662902832,0.0,2764.7255366429954,-66.8830131734436,1.0,0.0,0
223,"[0.6018413187514021, 0.2431738064023764, 0.8773550775822969, 0.14188835587884768, 0.42074014733127707, 0.43805238500782767, 0.9550697108015096, 0.6320758917996059, 0.04196163057867974, 0.29605344857878574]","[0.6423134569639611, 1.0768760939477686]",-46.06148147583008,0.19,3107.899297838648,-131.55165165482532,3.0,0.0,0
224,"[0.990655180146129, 0.44669208795103965, 0.9080167027008205, 0.7125161362718826, 0.5220921065907778, 0.17228896990901077, 0.6474189725910089, 0.8795112388551989, 0.9754503915476354, 0.7971070576637819]","[0.6423134569639611, 1.0768760939477686]",-33.853633880615234,0.0,2469.410951396461,-27.340114241100878,2.0,0.0,0
225,"[0.7177363721178405, 0.7989342013556435, 0.22475397585983603, 0.7392607956370342, 0.6629613377688489, 0.14937902152210247, 0.9796258488514935, 0.3862057221511621, 0.07847039814912146, 0.19922910312706185]","[0.6423134569639611, 1.0768760939477686]",-22.873746871948242,0.0,2668.4871251242007,128.56282167071598,0.0,0.0,0
226,"[0.19593937146249965, 0.7928864205118956, 0.6418421874621307, 0.9051507074391362, 0.3274177736675301, 0.41078339998540775, 0.5831183616287481, 0.49866886134850175, 0.18380163548805178, 0.3236896985732351]","[0.6423134569639611, 1.0768760939477686]",-38.85530471801758,0.0,2695.393114234625,-10.844407063730102,0.0,0.0,1
227,"[0.6950362025576619, 0.22901416770423688, 0.2726639300012889, 0.6204714796078479, 0.7312406583584447, 0.3134716636583319, 0.7008408895008554, 0.4931103229848808, 0.18890636475445843, 0.5485006400364416]","[0.6423134569639611, 1.0768760939477686]",-32.37224197387695,0.01,2650.037089514352,10.040464393839983,2.0,0.0,0
228,"[0.9948402868912438, 0.7706898166154339, 0.8333078905381964, 0.7143753415908921, 0.5255197234697633, 0.2832454267082888, 0.6364675248232552, 0.8795112388551989, 0.9933723892824592, 0.6606741357044075]","[0.6423134569639611, 1.0768760939477686]",-14.759742736816406,0.0,1984.3661568863863,-22.41235492197967,1.0,0.0,0
229,"[0.6959948701337834, 0.767046194848664, 0.22789197890735768, 0.5714225940054074, 0.7312406583584447, 0.1671939055783517, 0.7837161119186818, 0.39206558216245657, 0.18890636475445843, 0.5444870342925909]","[0.6423134569639611, 1.0768760939477686]",-35.902896881103516,0.0,2441.6086988083985,41.25157789426757,0.0,0.0,0
230,"[0.7774159411602659, 0.8201165899188464, 0.2510424636077798, 0.8808970466550645, 0.6629613377688489, 0.7188079461222483, 0.9796258488514935, 0.6283084586743911, 0.07962933757560675, 0.34074223144084614]","[0.6423134569639611, 1.0768760939477686]",-49.58354949951172,0.01,2840.704531400982,-188.47930588607056,2.0,0.0,0
231,"[0.11050905088530893, 0.1543751200243419, 0.20024834521104645, 0.059382475195789874, 0.055175533126288534, 0.7191218616789065, 0.9807537257426998, 0.6297343093646568, 0.536573383730369, 0.08380845224352398]","[0.6423134569639611, 1.0768760939477686]",-26.669546127319336,0.53,2518.193855068912,40.89869078443448,3.0,0.0,0
232,"[0.9912943438438682, 0.7974623155214327, 0.34510057866729216, 0.5537482754318943, 0.9245792768890306, 0.8171198745713188, 0.9221665375194953, 0.4120269338179115, 0.43435958206006886, 0.5603904286218537]","[0.6423134569639611, 1.0768760939477686]",-39.73348617553711,0.0,2177.1920025823974,-97.72897401223304,1.0,0.0,0
233,"[0.9132391336263425, 0.8148232021486609, 0.30150450668036366, 0.23775617865695303, 0.6089078108765937, 0.1932221599116344, 0.5946674686381681, 0.9762159928797167, 0.2195079915141478, 0.6116728644376794]","[0.6423134569639611, 1.0768760939477686]",-40.65281677246094,0.1,3302.7412173187263,-92.35720329759408,2.0,0.0,0
234,"[0.17893481367543618, 0.7716842045417649, 0.3549492571451669, 0.9051438366771739, 0.652784802685132, 0.6399131657151546, 0.37050052710804804, 0.790518245853265, 0.17735319182304865, 0.2983166855921879]","[0.6423134569639611, 1.0768760939477686]",-36.43572235107422,0.01,2644.141955838759,20.176385368507255,3.0,0.0,0
235,"[0.1928730888138819, 0.7769187772346493, 0.9367415383989101, 0.1602743126680698, 0.011089156722484894, 0.4165709623150299, 0.9584644009640338, 0.3802636229123027, 0.8682088082971401, 0.29770945642086144]","[0.6423134569639611, 1.0768760939477686]",-49.489559173583984,0.17,3290.686599604538,-109.9872315337372,2.0,0.0,0
236,"[0.7060551854547472, 0.47324522682326287, 0.6386792359996826, 0.7143753415908921, 0.29678837285472937, 0.2874711489971631, 0.6476400187027263, 0.8819766349787002, 0.9943865120521964, 0.6002262887203004]","[0.6423134569639611, 1.0768760939477686]",-28.912694931030273,0.0,1905.7798973965514,26.13429783280162,1.0,0.0,0
237,"[0.7345922399434771, 0.44284450228648725, 0.8880321199869642, 0.7143753415908921, 0.42422134789667654, 0.20915079599212086, 0.6461253634971851, 0.8795112388551989, 0.9943865120521964, 0.7971070576637819]","[0.6423134569639611, 1.0768760939477686]",-39.40888977050781,0.01,2243.574769762453,-1.5406553487344468,1.0,0.0,0
238,"[0.11326614538667623, 0.9312978462920609, 0.6445092734010416, 0.3986520591344094, 0.05855432012728723, 0.8450460283786126, 0.978766022952141, 0.6278586662803376, 0.5441877434355353, 0.5908330675829996]","[0.6423134569639611, 1.0768760939477686]",-45.41492462158203,0.24,2695.352315733307,-180.83703698688652,2.0,0.0,0
239,"[0.6534734699269478, 0.4148846112965905, 0.6682603221917076, 0.08615267412372256, 0.0018023536068190182, 0.6193074193705106, 0.5916582716728882, 0.6756392228496231, 0.4147729953774441, 0.7673469197677081]","[0.6423134569639611, 1.0768760939477686]",-19.866079330444336,0.33,2393.8504126798007,154.93393937650973,1.0,0.0,0
240,"[0.6566025968158192, 0.24011757958196023, 0.30994089154746157, 0.5978409860805979, 0.7239038902703431, 0.31680416198325967, 0.6946320390374647, 0.4931103229848808, 0.18890636475445843, 0.5292563484933676]","[0.6423134569639611, 1.0768760939477686]",-37.92564010620117,0.01,2532.4197384370664,17.417763657451474,0.0,0.0,0
241,"[0.6376365437397323, 0.613256681670192, 0.22878738716417746, 0.3285393592918848, 0.9314994667781543, 0.39879674697438383, 0.8018633794894428, 0.23854451681156735, 0.05919464671039454, 0.8806350809002281]","[0.6423134569639611, 1.0768760939477686]",-56.682861328125,0.0,2754.2241185626713,-90.03634275813272,1.0,0.0,0
242,"[0.7178343572828981, 0.850551259756355, 0.2754808528630017, 0.7392607956370342, 0.6672669316169341, 0.21865561021076882, 0.7955030051581065, 0.6272126697305269, 0.07962933757560675, 0.6016144321891465]","[0.6423134569639611, 1.0768760939477686]",-42.263275146484375,0.0,2560.686510114624,17.556207888792727,0.0,0.0,0
243,"[0.4171774343880905, 0.9108220921659664, 0.8480038199696305, 0.11221292406831795, 0.5101225863270002, 0.3532556606165881, 0.4221428713030623, 0.4970226157004175, 0.1268760779065603, 0.6830639056924437]","[0.6423134569639611, 1.0768760939477686]",-40.157188415527344,0.0,2702.1711213448384,89.10159623699448,3.0,0.0,0
244,"[0.1928730888138819, 0.9380768125398586, 0.6388824807466811, 0.18034341964323086, 0.039494195946283894, 0.49380306233066207, 0.7360252935524888, 0.1534011164817518, 0.8576133468521416, 0.5334711334538234]","[0.6423134569639611, 1.0768760939477686]",-45.913272857666016,0.1,3392.566909132002,-12.039867957785248,1.0,0.0,0
245,"[0.7051533565893426, 0.5692654055231352, 0.6702550870595412, 0.2999490758489221, 0.6629613377688489, 0.44834867943271295, 0.9947823051660033, 0.2218415795080444, 0.05898069146232424, 0.8962168038931555]","[0.6423134569639611, 1.0768760939477686]",-27.931413650512695,0.01,2215.7261983801054,25.347329594528105,2.0,0.0,0
246,"[0.6855388170954846, 0.46188359707756765, 0.6419175904033568, 0.9071467696556785, 0.28879164900942544, 0.4804840262863984, 0.5770798329599061, 0.49866886134850175, 0.17874960810540094, 0.35622164118008504]","[0.6423134569639611, 1.0768760939477686]",-30.320629119873047,0.0,2383.26232567427,173.2342612801105,1.0,0.0,0
247,"[0.5670497583644489, 0.7742121576308749, 0.17746835851566578, 0.9748889350368236, 0.023632428671776062, 0.4165709623150299, 0.7847549257343326, 0.03446326862267962, 0.9386225186310673, 0.41261046828507264]","[0.6423134569639611, 1.0768760939477686]",-48.68742370605469,0.01,3245.853143662878,-169.45622618410107,3.0,0.0,0
248,"[0.695128601051183, 0.22901416770423688, 0.27319416288280346, 0.5789180833341129, 0.7312406583584447, 0.31593758984141995, 0.7008408895008554, 0.8879246582767815, 0.18890636475445843, 0.3953965410701431]","[0.6423134569639611, 1.0768760939477686]",-33.89058303833008,0.02,2423.5828208135367,106.53471912914651,4.0,0.0,0
249,"[0.7331333347013493, 0.47324522682326287, 0.8363063666107704, 0.7404856642605713, 0.5220921065907778, 0.2841119988501285, 0.6461253634971851, 0.4846889160890363, 0.9943865120521964, 0.7973482674582923]","[0.6423134569639611, 1.0768760939477686]",-24.785186767578125,0.0,2006.9432337735327,-12.85781961633495,3.0,0.0,0
250,"[0.7178343572828981, 0.14782414750146572, 0.19640464019624054, 0.0549786183479237, 0.6622540673785304, 0.7149848816367692, 0.9807825048474532, 0.6334746354480095, 0.508125003041171, 0.10419394544978061]","[0.6423134569639611, 1.0768760939477686]",-45.6132698059082,0.55,3377.3189077098855,-62.96532316599507,2.0,0.0,0
251,"[0.1928730888138819, 0.9380768125398586, 0.6333946388474764, 0.6108371198942523, 0.011089156722484894, 0.49380574249537645, 0.7322290512115913, 0.46157143696555086, 0.1685765780097262, 0.29770945642086144]","[0.6423134569639611, 1.0768760939477686]",-53.468406677246094,0.0,3107.715255706224,-193.65096395594293,1.0,0.0,0
252,"[0.9912943438438682, 0.7974623155214327, 0.34510057866729216, 0.32462026291695745, 0.9245792768890306, 0.8171198745713188, 0.8022709407887597, 0.4120269338179115, 0.43435958206006886, 0.5604192713622909]","[0.6423134569639611, 1.0768760939477686]",-23.807838439941406,0.0,2337.9137533054495,201.4977407814774,1.0,0.0,0
253,"[0.17192922745468864, 0.4073014678883986, 0.22725418552711069, 0.5780276768932521, 0.7312406583584447, 0.3101458510365165, 0.7008408895008554, 0.40435341327645635, 0.07908943767916263, 0.5484830646246303]","[0.6423134569639611, 1.0768760939477686]",-35.96142578125,0.0,2874.58487876312,69.91579289465474,1.0,0.0,0
254,"[0.12292346196423343, 0.5238293711550452, 0.2669705365549404, 0.40163434471766235, 0.5101225863270002, 0.3532556606165881, 0.4804653299216656, 0.49704278440447325, 0.18821863669594308, 0.7076778979003703]","[0.6423134569639611, 1.0768760939477686]",-25.561609268188477,0.0,2329.0818811572144,-87.21260206355686,2.0,0.0,0
255,"[0.6516577040431245, 0.7827570454651416, 0.6644422161866481, 0.9056059159441892, 0.9995598917764972, 0.5483125216790641, 0.5820179322174299, 0.49840163375155305, 0.176986705005096, 0.2351566749028886]","[0.6423134569639611, 1.0768760939477686]",-31.69667625427246,0.0,2022.6808388793788,166.13047051362307,1.0,0.0,0
256,"[0.9132391336263425, 0.2514768854818544, 0.301512861439285, 0.7578455988713217, 0.6089078108765937, 0.3156512742721719, 0.4959391441876757, 0.19457688761579417, 0.19802284478786247, 0.6014041791288685]","[0.6423134569639611, 1.0768760939477686]",-34.94526672363281,0.0,2945.2216157218754,-72.81977224318825,2.0,0.0,0
257,"[0.7052233504960224, 0.7782556473954472, 0.6599361956879075, 0.6137004588671382, 0.29507586945275166, 0.41687457302233644, 0.9543590586238266, 0.6596072674909493, 0.9172632996428407, 0.6630049100801856]","[0.6423134569639611, 1.0768760939477686]",-39.99677658081055,0.01,2007.3312139983302,-29.13824356780242,2.0,0.0,0
258,"[0.7332236760336273, 0.47324522682326287, 0.8333078905381964, 0.7143753415908921, 0.46720054768521624, 0.2832454267082888, 0.6461253634971851, 0.8561033561303246, 0.9943865120521964, 0.870211417731388]","[0.6423134569639611, 1.0768760939477686]",-24.843151092529297,0.01,2055.5938237916944,-51.985183623287355,1.0,0.0,0
259,"[0.7345922399434771, 0.44284450228648725, 0.30483397539413376, 0.7143753415908921, 0.42422134789667654, 0.20926408318021433, 0.5018847570876621, 0.5078634754285346, 0.9953245580642734, 0.2991263271635073]","[0.6423134569639611, 1.0768760939477686]",-32.089656829833984,0.0,2228.167300222647,21.769023255384724,1.0,0.0,0
260,"[0.2180229817162975, 0.4554942909781903, 0.6579066612999667, 0.1602743126680698, 0.0005231035158509145, 0.5552591201643814, 0.9521768168359381, 0.46962813257260727, 0.8494556862008379, 0.35913611979249044]","[0.6423134569639611, 1.0768760939477686]",-18.982202529907227,0.11,2629.9931886990535,-236.1049320589359,2.0,0.0,0
261,"[0.19606049756179597, 0.9390941984347165, 0.6420304232547049, 0.9051507074391362, 0.34513148722863524, 0.41078339998540775, 0.7375800298732027, 0.14443890623440064, 0.18380163548805178, 0.3236896985732351]","[0.6423134569639611, 1.0768760939477686]",-40.97244644165039,0.0,2985.1468825228726,-35.74446919797418,0.0,0.0,1
262,"[0.990655180146129, 0.44669208795103965, 0.9080167027008205, 0.7125161362718826, 0.12001411956233443, 0.17228896990901077, 0.6055828921305818, 0.8795112388551989, 0.49515242796128933, 0.7971070576637819]","[0.6423134569639611, 1.0768760939477686]",-49.88018035888672,0.09,3091.446041223323,-227.74430384080443,1.0,0.0,0
263,"[0.7332236760336273, 0.9412991398925256, 0.8333078905381964, 0.7146898244748519, 0.05466993655461255, 0.2832454267082888, 0.9770781847073351, 0.8779436999656309, 0.9879819463307026, 0.7971070576637819]","[0.6423134569639611, 1.0768760939477686]",-42.40278625488281,0.25,2794.8514106063767,7.679364761857585,1.0,0.0,0
264,"[0.9132391336263425, 0.8122050151262458, 0.30150450668036366, 0.7382571021330554, 0.587853108579143, 0.19023653875149005, 0.4921329584958593, 0.19231200196737094, 0.2195079915141478, 0.6014041791288685]","[0.6423134569639611, 1.0768760939477686]",-21.528104782104492,0.0,2709.3331296646566,-43.68611259293522,1.0,0.0,0
265,"[0.1928730888138819, 0.7742121576308749, 0.8950616239309083, 0.1602743126680698, 0.4323277467283394, 0.2116128602880587, 0.9584644009640338, 0.46157143696555086, 0.8674235562188847, 0.29770945642086144]","[0.6423134569639611, 1.0768760939477686]",-48.77867126464844,0.17,3265.903074082602,-172.09990321306321,3.0,0.0,0
266,"[0.18581008030472257, 0.2615530463118, 0.22789197890735768, 0.5799720396981246, 0.7312406583584447, 0.3138203272623701, 0.7008408895008554, 0.4931103229848808, 0.18890636475445843, 0.5484830646246303]","[0.6423134569639611, 1.0768760939477686]",-34.25837707519531,0.01,2888.8536082784954,-54.934260260495876,1.0,0.0,0
267,"[0.1929668920181863, 0.7634045271211349, 0.6383556470654431, 0.1602743126680698, 0.4839313657787032, 0.49380306233066207, 0.7369741954161003, 0.45699854029406983, 0.9907337687981331, 0.29770945642086144]","[0.6423134569639611, 1.0768760939477686]",-43.35932159423828,0.55,2883.0808289017787,-117.75549916876872,2.0,0.0,0
268,"[0.07055125679002167, 0.9421208694705342, 0.6390262522229664, 0.9114492786654336, 0.2992382015466162, 0.4675959134831349, 0.7292025485232104, 0.6596072674909493, 0.1737190257261208, 0.5993159922695809]","[0.6423134569639611, 1.0768760939477686]",-43.156646728515625,0.01,3155.9650513243823,-187.8437377404644,2.0,0.0,0
269,"[0.9912943438438682, 0.7974623155214327, 0.31534481831661376, 0.5537482754318943, 0.9245792768890306, 0.8171198745713188, 0.9221665375194953, 0.4120269338179115, 0.43402135264147634, 0.09145609230158908]","[0.6423134569639611, 1.0768760939477686]",-36.22005081176758,0.0,2882.357471364278,-115.44116872964162,2.0,0.0,0
270,"[0.9155798693857817, 0.9374603674226085, 0.6159760051578975, 0.32469758557928674, 0.9314994667781543, 0.3944747184243876, 0.8018633794894428, 0.6691527549045017, 0.032701812250660045, 0.8952670049161117]","[0.6423134569639611, 1.0768760939477686]",-29.771846771240234,0.0,3136.9225055098987,96.01215872861081,2.0,0.0,0
271,"[0.9183968578705968, 0.9421208694705342, 0.6437291594945019, 0.5820915128365576, 0.23527402231008285, 0.188257161102365, 0.78522539850512, 0.6940712330215777, 0.9270396036078502, 0.5506022455867019]","[0.6423134569639611, 1.0768760939477686]",-35.08346939086914,0.0,2871.590814722609,-149.63658156948634,2.0,0.0,0
272,"[0.7332900550675044, 0.8240151573095804, 0.369803891083072, 0.5661156383514602, 0.9137873682625187, 0.14138560925068722, 0.9161028785455432, 0.8805979593420071, 0.35271182655857797, 0.5678876336072238]","[0.6423134569639611, 1.0768760939477686]",-46.60576248168945,0.02,2693.9452010066284,-197.08735729055587,1.0,0.0,0
273,"[0.6571108450784597, 0.7743424011004754, 0.6635702480304227, 0.9082312694215107, 0.989834780911333, 0.8748548535187304, 0.898379705004229, 0.4620030540598343, 0.09368549297431539, 0.2351566749028886]","[0.6423134569639611, 1.0768760939477686]",-35.80559539794922,0.0,2159.526706505899,52.72094918975131,2.0,0.0,0
274,"[0.16146904266095086, 0.46188359707756765, 0.6419175904033568, 0.9051507074391362, 0.2817499747370391, 0.3251852673942075, 0.5795434057566596, 0.49866886134850175, 0.17791419839100442, 0.35622164118008504]","[0.6423134569639611, 1.0768760939477686]",-34.25837707519531,0.0,2587.4612760301493,44.9677259108434,2.0,0.0,0
275,"[0.7187909676977765, 0.8543207126812382, 0.2793245578778093, 0.40396015078904435, 0.12145017280680892, 0.8450457827293495, 0.97959706974674, 0.6279963075903597, 0.08264520338820443, 0.3485071321680696]","[0.6423134569639611, 1.0768760939477686]",-44.73568344116211,0.0,2705.496027076612,-66.29245448588341,2.0,0.0,0
276,"[0.6959948701337834, 0.4073014678883986, 0.233379861051081, 0.1294801397214913, 0.7312406583584447, 0.31381764709775967, 0.7008408895008554, 0.4931103229848808, 0.8037983592479176, 0.5484830646246303]","[0.6423134569639611, 1.0768760939477686]",-36.71176528930664,0.09,2676.5090669261385,-143.49194953807478,1.0,0.0,0
277,"[0.6376365437397323, 0.613256681670192, 0.22878738716417746, 0.5576673718096621, 0.9314994667781543, 0.39879674697438383, 0.9217589730448765, 0.23854451681156735, 0.05919464671039454, 0.8806055641353647]","[0.6423134569639611, 1.0768760939477686]",-51.968448638916016,0.0,2876.1927566843483,-282.8156845196935,1.0,0.0,0
278,"[0.7187909676977765, 0.8829550574247896, 0.2516802569880268, 0.8820921021286229, 0.6629613377688489, 0.7158093667127859, 0.9796258488514935, 0.6283084586743911, 0.18861085614525425, 0.34074223144084614]","[0.6423134569639611, 1.0768760939477686]",-44.836151123046875,0.01,2819.0893895291524,-192.59977008165714,1.0,0.0,0
279,"[0.4175205382603428, 0.9535147091520523, 0.8631385685077964, 0.10735798082610601, 0.05855432012728723, 0.8418955837519252, 0.9267169383363919, 0.626818744358473, 0.5257783000795696, 0.08535616172648453]","[0.6423134569639611, 1.0768760939477686]",-45.54948806762695,0.01,3116.5149929452373,-270.0281266988811,3.0,0.0,0
280,"[0.1674605777603431, 0.4534689412226482, 0.6407125496841002, 0.872676053536537, 0.2696165829280634, 0.16807265475438984, 0.7775772669948025, 0.462270281656783, 0.0956751310737131, 0.35622164118008504]","[0.6423134569639611, 1.0768760939477686]",-42.73843765258789,0.0,2924.091857044622,-104.81840141425823,3.0,0.0,0
281,"[0.6959948701337834, 0.822276150838535, 0.22788362414843633, 0.5800284530205562, 0.7312406583584447, 0.188405591742431, 0.7008408895008554, 0.4931103229848808, 0.18890636475445843, 0.5484830646246303]","[0.6423134569639611, 1.0768760939477686]",-37.52062225341797,0.0,2562.4318490270794,58.72276888840062,0.0,0.0,0
282,"[0.7332236760336273, 0.47324522682326287, 0.8880321199869642, 0.7143753415908921, 0.5220921065907778, 0.1006134123050351, 0.6461253634971851, 0.8795112388551989, 0.9943865120521964, 0.7971070576637819]","[0.6423134569639611, 1.0768760939477686]",-39.82999801635742,0.0,2260.3327921796263,-12.475298201527266,1.0,0.0,0
283,"[0.9132391336263425, 0.8122050151262458, 0.8846514038953667, 0.7377848741837365, 0.5860938297615466, 0.19012325156339654, 0.6363835082037579, 0.8743933238658341, 0.1873069178183085, 0.7951355720060819]","[0.6423134569639611, 1.0768760939477686]",-31.920856475830078,0.0,2405.0434033049783,-40.4585110785344,0.0,0.0,1
284,"[0.5670497583644489, 0.7800410490787892, 0.8883954263166767, 0.1602743126680698, 0.023632428671776062, 0.4165709623150299, 0.9584644009640338, 0.6170991800276517, 0.959880851540932, 0.29770945642086144]","[0.6423134569639611, 1.0768760939477686]",-62.43681335449219,0.43,3284.734467469468,-344.90944717743093,2.0,0.0,0
285,"[0.19275196271458558, 0.7918688561350132, 0.6386942449541069, 0.18034341964323086, 0.022939802481954152, 0.49380306233066207, 0.5815636253078544, 0.5076318287712571, 0.8576133468521416, 0.5727010249035646]","[0.6423134569639611, 1.0768760939477686]",-38.96722412109375,0.1,2733.8900670733588,-31.469543166077642,1.0,0.0,0
286,"[0.7178343572828981, 0.8872881446224085, 0.2754808528630017, 0.3994646077686477, 0.539373046069598, 0.8465144585528315, 0.9796258488514935, 0.6190052908699862, 0.9835197455347637, 0.08980323054651848]","[0.6423134569639611, 1.0768760939477686]",-34.070770263671875,0.02,2824.0649320167654,-107.13592138718724,1.0,0.0,0
287,"[0.11326614538667623, 0.46290463221723777, 0.6445092734010416, 0.39833757591010277, 0.5263073571536722, 0.8450460283786126, 0.6470299989070781, 0.637450808314258, 0.5929788720731651, 0.5908330675829996]","[0.6423134569639611, 1.0768760939477686]",-2.083536148071289,0.24,1859.9010574862677,111.66026079236534,0.0,0.0,0
288,"[0.9132391336263425, 0.8122050151262458, 0.30150450668036366, 0.7573733709220029, 0.6071485320589973, 0.19023653875149005, 0.49594908748605354, 0.5050125616158849, 0.2195079915141478, 0.2971553891764208]","[0.6423134569639611, 1.0768760939477686]",-31.208843231201172,0.0,2640.6526510724816,-12.31489486804736,0.0,0.0,1
289,"[0.7345922399434771, 0.44284450228648725, 0.6508014525020935, 0.7143753415908921, 0.009076944204871262, 0.41410889808635104, 0.6461253634971851, 0.8795112388551989, 0.9945017146182734, 0.7971070576637819]","[0.6423134569639611, 1.0768760939477686]",-51.62688446044922,0.4,2309.118476870654,33.011773510019395,2.0,0.0,0
290,"[0.6821164041921333, 0.4073014678883986, 0.22789197890735768, 0.5780840902156837, 0.7312406583584447, 0.3101458510365165, 0.7725971122583453, 0.4931103229848808, 0.1880709550400619, 0.5484830646246303]","[0.6423134569639611, 1.0768760939477686]",-34.93452453613281,0.01,2523.691104700034,-15.314255794564133,2.0,0.0,0
291,"[0.9818671227093816, 0.9453594404787133, 0.8338347238050025, 0.7143753415908921, 0.056599352789116014, 0.2832454267082888, 0.6250272966317573, 0.8910821607858115, 0.8667494119033466, 0.6779703379508369]","[0.6423134569639611, 1.0768760939477686]",-26.938201904296875,0.02,2767.625238162031,48.81474369906962,2.0,0.0,0
292,"[0.7197679118973918, 0.7923357919146593, 0.6418421874621307, 0.6073973034155399, 0.3274177736675301, 0.4135403734446874, 0.5820647043457631, 0.49866886134850175, 0.9264524030632305, 0.3293828674224079]","[0.6423134569639611, 1.0768760939477686]",-43.65060806274414,0.0,1983.1316213713033,59.653296266854,2.0,0.0,0
293,"[0.12016143031826065, 0.5118814273652947, 0.8869777722323784, 0.3995968392250302, 0.05855432012728723, 0.8418955837519252, 0.978766022952141, 0.626818744358473, 0.5261165294981621, 0.5543437943973234]","[0.6423134569639611, 1.0768760939477686]",-46.49622344970703,0.21,2853.499772022982,-238.12395814849287,2.0,0.0,0
294,"[0.6404507190645337, 0.617877034234066, 0.24991388132239822, 0.08688813217411633, 0.23326320620013874, 0.1959706411349328, 0.7877266263227836, 0.2293205079567223, 0.9480220101554631, 0.5846817868901233]","[0.6423134569639611, 1.0768760939477686]",-44.97261047363281,0.75,3107.5115229562502,-340.91266075525255,2.0,0.0,0
295,"[0.6959948701337834, 0.2615530463118, 0.2921175580580184, 0.5465514915125909, 0.7013499939350246, 0.3138203272623701, 0.7033421173185185, 0.4521473570583686, 0.25221217624785364, 0.6011314355890973]","[0.6423134569639611, 1.0768760939477686]",-32.37224197387695,0.01,2508.3695150984827,-17.40451364487683,1.0,0.0,0
296,"[0.7321149929242733, 0.47324522682326287, 0.8880321199869642, 0.7143753415908921, 0.5220921065907778, 0.14100772972343523, 0.6461253634971851, 0.8795112388551989, 0.9943865120521964, 0.7971070576637819]","[0.6423134569639611, 1.0768760939477686]",-43.20444869995117,0.0,2199.1573961893946,-12.475298201527266,1.0,0.0,0
297,"[0.8864744652536859, 0.9421208694705342, 0.7319138848356107, 0.31295835868376914, 0.219775180760577, 0.19577887165518199, 0.6484984078741649, 0.6596072674909493, 0.842792631471859, 0.13490876222193812]","[0.6423134569639611, 1.0768760939477686]",-41.84784698486328,0.02,3611.540954979529,-98.83035211742214,2.0,0.0,0
298,"[0.6959948701337834, 0.4073014678883986, 0.22789197890735768, 0.5800284530205562, 0.7350225426107158, 0.5381066177060441, 0.6983773167041007, 0.4931103229848808, 0.18890636475445843, 0.5484830646246303]","[0.6423134569639611, 1.0768760939477686]",-38.727779388427734,0.0,2427.774614068626,184.6947820004803,0.0,0.0,0
299,"[0.7178343572828981, 0.850551259756355, 0.23226697930037055, 0.3994646077686477, 0.1372868551722287, 0.8409088026986203, 0.9796258488514935, 0.6331624843639783, 0.508125003041171, 0.08980323054651848]","[0.6423134569639611, 1.0768760939477686]",-30.922273635864258,0.01,2641.3504691252315,-67.96292309210139,1.0,0.0,0
300,"[0.7178343572828981, 0.850551259756355, 0.23226697930037055, 0.36744478305896533, 0.1372868551722287, 0.8138487858142127, 0.9796258488514935, 0.6495507338494365, 0.508125003041171, 0.08980323054651848]","[0.6423134569639611, 1.0768760939477686]",-30.922273635864258,0.01,2633.8016641957984,-74.06028107441387,1.0,0.0,0
301,"[0.6376365437397323, 0.6062983742440193, 0.303319954944895, 0.7432404861673035, 0.9314994667781543, 0.39879674697438383, 0.8226148492575189, 0.23818207021582088, 0.06490895738684763, 0.8806350809002281]","[0.6423134569639611, 1.0768760939477686]",-40.97538757324219,0.0,2888.634692770383,-298.55506192040093,1.0,0.0,0
302,"[0.6376365437397323, 0.5167243976071255, 0.8680245650404781, 0.40299365368237805, 0.9285937725915981, 0.39147866282781385, 0.9799967651988873, 0.4710665851649004, 0.05919464671039454, 0.8806055641353647]","[0.6423134569639611, 1.0768760939477686]",-26.704936981201172,0.01,2617.0319635919122,-154.2418870615328,4.0,0.0,0
303,"[0.1928730888138819, 0.9380768125398586, 0.6388824807466811, 0.1602743126680698, 0.011089156722484894, 0.49380306233066207, 0.7322290512115913, 0.46157143696555086, 0.8456568839880548, 0.29770945642086144]","[0.6423134569639611, 1.0768760939477686]",-52.28257751464844,0.11,3209.1870309222654,-193.64768811018422,1.0,0.0,0
304,"[0.9132391336263425, 0.8122050151262458, 0.8846514038953667, 0.7377848741837365, 0.5860938297615466, 0.19012325156339654, 0.6363835082037579, 0.8757724838370707, 0.1873069178183085, 0.7787650026713322]","[0.6423134569639611, 1.0768760939477686]",-34.52580642700195,0.0,2418.910025207678,-40.4585110785344,0.0,0.0,1
305,"[0.6576467600079774, 0.7743424011004754, 0.6632371754673915, 0.8731312620415899, 0.993906309433891, 0.16691335878547553, 0.7825153662907529, 0.4620030540598343, 0.09368549297431539, 0.22140210013529515]","[0.6423134569639611, 1.0768760939477686]",-21.032161712646484,0.0,2267.220598391041,-40.961534532067105,1.0,0.0,0
306,"[0.7052233504960224, 0.94675647026499, 0.6390262522229664, 0.15371237572254284, 0.2992382015466162, 0.4703528869424145, 0.7281488912402777, 0.6596072674909493, 0.9178091419453741, 0.5993159922695809]","[0.6423134569639611, 1.0768760939477686]",-26.678173065185547,0.35,2713.8247982945786,-82.15927836834311,1.0,0.0,0
307,"[0.12575729960599005, 0.9356198149725226, 0.6388824807466811, 0.18034341964323086, 0.040688232679680525, 0.49380306233066207, 0.7412288838830838, 0.12740683802161812, 0.8576133468521416, 0.7972757533490276]","[0.6423134569639611, 1.0768760939477686]",-45.913272857666016,0.3,3424.8333257637146,-1.5510772230941825,0.0,0.0,1
308,"[0.7417335884740054, 0.9669138898276767, 0.8880321199869642, 0.7143753415908921, 0.42285202913528724, 0.20915079599212086, 0.6461253634971851, 0.18384908617167417, 0.9992430850722547, 0.8163752112141727]","[0.6423134569639611, 1.0768760939477686]",-26.280466079711914,0.01,2496.814698585114,4.551935998268675,2.0,0.0,0
309,"[0.9141163128549862, 0.8240151573095804, 0.369803891083072, 0.7432368257283319, 0.9137873682625187, 0.1909082945127701, 0.7831290945025233, 0.8805979593420071, 0.217942480542411, 0.5678876336072238]","[0.6423134569639611, 1.0768760939477686]",-47.090457916259766,0.02,2440.702187051773,-36.338380134155614,1.0,0.0,0
310,"[0.16185069775714717, 0.4805975026111855, 0.1875676735714754, 0.5860930403530096, 0.7312406583584447, 0.3143926877325895, 0.7008408895008554, 0.4931103229848808, 0.18869413066786153, 0.5484830646246303]","[0.6423134569639611, 1.0768760939477686]",-34.25837707519531,0.0,2717.24777745354,-48.927750517489926,2.0,0.0,0
311,"[0.7332900550675044, 0.8240151573095804, 0.369803891083072, 0.5661156383514602, 0.7416072513084493, 0.30452530608043826, 0.9161028785455432, 0.8805979593420071, 0.349608513048022, 0.56783577789872]","[0.6423134569639611, 1.0768760939477686]",-44.9133415222168,0.02,2288.1901394528545,-36.57495445631184,2.0,0.0,0
312,"[0.7175853428484832, 0.8531594799312694, 0.2754808528630017, 0.5824534617719266, 0.7307099082699556, 0.3261189330092542, 0.9796258488514935, 0.6283084586743911, 0.08390894797417481, 0.5486041827119668]","[0.6423134569639611, 1.0768760939477686]",-42.229705810546875,0.0,2737.7270656185683,-119.44966429942878,1.0,0.0,0
313,"[0.9132391336263425, 0.7749316508105263, 0.31023267888929273, 0.8673857703133321, 0.6071485320589973, 0.19023653875149005, 0.5041798957568706, 0.5050125616158849, 0.2848551641851509, 0.2971553891764208]","[0.6423134569639611, 1.0768760939477686]",-24.607276916503906,0.0,2589.9381628000065,76.76211325052597,1.0,0.0,0
314,"[0.6959948701337834, 0.4073014678883986, 0.22789197890735768, 0.5785487924242079, 0.701825087071986, 0.3138203272623701, 0.7008408895008554, 0.44790353794429444, 0.18890636475445843, 0.5484830646246303]","[0.6423134569639611, 1.0768760939477686]",-35.817039489746094,0.0,2485.520013010845,-33.75674999389935,1.0,0.0,0
315,"[0.9499374127901024, 0.7742121576308749, 0.6683038910507316, 0.23954514758784887, 0.011089156722484894, 0.1936102296078292, 0.9584644009640338, 0.46157143696555086, 0.23060342774884413, 0.299388924705722]","[0.6423134569639611, 1.0768760939477686]",-45.285850524902344,0.0,2999.3830704657807,-145.64042204499975,3.0,0.0,0
316,"[0.1928730888138819, 0.9391024261269678, 0.6388824807466811, 0.18034341964323086, 0.039234857168751164, 0.4105653692489666, 0.7375589191244967, 0.13185031115814005, 0.8632806558824839, 0.3200629844026679]","[0.6423134569639611, 1.0768760939477686]",-54.16690444946289,0.11,3528.1202553983844,-45.184716134091616,1.0,0.0,0
317,"[0.9132391336263425, 0.8122050151262458, 0.30150450668036366, 0.7348268087408062, 0.5851880848606459, 0.18322197135446927, 0.49210592073088233, 0.1936071069969488, 0.2195079915141478, 0.3072484738417379]","[0.6423134569639611, 1.0768760939477686]",-29.149097442626953,0.0,2589.0501225135736,-37.105604137674675,2.0,0.0,0
318,"[0.6959948701337834, 0.4073014678883986, 0.6417794541670516, 0.1763013156111882, 0.7312406583584447, 0.4916892839794019, 0.7008408895008554, 0.4931103229848808, 0.8550170776937314, 0.5484830646246303]","[0.6423134569639611, 1.0768760939477686]",-29.970294952392578,0.1,1925.804804595341,161.61084360172015,0.0,0.0,0
319,"[0.7332236760336273, 0.47324522682326287, 0.8952655532885787, 0.7143753415908921, 0.5220921065907778, 0.2866538741399862, 0.6461253634971851, 0.8795112388551989, 0.9943865120521964, 0.7971070576637819]","[0.6423134569639611, 1.0768760939477686]",-38.14011001586914,0.0,2002.6794780154264,-12.475298201527266,2.0,0.0,0
320,"[0.7178343572828981, 0.27540430254481946, 0.2754808528630017, 0.5687764618191626, 0.5908015925328217, 0.31330036366989367, 0.6884717861067948, 0.6190052908699862, 0.9835197455347637, 0.09972850724649798]","[0.6423134569639611, 1.0768760939477686]",-41.69024658203125,0.01,2317.628146257392,136.22359541720425,2.0,0.0,0
321,"[0.7178343572828981, 0.8313102040657877, 0.2754808528630017, 0.3994646077686477, 0.13877802449536014, 0.7527120136188995, 0.9974895182553118, 0.49893343345232155, 0.508125003041171, 0.5585347518598551]","[0.6423134569639611, 1.0768760939477686]",-24.6385555267334,0.01,1916.1870634958227,44.795409046283226,1.0,0.0,0
322,"[0.18581008030472257, 0.2615530463118, 0.22789197890735768, 0.5799720396981246, 0.7312406583584447, 0.31256320082266725, 0.7008408895008554, 0.4959442505110333, 0.18890636475445843, 0.5484830646246303]","[0.6423134569639611, 1.0768760939477686]",-34.25837707519531,0.01,2890.2038483419833,-61.576092078842294,1.0,0.0,0
323,"[0.9132391336263425, 0.831635280388991, 0.22697193889964618, 0.3165906783865636, 0.6089078108765937, 0.19023653875149005, 0.47518754355143467, 0.19493933421154064, 0.21379401498984807, 0.6014041791288685]","[0.6423134569639611, 1.0768760939477686]",-37.52062225341797,0.0,2676.830824507415,99.36709147830234,3.0,0.0,0
324,"[0.12016143031826065, 0.6084137114283611, 0.21800599018133354, 0.535783822076281, 0.05855432012728723, 0.8492106117431006, 0.9205278618306015, 0.28160408179042584, 0.5274809410749616, 0.08535616172648453]","[0.6423134569639611, 1.0768760939477686]",-42.346107482910156,0.23,2846.2533310625595,-169.42879475401918,2.0,0.0,0
325,"[0.6959948701337834, 0.25708713606560063, 0.2921175580580184, 0.5825827744485059, 0.7312406583584447, 0.3138203272623701, 0.7008408895008554, 0.48661132260190665, 0.18890636475445843, 0.5817654111254826]","[0.6423134569639611, 1.0768760939477686]",-32.37224197387695,0.01,2624.990708634064,-29.194042156595685,1.0,0.0,0
326,"[0.9763399242407993, 0.8122050151262458, 0.30150450668036366, 0.7377848741837365, 0.5860938297615466, 0.24192746716643154, 0.4921429017942372, 0.5013666104611588, 0.2195079915141478, 0.3135254943345864]","[0.6423134569639611, 1.0768760939477686]",-29.151866912841797,0.0,2750.9483503311317,-45.437326770956645,1.0,0.0,0
327,"[0.1780206302196283, 0.7872321279852993, 0.6386942449541069, 0.6403370455081174, 0.022939802481954152, 0.49380306233066207, 0.5815636253078544, 0.5076318287712571, 0.8570675045486709, 0.5727010249035646]","[0.6423134569639611, 1.0768760939477686]",-31.576887130737305,0.02,2221.368199286556,-24.530401427950608,1.0,0.0,0
328,"[0.7321149929242733, 0.47553709176616965, 0.8880321199869642, 0.7143753415908921, 0.5466491083685876, 0.14100772972343523, 0.6409217731665895, 0.9051007600961747, 0.9943865120521964, 0.5333024363302947]","[0.6423134569639611, 1.0768760939477686]",-36.740577697753906,0.0,2157.160850449272,37.016100142882834,0.0,0.0,0
329,"[0.19606049756179597, 0.3802429651384649, 0.6420304232547049, 0.9051507074391362, 0.3473163302461271, 0.41078339998540775, 0.7375800298732027, 0.8400420448706922, 0.0954260124623964, 0.30441919878780976]","[0.6423134569639611, 1.0768760939477686]",-51.99281692504883,0.01,2789.461322676593,-56.18008077641292,2.0,0.0,0
330,"[0.7313041113470593, 0.7639406076775883, 0.30150450668036366, 0.5802521835408901, 0.6071485320589973, 0.1403350701339534, 0.5700306832043833, 0.5050125616158849, 0.3542773375306158, 0.2971553891764208]","[0.6423134569639611, 1.0768760939477686]",-33.991920471191406,0.0,2307.710017873659,146.77206194309935,0.0,0.0,0
331,"[0.17154757235849233, 0.43649598114953503, 0.6419175904033568, 0.8970821187216039, 0.28879164900942544, 0.5452247211433346, 0.5770798329599061, 0.49866886134850175, 0.17729102276320477, 0.35622164118008504]","[0.6423134569639611, 1.0768760939477686]",-34.25837707519531,0.01,2764.7425764837335,-114.45960477683002,1.0,0.0,0
332,"[0.6959948701337834, 0.2615530463118, 0.20963819955633878, 0.5800284530205562, 0.9034207148179436, 0.150680630864706, 0.7008408895008554, 0.4931103229848808, 0.19200967827707965, 0.548534920333134]","[0.6423134569639611, 1.0768760939477686]",-41.98359298706055,0.01,2997.2913453259976,46.8171754696715,0.0,0.0,0
333,"[0.9132391336263425, 0.8122050151262458, 0.8846514038953667, 0.7377848741837365, 0.6595420850433964, 0.19012325156339654, 0.6363835082037579, 0.8743933238658341, 0.1873069178183085, 0.7951355720060819]","[0.6423134569639611, 1.0768760939477686]",-32.22021484375,0.0,2286.385756775242,-40.4585110785344,0.0,0.0,1
334,"[0.6962438845681983, 0.2589282584867382, 0.29886744180160696, 0.7393901083134431, 0.6634920878573379, 0.7064945958545882, 0.7008408895008554, 0.48661132260190665, 0.18462675524582017, 0.32532902150443266]","[0.6423134569639611, 1.0768760939477686]",-39.84800338745117,0.01,2555.5534781734823,-14.443271475665199,1.0,0.0,0
335,"[0.19593937146249965, 0.7928864205118956, 0.6755674759323412, 0.9051507074391362, 0.3274177736675301, 0.41078339998540775, 0.5831183616287481, 0.49866886134850175, 0.18380163548805178, 0.3236896985732351]","[0.6423134569639611, 1.0768760939477686]",-38.85530471801758,0.0,2662.964514672319,11.081416773008328,0.0,0.0,0
336,"[0.6576467600079774, 0.8116157654161947, 0.6545090038139303, 0.7631188626362316, 0.998255345005955, 0.16691335878547553, 0.7742845564026611, 0.4620030540598343, 0.09368549297431539, 0.2351566749028886]","[0.6423134569639611, 1.0768760939477686]",-17.341426849365234,0.0,2323.693950705652,38.00133027389285,1.0,0.0,0
337,"[0.6959948701337834, 0.2615530463118, 0.2921175580580184, 0.5480311521089392, 0.6369135528649519, 0.3138203272623701, 0.7033421173185185, 0.49735414209895495, 0.25221217624785364, 0.6011314355890973]","[0.6423134569639611, 1.0768760939477686]",-31.20079231262207,0.01,2486.6423321147518,-15.126230820278238,1.0,0.0,0
338,"[0.15266817106487252, 0.8148232021486609, 0.29103187623438337, 0.15848534373719075, 0.6089078108765937, 0.4161828929836804, 0.5946674686381681, 0.9762159928797167, 0.8570740172404552, 0.6099933963397857]","[0.6423134569639611, 1.0768760939477686]",-34.96553421020508,0.15,2765.193687217986,-45.035156783574394,1.0,0.0,0
339,"[0.19606049756179597, 0.9380685848476074, 0.6420304232547049, 0.9051507074391362, 0.3455209512729087, 0.4940210930671032, 0.736046404301195, 0.15308398270555562, 0.1780891735127575, 0.5370978476257507]","[0.6423134569639611, 1.0768760939477686]",-41.31367874145508,0.0,3191.9720089122284,-7.237933012731787,0.0,0.0,1
340,"[0.9132391336263425, 0.8122050151262458, 0.30150450668036366, 0.7608036643142521, 0.6098135557774944, 0.19023653875149005, 0.4959761252510305, 0.5037174532270878, 0.2195079915141478, 0.5913110945909306]","[0.6423134569639611, 1.0768760939477686]",-35.86640167236328,0.0,2445.4911815867304,-6.698174551381101,0.0,0.0,1
341,"[0.19275196271458558, 0.7918688561350132, 0.055649637685715764, 0.13352224375353416, 0.022939802481954152, 0.31593142544912134, 0.5815636253078544, 0.5076318287712571, 0.8063946284063278, 0.5727010249035646]","[0.6423134569639611, 1.0768760939477686]",-45.56147003173828,0.08,2767.746963841178,130.62103048921256,3.0,0.0,0
342,"[0.7332236760336273, 0.47324522682326287, 0.8260744572361358, 0.7143753415908921, 0.46720054768521624, 0.1379780658282635, 0.6461253634971851, 0.8561033561303246, 0.9943865120521964, 0.870211417731388]","[0.6423134569639611, 1.0768760939477686]",-27.919166564941406,0.01,2255.194517709517,-44.265138723975724,1.0,0.0,0
343,"[0.6376365437397323, 0.6138151203372133, 0.22878738716417746, 0.5156858572128133, 0.9314994667781543, 0.39879674697438383, 0.9217589730448765, 0.23854451681156735, 0.05919464671039454, 0.8806055641353647]","[0.6423134569639611, 1.0768760939477686]",-51.968448638916016,0.0,2834.5312354435787,-281.89266167825815,1.0,0.0,0
344,"[0.18581008030472257, 0.8733693145770829, 0.22789197890735768, 0.4106601856476117, 0.7312406583584447, 0.847028351409711, 0.988950416716148, 0.4931103229848808, 0.18890636475445843, 0.5385925098112949]","[0.6423134569639611, 1.0768760939477686]",-41.73749542236328,0.07,3175.246530841372,-339.47120415815493,1.0,0.0,0
345,"[0.17192922745468864, 0.4046743805336618, 0.22789197890735768, 0.5601543959649459, 0.6918232336376026, 0.34186676118778875, 0.6681811142578367, 0.6273393738965372, 0.16731934508225013, 0.07986356484450141]","[0.6423134569639611, 1.0768760939477686]",-33.20030975341797,0.01,2548.0298303328727,-11.442470051359464,1.0,0.0,0
346,"[0.7344275977945249, 0.2615530463118, 0.87608079704321, 0.555379344425188, 0.5144001662604184, 0.29927226008321783, 0.7033421173185185, 0.4676827725247893, 0.25221217624785364, 0.6011314355890973]","[0.6423134569639611, 1.0768760939477686]",-35.10107421875,0.01,2536.4332006273794,-56.54606656803634,2.0,0.0,0
347,"[0.17137273972309652, 0.4073014678883986, 0.233379861051081, 0.1274012230174053, 0.7312406583584447, 0.31381764709775967, 0.6429592769272648, 0.4931103229848808, 0.8037983592479176, 0.5484830646246303]","[0.6423134569639611, 1.0768760939477686]",-38.22423553466797,0.09,2621.660917542559,-64.18396065341227,1.0,0.0,0
348,"[0.6947909483728856, 0.47324522682326287, 0.2777160280523784, 0.7055474886781778, 0.7090419342641064, 0.14138651307888908, 0.6461253634971851, 0.8639709850067064, 0.9943865120521964, 0.7971070576637819]","[0.6423134569639611, 1.0768760939477686]",-31.927419662475586,0.02,2375.286884873155,-76.84737953507653,1.0,0.0,0
349,"[0.7104371782905533, 0.2615530463118, 0.22789197890735768, 0.582057494211998, 0.7312406583584447, 0.3138203272623701, 0.7008408895008554, 0.4931103229848808, 0.27088262739948255, 0.5484830646246303]","[0.6423134569639611, 1.0768760939477686]",-32.37224197387695,0.01,2557.727164948873,26.385882191206292,1.0,0.0,0
350,"[0.18465579183594688, 0.6062983742440193, 0.303319954944895, 0.773557115188084, 0.7304746167195888, 0.39879674697438383, 0.9863221081506648, 0.4933069737937227, 0.06490895738684763, 0.8806350809002281]","[0.6423134569639611, 1.0768760939477686]",-53.2757453918457,0.01,2708.225064881609,-0.833422955156891,1.0,0.0,0
351,"[0.17154757235849233, 0.43649598114953503, 0.7623983255692379, 0.8970821187216039, 0.28879164900942544, 0.5452247211433346, 0.5770798329599061, 0.49866886134850175, 0.18102835327637082, 0.35622164118008504]","[0.6423134569639611, 1.0768760939477686]",-32.39122009277344,0.01,2848.045847059147,-118.68760576167517,1.0,0.0,0
352,"[0.8944671067596169, 0.7928864205118956, 0.6418421874621307, 0.9051507074391362, 0.25625675129485537, 0.17150591114313932, 0.5824088943899385, 0.49835981529569745, 0.18380163548805178, 0.3236896985732351]","[0.6423134569639611, 1.0768760939477686]",-23.892988204956055,0.0,2565.888842473855,224.85231469920214,1.0,0.0,0
353,"[0.12425150218101877, 0.5118814273652947, 0.8479192023034463, 0.4049813865018578, 0.05855432012728723, 0.8161778136435193, 0.6980225381593567, 0.6593561917066686, 0.5257783000795696, 0.08535616172648453]","[0.6423134569639611, 1.0768760939477686]",-56.37615203857422,0.12,3176.473076661745,-85.86451253290318,0.0,0.0,1
354,"[0.18581008030472257, 0.2615530463118, 0.22789197890735768, 0.5799720396981246, 0.7312406583584447, 0.18540656527202054, 0.7811676855886889, 0.4931103229848808, 0.18890636475445843, 0.5676166222035847]","[0.6423134569639611, 1.0768760939477686]",-45.69658660888672,0.02,3141.081906154099,-231.35755518401066,1.0,0.0,0
355,"[0.19606049756179597, 0.47264281561273475, 0.6420304232547049, 0.7233865733380691, 0.5668590334958983, 0.4940210930671032, 0.6468452713704891, 0.15308398270555562, 0.1780891735127575, 0.5370978476257507]","[0.6423134569639611, 1.0768760939477686]",-40.57878494262695,0.0,2332.2167007503353,110.14778971328627,0.0,0.0,0
356,"[0.9175006874832388, 0.8141111985548236, 0.6388824807466811, 0.7056670903139944, 0.03680695537412643, 0.49380306233066207, 0.7412288838830838, 0.8840131228306789, 0.16516595880945822, 0.7789590531767414]","[0.6423134569639611, 1.0768760939477686]",-47.39567565917969,0.25,2815.3946709685606,-124.72352296843667,3.0,0.0,0
357,"[0.1780206302196283, 0.9403543009788404, 0.6386191675458333, 0.6354551707854865, 0.36054754418603174, 0.49380306233066207, 0.5815636253078544, 0.5076318287712571, 0.8570675045486709, 0.5727010249035646]","[0.6423134569639611, 1.0768760939477686]",-37.94709777832031,0.0,2274.074846524269,-79.41184517887359,1.0,0.0,0
358,"[0.7332236760336273, 0.47324522682326287, 0.8260744572361358, 0.7143753415908921, 0.4870830556867919, 0.1379780658282635, 0.6461253634971851, 0.8557945248558594, 0.9552381002304909, 0.5671397885711902]","[0.6423134569639611, 1.0768760939477686]",-24.44707489013672,0.0,2096.475426706627,118.35372193570271,0.0,0.0,0
359,"[0.6959948701337834, 0.3873013748779244, 0.21861164902389418, 0.15205423620066244, 0.7312406583584447, 0.31381767467444777, 0.7008408895008554, 0.4931103229848808, 0.18465433519064045, 0.5484830646246303]","[0.6423134569639611, 1.0768760939477686]",-35.742942810058594,0.0,2751.595311929221,-143.49190408718766,1.0,0.0,0
360,"[0.1670016189552783, 0.7872321279852993, 0.6386942449541069, 0.7122267850671291, 0.022939802481954152, 0.19263863573580267, 0.5816533972216217, 0.9546859997439434, 0.8570675045486709, 0.5727010249035646]","[0.6423134569639611, 1.0768760939477686]",-46.8659553527832,0.02,2768.2506844456234,48.31106004869474,3.0,0.0,0
361,"[0.6576467600079774, 0.7743424011004754, 0.6328170031645214, 0.8478117345456923, 0.9775394817039922, 0.11727609441247633, 0.7825153662907529, 0.46233915766906236, 0.18347386253408463, 0.22384859947757552]","[0.6423134569639611, 1.0768760939477686]",-16.8050594329834,0.0,2259.7318637116423,25.55992588352734,1.0,0.0,0
362,"[0.19576793360132538, 0.8189279682381947, 0.6353817104327938, 0.7377848741837365, 0.3532124216193169, 0.19012325156339654, 0.6363835082037579, 0.8743933238658341, 0.1873069178183085, 0.5369168076339329]","[0.6423134569639611, 1.0768760939477686]",-43.74268341064453,0.0,2967.087712603173,-248.93272545897895,2.0,0.0,0
363,"[0.19606049756179597, 0.9390941984347165, 0.6420304232547049, 0.8902186437311805, 0.2985515192452275, 0.5054808899797072, 0.7285201958200721, 0.10267324368996422, 0.18380163548805178, 0.5894384389650842]","[0.6423134569639611, 1.0768760939477686]",-40.02680206298828,0.0,3323.1219686043205,31.187557632741516,0.0,0.0,0
364,"[0.9132391336263425, 0.8122050151262458, 0.8846514038953667, 0.7377848741837365, 0.4877446237998263, 0.19012325156339654, 0.6512049793059547, 0.8757724838370707, 0.1873069178183085, 0.7787650026713322]","[0.6423134569639611, 1.0768760939477686]",-34.52580642700195,0.0,2553.280855762258,-40.4585110785344,1.0,0.0,0
365,"[0.1553521360731167, 0.6062983742440193, 0.6128878773704741, 0.7534318124659116, 0.9314994667781543, 0.41665901730156113, 0.8197059657201606, 0.23818207021582088, 0.09736431031952841, 0.9009210680343345]","[0.6423134569639611, 1.0768760939477686]",-53.14519500732422,0.0,3110.7968822598405,-79.58477864095983,0.0,0.0,1
366,"[0.9132391336263425, 0.8243591347020154, 0.3011228486247614, 0.49694696321234566, 0.610653091291585, 0.19023653875149005, 0.5096027067317671, 0.6237639071801468, 0.16418571776189936, 0.30033927599545873]","[0.6423134569639611, 1.0768760939477686]",-35.79389953613281,0.0,3022.244802343011,-43.64545981856304,1.0,0.0,0
367,"[0.12587503378117615, 0.9356198149725226, 0.6388824807466811, 0.18034341964323086, 0.027120418707707705, 0.49380306233066207, 0.7412288838830838, 0.45814058768817256, 0.8576133468521416, 0.6352458830588394]","[0.6423134569639611, 1.0768760939477686]",-44.633872985839844,0.1,3016.2559541474966,-35.50821421075864,1.0,0.0,0
368,"[0.9132391336263425, 0.8122050151262458, 0.8846514038953667, 0.7377848741837365, 0.5860938297615466, 0.19012325156339654, 0.6388448421519257, 0.8447291962398683, 0.18748639130874725, 0.7951355720060819]","[0.6423134569639611, 1.0768760939477686]",-32.524478912353516,0.0,2355.558688491383,-40.45386325895339,0.0,0.0,1
369,"[0.19593937146249965, 0.7931652910198688, 0.6418421874621307, 0.9082534581299229, 0.3274177736675301, 0.1938712117931971, 0.5831183616287481, 0.49866886134850175, 0.18380163548805178, 0.3236896985732351]","[0.6423134569639611, 1.0768760939477686]",-29.574464797973633,0.0,2744.363428761031,-36.818470299141154,1.0,0.0,0
370,"[0.17956177946925567, 0.2606990352928116, 0.6257227567665211, 0.8970821187216039, 0.26656493033423906, 0.7097676891651918, 0.5728583355515097, 0.49866886134850175, 0.18428225851799768, 0.3564048705818854]","[0.6423134569639611, 1.0768760939477686]",-41.76277160644531,0.02,2903.157197051674,-13.240555615287803,2.0,0.0,0
371,"[0.1618872374200731, 0.9380768125398586, 0.6388824807466811, 0.18492063424900587, 0.055329422856532806, 0.49345617748944137, 0.8059581854796578, 0.46157143696555086, 0.8676835524844475, 0.30017349858364273]","[0.6423134569639611, 1.0768760939477686]",-51.60982131958008,0.11,3218.2931530218066,-115.84578425987684,1.0,0.0,0
372,"[0.638791390836001, 0.8733693145770829, 0.22789197890735768, 0.4106601856476117, 0.9322645602730952, 0.847028351409711, 0.8248881888696511, 0.23074584625673553, 0.18890636475445843, 0.5385925098112949]","[0.6423134569639611, 1.0768760939477686]",-35.99423599243164,0.0,2622.067195708253,-60.490251029047386,3.0,0.0,0
373,"[0.9132391336263425, 0.8122050151262458, 0.9152530181804822, 0.7377848741837365, 0.5860938297615466, 0.19012325156339654, 0.6363835082037579, 0.8743933238658341, 0.1873069178183085, 0.7951355720060819]","[0.6423134569639611, 1.0768760939477686]",-31.920856475830078,0.0,2422.657442221081,-40.4585110785344,0.0,0.0,1
374,"[0.2143868779817163, 0.8122050151262458, 0.30150450668036366, 0.7608036643142521, 0.6158169559624829, 0.4295140378829423, 0.4966855924898402, 0.5040264992798922, 0.2195079915141478, 0.5913110945909306]","[0.6423134569639611, 1.0768760939477686]",-29.6030216217041,0.0,2378.36023917563,60.940633840197165,0.0,0.0,0
375,"[0.691938185759012, 0.2615530463118, 0.3014871227611905, 0.5360193248251804, 0.6369135528649519, 0.31388657463302505, 0.9829620981467965, 0.49735414209895495, 0.25221217624785364, 0.6011314355890973]","[0.6423134569639611, 1.0768760939477686]",-32.51774215698242,0.21,2778.89157673787,-27.45313821738199,3.0,0.0,0
376,"[0.9141163128549862, 0.8240151573095804, 0.369803891083072, 0.7432368257283319, 0.9137873682625187, 0.3193220565053234, 0.7028022984146898, 0.8805979593420071, 0.217942480542411, 0.5487540760282693]","[0.6423134569639611, 1.0768760939477686]",-40.142234802246094,0.02,2263.5190077066172,-45.15908984956701,2.0,0.0,0
377,"[0.7332236760336273, 0.9384918875935826, 0.8333078905381964, 0.8961394325991434, 0.3183057883347176, 0.2832454267082888, 0.7353264964278909, 0.8795112388551989, 0.9943865120521964, 0.7931627836188222]","[0.6423134569639611, 1.0768760939477686]",-27.214153289794922,0.01,2505.7586557397403,33.776184026236365,1.0,0.0,0
378,"[0.12097503069192544, 0.9337136113044402, 0.8972306079180147, 0.21246364125861544, 0.5915357816239422, 0.19012325156339654, 0.6380034002110364, 0.11914448441165365, 0.8796199358363532, 0.7970817028436183]","[0.6423134569639611, 1.0768760939477686]",-62.605899810791016,0.08,3775.5399440360093,-376.9071775621063,3.0,0.0,0
379,"[0.19606049756179597, 0.7859717130320967, 0.6421055006629786, 0.91003063851901, 0.011600782982806729, 0.41078339998540775, 0.7375800298732027, 0.14443890623440064, 0.18380163548805178, 0.3236896985732351]","[0.6423134569639611, 1.0768760939477686]",-50.5361328125,0.0,3217.0725277324036,-87.97494563902694,1.0,0.0,0
380,"[0.9132391336263425, 0.8122050151262458, 0.30150450668036366, 0.7377848741837365, 0.5860938297615466, 0.19023653875149005, 0.3791866989002843, 0.5027476601850123, 0.2195079915141478, 0.2971553891764208]","[0.6423134569639611, 1.0768760939477686]",-31.817413330078125,0.0,2571.980945037153,-32.012473017840534,1.0,0.0,0
381,"[0.7332900550675044, 0.8240151573095804, 0.369803891083072, 0.5661156383514602, 0.9077886261271069, 0.14138560925068722, 0.9161028785455432, 0.8809067906164725, 0.38335143149892775, 0.8709589901809613]","[0.6423134569639611, 1.0768760939477686]",-40.05715560913086,0.02,2504.0088734868727,93.39686482006405,1.0,0.0,0
382,"[0.6295410160491148, 0.25708713606560063, 0.2921175580580184, 0.5600132840706594, 0.7312406583584447, 0.3138202996856819, 0.7008408895008554, 0.48661132260190665, 0.8080518094988963, 0.5817654111254826]","[0.6423134569639611, 1.0768760939477686]",-41.05509567260742,0.01,2316.5064831874156,-109.78759642853908,1.0,0.0,0
383,"[0.990655180146129, 0.44669208795103965, 0.9080167027008205, 0.6406263967128709, 0.12001411956233443, 0.4734534346005269, 0.6054931202168147, 0.49784780013031105, 0.49515242796128933, 0.7971070576637819]","[0.6423134569639611, 1.0768760939477686]",-43.29750061035156,0.09,2442.9491198553746,108.39507764586452,2.0,0.0,0
384,"[0.18581008030472257, 0.8733693145770829, 0.22789197890735768, 0.4359738338046555, 0.7312406583584447, 0.8569396866438337, 0.9715011146232237, 0.49277421937565274, 0.09911799523108869, 0.5385925098112949]","[0.6423134569639611, 1.0768760939477686]",-44.115840911865234,0.08,3378.0983106182643,-358.9752813844684,1.0,0.0,0
385,"[0.9131857328911284, 0.9313456012829616, 0.891299780872298, 0.9051507074391362, 0.6518506146902207, 0.4940210930671032, 0.736046404301195, 0.15308398270555562, 0.1780891735127575, 0.7953166109548258]","[0.6423134569639611, 1.0768760939477686]",-3.6685099601745605,0.0,1924.5743163798693,204.3586491471156,1.0,0.0,0
386,"[0.7052233504960224, 0.94675647026499, 0.6390262522229664, 0.16838136236199247, 0.345818169530024, 0.4703528869424145, 0.7985834184124646, 0.6982950635866185, 0.9050303470421951, 0.4022178901968798]","[0.6423134569639611, 1.0768760939477686]",-17.671491622924805,0.25,3015.8816081526966,-143.5957705539759,1.0,0.0,0
387,"[0.6718842321154471, 0.850551259756355, 0.23226697930037055, 0.36744478305896533, 0.1372868551722287, 0.8138487858142127, 0.9796258488514935, 0.6495507338494365, 0.508125003041171, 0.08980323054651848]","[0.6423134569639611, 1.0768760939477686]",-30.922273635864258,0.01,2630.146708691213,-74.06028107441387,1.0,0.0,0
388,"[0.6751660992420035, 0.7742121576308749, 0.3482633362784378, 0.15010300351764266, 0.04562325132260525, 0.3987086919878526, 0.9613701693523348, 0.46157143696555086, 0.8367058231690483, 0.27722725028977824]","[0.6423134569639611, 1.0768760939477686]",-44.770118713378906,0.11,3057.4975285151436,-302.814595677399,2.0,0.0,0
389,"[0.17192922745468864, 0.383793824744522, 0.22827363696296, 0.7506070906158034, 0.6883186744050148, 0.34186676118778875, 0.6545274950120993, 0.5085880283322752, 0.22264161883449865, 0.07668080445039974]","[0.6423134569639611, 1.0768760939477686]",-26.154460906982422,0.0,2682.934999667077,-12.490613381613912,1.0,0.0,0
390,"[0.1927553546387115, 0.9380768125398586, 0.6388824807466811, 0.1602743126680698, 0.011089156722484894, 0.49380306233066207, 0.8875876999508979, 0.13083827690223854, 0.8456568839880548, 0.32694363508701846]","[0.6423134569639611, 1.0768760939477686]",-51.460506439208984,0.11,3434.832878684279,-159.10778202173975,0.0,0.0,1
391,"[0.9132391336263425, 0.8122050151262458, 0.30150450668036366, 0.7377848741837365, 0.5860938297615466, 0.19023653875149005, 0.48968156784606753, 0.5043565352530375, 0.21932851802370903, 0.2971553891764208]","[0.6423134569639611, 1.0768760939477686]",-31.888614654541016,0.0,2653.398508835138,-32.148892358711294,0.0,0.0,1
392,"[0.9132391336263425, 0.8119261446182726, 0.30150450668036366, 0.7577009034649452, 0.6098135557774944, 0.4071487273039113, 0.4959761252510305, 0.5037174532270878, 0.2195079915141478, 0.5913110945909306]","[0.6423134569639611, 1.0768760939477686]",-23.492712020874023,0.0,2348.465726201451,27.43705858160547,1.0,0.0,0
393,"[0.6882321776266425, 0.43472520434434936, 0.3150622758415297, 0.7393901083134431, 0.685718825197074, 0.4550976127339138, 0.7050623869092463, 0.49323189476465457, 0.17763551949102724, 0.3251457921026323]","[0.6423134569639611, 1.0768760939477686]",-22.47555160522461,0.0,2186.803695238713,35.375294116652555,2.0,0.0,0
394,"[0.6648017546021039, 0.8531594799312694, 0.2754808528630017, 0.5578078320039498, 0.6938035788852899, 0.3264658178504993, 0.9866907830002956, 0.6283084586743911, 0.07473992970036314, 0.5461401405627684]","[0.6423134569639611, 1.0768760939477686]",-42.38255310058594,0.0,2698.6853924459338,-117.2971248702629,1.0,0.0,0
395,"[0.1780206302196283, 0.8113870040497517, 0.2958817088648382, 0.7573352449289225, 0.6158283734702823, 0.49380306233066207, 0.5869866735256335, 0.5076318287712571, 0.8570675045486709, 0.5713126188941273]","[0.6423134569639611, 1.0768760939477686]",-37.294891357421875,0.0,1940.978277673915,54.21934854268818,0.0,0.0,0
396,"[0.6680960892178902, 0.2589282584867382, 0.29886744180160696, 0.7884650505836682, 0.6634920878573379, 0.413055507399296, 0.7008408895008554, 0.42964010006536424, 0.1838190725654974, 0.32519691520852106]","[0.6423134569639611, 1.0768760939477686]",-35.667720794677734,0.01,2429.005338728561,105.36956655453398,1.0,0.0,0
397,"[0.892620566413582, 0.9493980206676288, 0.6419198686154346, 0.6117947932830242, 0.5860938297615466, 0.19012325156339654, 0.5646790826201818, 0.8757724838370707, 0.23972253801863547, 0.7787650026713322]","[0.6423134569639611, 1.0768760939477686]",-43.121063232421875,0.0,2331.1855853781017,65.46174448410122,2.0,0.0,0
398,"[0.9132391336263425, 0.7880501390617933, 0.637833634988734, 0.6403751715011902, 0.019537777074685847, 0.19023653875149005, 0.49594908748605354, 0.5050125616158849, 0.2195079915141478, 0.2985437952290011]","[0.6423134569639611, 1.0768760939477686]",-53.691078186035156,0.0,3180.241811399321,1.1863699953185574,1.0,0.0,0
399,"[0.2242089313073008, 0.9390941984347165, 0.6420304232547049, 0.9051507074391362, 0.34513148722863524, 0.7042224883288755, 0.7375800298732027, 0.1489783557469211, 0.18460931816837456, 0.32382180486914675]","[0.6423134569639611, 1.0768760939477686]",-40.224246978759766,0.01,3356.675608489118,-190.53198064733886,1.0,0.0,0
400,"[0.9014144071011193, 0.8122050151262458, 0.30150450668036366, 0.7377848741837365, 0.5860938297615466, 0.19023653875149005, 0.3791866989002843, 0.5027476601850123, 0.13905976923582375, 0.2971553891764208]","[0.6423134569639611, 1.0768760939477686]",-38.24813461303711,0.0,2697.043119850305,-33.74025651729113,1.0,0.0,0
401,"[0.6648017546021039, 0.8509849037823496, 0.2754808528630017, 0.12306323422721521, 0.6938035788852899, 0.3264658178504993, 0.9866907830002956, 0.09957641505127351, 0.07473992970036314, 0.2964416296151229]","[0.6423134569639611, 1.0768760939477686]",-48.763832092285156,0.0,2600.1120227094857,182.42743915788856,3.0,0.0,0
402,"[0.12425150218101877, 0.5118814273652947, 0.8479192023034463, 0.4049813865018578, 0.05855432012728723, 0.8453389216690299, 0.49469541181644083, 0.6149166534121296, 0.16288988826056505, 0.31147250085326816]","[0.6423134569639611, 1.0768760939477686]",-46.68930435180664,0.21,3517.9381457499094,-328.995538710309,2.0,0.0,0
403,"[0.9132391336263425, 0.8122050151262458, 0.9152530181804822, 0.7258534117069092, 0.5860938297615466, 0.19012325156339654, 0.7414591928588298, 0.9070867202946465, 0.1873069178183085, 0.9331931594936452]","[0.6423134569639611, 1.0768760939477686]",-49.00029373168945,0.0,2322.8782759745995,-60.34168475019612,1.0,0.0,0
404,"[0.18525348267353814, 0.46883090226355595, 0.8572077626674076, 0.7703358772920863, 0.05855432012728723, 0.8418955837519252, 0.978766022952141, 0.6275278551763865, 0.5257783000795696, 0.08535616172648453]","[0.6423134569639611, 1.0768760939477686]",-50.19149398803711,0.07,3188.5322612110717,29.01931798344492,1.0,0.0,0
405,"[0.19606049756179597, 0.7606486123684513, 0.6420304232547049, 0.9051507074391362, 0.34513148722863524, 0.41078339998540775, 0.5755237311310116, 0.14443890623440064, 0.18380163548805178, 0.3236896985732351]","[0.6423134569639611, 1.0768760939477686]",-44.65839385986328,0.0,2863.578015379825,-35.74446919797418,0.0,0.0,1
406,"[0.22521484290960914, 0.8122050151262458, 0.7962561733520206, 0.5893228758488678, 0.6317505667784911, 0.19080769056962602, 0.7003074146744784, 0.8679438297991271, 0.1873069178183085, 0.5376922965488538]","[0.6423134569639611, 1.0768760939477686]",-44.10361099243164,0.0,2313.1408843691884,-28.652840642995955,1.0,0.0,0
407,"[0.9132391336263425, 0.8122050151262458, 0.6390544072926918, 0.7533682316423743, 0.5860938297615466, 0.1807474094481083, 0.40240257197039264, 0.2405007050620853, 0.2195079915141478, 0.8755468711704213]","[0.6423134569639611, 1.0768760939477686]",-20.000085830688477,0.0,2010.4488315589256,58.29293096406377,3.0,0.0,0
408,"[0.6959948701337834, 0.32913555351819634, 0.2925508818415275, 0.5800284530205562, 0.7312406583584447, 0.3138203272623701, 0.7008408895008554, 0.49307246042967307, 0.18890636475445843, 0.5484830646246303]","[0.6423134569639611, 1.0768760939477686]",-18.49555015563965,0.01,2544.3026488377923,-32.07318548538768,1.0,0.0,0
409,"[0.9230325159068763, 0.7898540275328322, 0.8924454677233924, 0.7377848741837365, 0.5860938297615466, 0.19012325156339654, 0.6380495798521033, 0.9040890407591871, 0.1454032307855521, 0.5465584951962645]","[0.6423134569639611, 1.0768760939477686]",-28.161209106445312,0.0,2386.556717700432,-65.611934313483,1.0,0.0,0
410,"[0.7031044643364628, 0.925554522794269, 0.22789197890735768, 0.19444463998001543, 0.721018236078668, 0.3138203272623701, 0.7008408895008554, 0.45850514003927834, 0.8839888094350935, 0.5505202305448575]","[0.6423134569639611, 1.0768760939477686]",-41.17665100097656,0.12,3127.3345499609545,-143.62405163185218,2.0,0.0,0
411,"[0.19606049756179597, 0.9380084217637503, 0.6420304232547049, 0.9051507074391362, 0.3455209512729087, 0.16568480456938775, 0.49313399312485096, 0.15308398270555562, 0.22060719328989375, 0.5370978476257507]","[0.6423134569639611, 1.0768760939477686]",-40.053707122802734,0.0,3347.7067811289994,-200.73916973037433,3.0,0.0,0
412,"[0.9132391336263425, 0.744825735589771, 0.23176629091849565, 0.7377848741837365, 0.6595420850433964, 0.19012325156339654, 0.6363835082037579, 0.5188190677766845, 0.1873069178183085, 0.7951355720060819]","[0.6423134569639611, 1.0768760939477686]",-28.25218391418457,0.0,2660.543963688209,-40.4585110785344,0.0,0.0,1
413,"[0.9132391336263425, 0.7738126837746371, 0.29261205662731576, 0.7382571021330554, 0.5963057655459381, 0.28733973938924595, 0.6269429331218488, 0.19231200196737094, 0.2195079915141478, 0.6014041791288685]","[0.6423134569639611, 1.0768760939477686]",-17.392559051513672,0.0,2748.879948015491,-46.888174736809674,2.0,0.0,0
414,"[0.12425150218101877, 0.5118814273652947, 0.8479192023034463, 0.4049813865018578, 0.05855432012728723, 0.8161778136435193, 0.694497417505997, 0.6888934973762005, 0.5096974301054518, 0.08535616172648453]","[0.6423134569639611, 1.0768760939477686]",-56.8886604309082,0.12,3179.40323318952,-103.81573926574555,0.0,0.0,1
415,"[0.19593937146249965, 0.7931652910198688, 0.6418421874621307, 0.9082534581299229, 0.3274177736675301, 0.19009225378528807, 0.5831183616287481, 0.8670116318042455, 0.1835833526793272, 0.8264666654503787]","[0.6423134569639611, 1.0768760939477686]",-40.19355010986328,0.02,3190.2895400478346,-276.3743311239341,2.0,0.0,0
416,"[0.17795235412774013, 0.6074537632376265, 0.30150450668036366, 0.7376790015862916, 0.5860938297615466, 0.19023653875149005, 0.475135779910446, 0.5027476601850123, 0.0964822248752917, 0.2971553891764208]","[0.6423134569639611, 1.0768760939477686]",-25.98951530456543,0.0,2794.536545350416,-46.759581816714274,1.0,0.0,0
417,"[0.1927553546387115, 0.8665762180801252, 0.6388824807466811, 0.1602743126680698, 0.011089156722484894, 0.49380306233066207, 0.8875876999508979, 0.44947430186830173, 0.8456568839880548, 0.2878761807654356]","[0.6423134569639611, 1.0768760939477686]",-52.867000579833984,0.11,3105.797929125573,-205.6721893764166,1.0,0.0,0
418,"[0.5922973372721096, 0.24115802906575823, 0.2921175580580184, 0.7390314589459728, 0.5876868742799961, 0.30183346681064804, 0.7008408895008554, 0.48661132260190665, 0.8080518094988963, 0.5817654111254826]","[0.6423134569639611, 1.0768760939477686]",-35.40606689453125,0.01,2280.9972337818112,-115.00821634026545,0.0,0.0,1
419,"[0.9083055240626711, 0.8122050151262458, 0.2978414912212659, 0.7608036643142521, 0.6098135557774944, 0.19023653875149005, 0.5026028434980334, 0.5037174532270878, 0.18336774983915516, 0.5913110945909306]","[0.6423134569639611, 1.0768760939477686]",-37.52062225341797,0.0,2504.431870706563,5.8996206774839095,0.0,0.0,0
420,"[0.9763709590862932, 0.8122050151262458, 0.9428590373143824, 0.7377848741837365, 0.5860938297615466, 0.19012325156339654, 0.6363835082037579, 0.8743933238658341, 0.1873069178183085, 0.7951355720060819]","[0.6423134569639611, 1.0768760939477686]",-33.99293899536133,0.0,2548.120577315766,-145.66720112269883,2.0,0.0,0
421,"[0.9132391336263425, 0.8122050151262458, 0.30150450668036366, 0.7573733709220029, 0.6893120970046186, 0.34220643031449155, 0.49594908748605354, 0.5084647853583335, 0.2195079915141478, 0.33818104036239516]","[0.6423134569639611, 1.0768760939477686]",-25.560344696044922,0.0,2579.8843570842887,23.993815754699597,2.0,0.0,0
422,"[0.19618020956983387, 0.9380769531138379, 0.6419417552406818, 0.8900420134531047, 0.006334040479386294, 0.4940210930671032, 0.736046404301195, 0.45088615948710997, 0.1780891735127575, 0.5370978476257507]","[0.6423134569639611, 1.0768760939477686]",-46.326263427734375,0.02,3122.696277213182,-72.4500336549034,1.0,0.0,0
423,"[0.7052233504960224, 0.94675647026499, 0.6392641248208019, 0.16838136236199247, 0.345818169530024, 0.4694417186332369, 0.7985834184124646, 0.6982950635866185, 0.9050303470421951, 0.4022178901968798]","[0.6423134569639611, 1.0768760939477686]",-18.735334396362305,0.25,3016.56893373095,-144.94436520415843,1.0,0.0,0
424,"[0.6648017546021039, 0.8531594799312694, 0.2754808528630017, 0.5578078320039498, 0.6938035788852899, 0.3264658178504993, 0.9866907830002956, 0.6283084586743911, 0.07473992970036314, 0.5445481931931233]","[0.6423134569639611, 1.0768760939477686]",-42.38255310058594,0.0,2699.0668409039704,-114.66689481473622,1.0,0.0,0
425,"[0.9132391336263425, 0.8122050151262458, 0.30150450668036366, 0.7377848741837365, 0.5860938297615466, 0.19023653875149005, 0.48330072958698356, 0.5043565352530375, 0.21932851802370903, 0.2971553891764208]","[0.6423134569639611, 1.0768760939477686]",-31.888614654541016,0.0,2653.3738526996044,-32.148892358711294,1.0,0.0,0
426,"[0.1927553546387115, 0.9368976962548988, 0.6198473956593629, 0.5950362269875745, 0.011089156722484894, 0.49380306233066207, 0.8875876999508979, 0.659695209437764, 0.742966401385254, 0.5490782298857058]","[0.6423134569639611, 1.0768760939477686]",-59.19898223876953,0.02,2370.5664795126136,107.18657111974275,1.0,0.0,0
427,"[0.9132391336263425, 0.8243591347020154, 0.3011228486247614, 0.49694696321234566, 0.610653091291585, 0.16106648797185946, 0.712929833067572, 0.6603801618642239, 0.5270743584491187, 0.07422572931221952]","[0.6423134569639611, 1.0768760939477686]",-39.32318878173828,0.0,3003.336338705774,-142.81500145056754,1.0,0.0,0
428,"[0.12575729960599005, 0.9356198149725226, 0.6388824807466811, 0.18034341964323086, 0.040688232679680525, 0.49380306233066207, 0.6361531992280112, 0.12740683802161812, 0.8576133468521416, 0.7972757533490276]","[0.6423134569639611, 1.0768760939477686]",-44.22947311401367,0.3,3495.012663386991,-1.5510772230941825,0.0,0.0,1
429,"[0.8478561669439806, 0.8122050151262458, 0.3015863564784226, 0.3900645973295216, 0.6098135557774944, 0.19023653875149005, 0.4959761252510305, 0.5030083424091741, 0.2195079915141478, 0.5913110945909306]","[0.6423134569639611, 1.0768760939477686]",-36.20964050292969,0.0,2726.2999587122413,-120.86450540294618,1.0,0.0,0
430,"[0.19593937146249965, 0.9416790638240865, 0.6418421874621307, 0.9051507074391362, 0.3274177736675301, 0.41078339998540775, 0.7451746603698604, 0.49866886134850175, 0.18380163548805178, 0.3236896985732351]","[0.6423134569639611, 1.0768760939477686]",-46.262535095214844,0.0,2938.257988310423,-10.844407063730102,0.0,0.0,1
431,"[0.8479571266145457, 0.2615530463118, 0.22789197890735768, 0.7284340380328472, 0.7319188257229279, 0.31313588825647254, 0.6369169830301348, 0.5009370635749174, 0.18890636475445843, 0.7895557697147759]","[0.6423134569639611, 1.0768760939477686]",-32.797706604003906,0.01,2663.813685886253,18.528532056692143,1.0,0.0,0
432,"[0.1553521360731167, 0.6062983742440193, 0.2753379807614901, 0.7378484550072738, 0.9314994667781543, 0.41665901730156113, 0.8195276672709336, 0.45841176803351347, 0.09736431031952841, 0.3224373597293992]","[0.6423134569639611, 1.0768760939477686]",-43.818519592285156,0.0,2933.965285967906,40.26397249970134,1.0,0.0,0
433,"[0.6959948701337834, 0.2615530463118, 0.2274586551238486, 0.5825827744485059, 0.7312406583584447, 0.3138203272623701, 0.7008408895008554, 0.48664918515711436, 0.18890636475445843, 0.5524176889062183]","[0.6423134569639611, 1.0768760939477686]",-32.37224197387695,0.01,2703.578743001369,-29.194042156595685,1.0,0.0,0
434,"[0.686199342921079, 0.40965212691908104, 0.21064924736428814, 0.15205423620066244, 0.7312406583584447, 0.31381767467444777, 0.7008408895008554, 0.51431455048572, 0.18710421963312907, 0.7970601404678171]","[0.6423134569639611, 1.0768760939477686]",-40.37055969238281,0.0,2850.177007371923,-202.58385530218646,1.0,0.0,0
435,"[0.11881681084099055, 0.4171225099283961, 0.6388824807466811, 0.5659274297705386, 0.04085882682023112, 0.49380306233066207, 0.7412288838830838, 0.492745770633775, 0.16235821398823114, 0.6332087171386123]","[0.6423134569639611, 1.0768760939477686]",-38.37918472290039,0.02,2704.760379669135,-14.202062141859244,2.0,0.0,0
436,"[0.9132391336263425, 0.8122651441476358, 0.30150450668036366, 0.7573733709220029, 0.6071485320589973, 0.5185730908467568, 0.7388614986017639, 0.5050125616158849, 0.17698997173701153, 0.2971553891764208]","[0.6423134569639611, 1.0768760939477686]",-38.439361572265625,0.0,2596.848536888271,-68.61784806365569,1.0,0.0,0
437,"[0.18581008030472257, 0.328930892311327, 0.880697064315223, 0.5799720396981246, 0.7312406583584447, 0.3138203272623701, 0.7008408895008554, 0.8675349375228709, 0.18890636475445843, 0.5484830646246303]","[0.6423134569639611, 1.0768760939477686]",-52.09751892089844,0.01,3142.9594751581617,-335.19869878448185,1.0,0.0,0
438,"[0.9132391336263425, 0.8122050151262458, 0.893443091837996, 0.7377848741837365, 0.5860938297615466, 0.1901116154627472, 0.5015735335777679, 0.8757724838370707, 0.1873069178183085, 0.7787650026713322]","[0.6423134569639611, 1.0768760939477686]",-39.12839126586914,0.0,2468.717359703101,-40.45820046651062,0.0,0.0,1
439,"[0.12016143031826065, 0.5118814273652947, 0.8573010008865969, 0.3995968392250302, 0.05855432012728723, 0.8418955837519252, 0.9920791767352148, 0.626818744358473, 0.5257783000795696, 0.08535616172648453]","[0.6423134569639611, 1.0768760939477686]",-59.10125732421875,0.21,3371.2449113993935,-447.19824662916005,1.0,0.0,0
440,"[0.9132391336263425, 0.8122050151262458, 0.8846514038953667, 0.7377848741837365, 0.6595420850433964, 0.19390220957130558, 0.6363835082037579, 0.510542382968186, 0.18752520062703307, 0.29235355300102644]","[0.6423134569639611, 1.0768760939477686]",-20.77923583984375,0.0,2061.9803708569602,33.98767047311125,1.0,0.0,0
441,"[0.8902696679102549, 0.8110496259383, 0.6128878773704741, 0.7535376850633565, 0.9292793200740694, 0.41665901730156113, 0.8367127455127481, 0.3428630951516521, 0.22039007765556773, 0.9009210680343345]","[0.6423134569639611, 1.0768760939477686]",-11.979448318481445,0.0,2135.33314027633,27.769171270995486,2.0,0.0,0
442,"[0.18465579183594688, 0.6283217167373264, 0.303319954944895, 0.773557115188084, 0.7304746167195888, 0.39879674697438383, 0.9863221081506648, 0.1746716676392599, 0.061115882388032755, 0.9192145752818034]","[0.6423134569639611, 1.0768760939477686]",-47.60293197631836,0.01,2812.3562061554057,48.29584925336758,2.0,0.0,0
443,"[0.9502625731700145, 0.8281259767546387, 0.8846514038953667, 0.558766699307221, 0.7296476138399566, 0.20211008443870093, 0.6388448421519257, 0.8447291962398683, 0.18748639130874725, 0.7951355720060819]","[0.6423134569639611, 1.0768760939477686]",-41.868736267089844,0.0,2479.474781134148,-19.23776359897431,1.0,0.0,0
444,"[0.2005352475553695, 0.7928864205118956, 0.6418421874621307, 0.9265996038833142, 0.3274177736675301, 0.41078339998540775, 0.5831183616287481, 0.49866886134850175, 0.21994187716304442, 0.3236896985732351]","[0.6423134569639611, 1.0768760939477686]",-38.85530471801758,0.0,2649.9679749317215,-4.493526942792471,1.0,0.0,0
445,"[0.6959948701337834, 0.2615530463118, 0.2921175580580184, 0.5480311521089392, 0.6369135528649519, 0.3138203272623701, 0.6247057755365898, 0.49735414209895495, 0.25221217624785364, 0.6011314355890973]","[0.6423134569639611, 1.0768760939477686]",-32.37224197387695,0.01,2357.851669471369,33.72211348658138,1.0,0.0,0
446,"[0.17192922745468864, 0.383793824744522, 0.22827363696296, 0.7506070906158034, 0.6061551094593934, 0.18989686962995417, 0.6545274950120993, 0.5051358045898267, 0.22264161883449865, 0.07668080445039974]","[0.6423134569639611, 1.0768760939477686]",-25.447895050048828,0.0,2808.5876078234446,-90.25595839799314,1.0,0.0,0
447,"[0.192753376805844, 0.9380684442736281, 0.6389711487607043, 0.17512124217485064, 0.3571286248166714, 0.49380306233066207, 0.6928434554929496, 0.16376933289030782, 0.8576133468521416, 0.29770945642086144]","[0.6423134569639611, 1.0768760939477686]",-44.00627136230469,0.11,3221.5787591612407,-174.45377177299088,0.0,0.0,1
448,"[0.19606049756179597, 0.7859717130320967, 0.6418676280651431, 0.91003063851901, 0.011600782982806729, 0.4116945682945854, 0.7375800298732027, 0.14443890623440064, 0.1904293114415409, 0.3236896985732351]","[0.6423134569639611, 1.0768760939477686]",-50.5361328125,0.0,3209.5155974971003,-88.62609019822719,1.0,0.0,0
449,"[0.18581008030472257, 0.804558880549032, 0.2231485013306178, 0.5824037009732261, 0.7312406583584447, 0.1847716725894658, 0.6358297206626914, 0.4931103229848808, 0.18890636475445843, 0.5676166222035847]","[0.6423134569639611, 1.0768760939477686]",-34.52560806274414,0.0,2806.9701280122326,85.09693485428224,1.0,0.0,0
450,"[0.6959948701337834, 0.2615530463118, 0.2921175580580184, 0.4046099286760966, 0.6372167820852704, 0.3138203272623701, 0.7033421173185185, 0.5013987291013081, 0.5316870842972741, 0.054296205344351534]","[0.6423134569639611, 1.0768760939477686]",-33.99812698364258,0.01,2473.406031792018,57.83765047180603,1.0,0.0,0
451,"[0.5923987808711613, 0.2624907549022178, 0.2921175580580184, 0.7390314589459728, 0.5861780412160126, 0.30183346681064804, 0.7008408895008554, 0.48661132260190665, 0.9187527762212642, 0.5820152696673745]","[0.6423134569639611, 1.0768760939477686]",-39.84099578857422,0.01,2268.030808604938,-108.44385971606414,0.0,0.0,1
452,"[0.9014144071011193, 0.9398468184388429, 0.6348866605599325, 0.7156389256177811, 0.5817574537879534, 0.15034890617719243, 0.3791866989002843, 0.12208001418812017, 0.13905976923582375, 0.2971553891764208]","[0.6423134569639611, 1.0768760939477686]",-10.16342830657959,0.0,2403.5114685806793,114.47117262464869,2.0,0.0,0
453,"[0.12425150218101877, 0.5118814273652947, 0.8481587307278581, 0.4049813865018578, 0.5919389731237874, 0.8161778136435193, 0.6363704850576257, 0.6888934973762005, 0.5096974301054518, 0.08535616172648453]","[0.6423134569639611, 1.0768760939477686]",-47.900917053222656,0.12,3041.0256826896098,-24.250350008006478,0.0,0.0,1
454,"[0.0881380985255924, 0.933389424211551, 0.8846514038953667, 0.7377848741837365, 0.3550684345293792, 0.19012325156339654, 0.6363835082037579, 0.19207950496657572, 0.1873069178183085, 0.5389979954576903]","[0.6423134569639611, 1.0768760939477686]",-40.01089859008789,0.0,3468.1911164429475,7.095691654194525,1.0,0.0,0
455,"[0.1960629701717433, 0.9416790638240865, 0.7061747212505707, 0.9051507074391362, 0.3274177736675301, 0.41078339998540775, 0.7373711995164164, 0.49866886134850175, 0.18380163548805178, 0.3236896985732351]","[0.6423134569639611, 1.0768760939477686]",-43.712127685546875,0.0,2892.0692947863195,-10.672696851407181,0.0,0.0,1
456,"[0.9132265193527958, 0.613671530723256, 0.30150450668036366, 0.7391331259252345, 0.6098135557774944, 0.19023653875149005, 0.4957584806550451, 0.5037174532270878, 0.21987800203218166, 0.5913110945909306]","[0.6423134569639611, 1.0768760939477686]",-36.26042175292969,0.0,2290.3401881346203,92.61748407389183,0.0,0.0,0
457,"[0.9132391336263425, 0.6470014059998668, 0.31903457950470654, 0.7939744459243625, 0.6595420850433964, 0.19012374465902845, 0.6363835082037579, 0.8743933238658341, 0.21916410259915248, 0.7988059513931034]","[0.6423134569639611, 1.0768760939477686]",-33.20295715332031,0.02,2258.984657412259,47.41976054419766,1.0,0.0,0
458,"[0.19593937146249965, 0.7833876827342386, 0.6418421874621307, 0.9051507074391362, 0.3274177736675301, 0.46928641578623526, 0.6860932060700606, 0.49866886134850175, 0.18380163548805178, 0.40089345413357347]","[0.6423134569639611, 1.0768760939477686]",-37.0300178527832,0.0,2563.7561277883597,4.99725502617477,0.0,0.0,0
459,"[0.9132391336263425, 0.9906705777433088, 0.8846514038953667, 0.1575950774677597, 0.5860938297615466, 0.19012325156339654, 0.8858405248406259, 0.8757724838370707, 0.1773160804637346, 0.7787650026713322]","[0.6423134569639611, 1.0768760939477686]",-45.92686080932617,0.0,3559.472625593671,74.5081860606733,2.0,0.0,0
460,"[0.192753376805844, 0.93805699560128, 0.6489175793788959, 0.1752405470461934, 0.3571286248166714, 0.49380306233066207, 0.6928434554929496, 0.16376933289030782, 0.8576133468521416, 0.2939696783433737]","[0.6423134569639611, 1.0768760939477686]",-44.00627136230469,0.11,3238.6224929983655,-179.2490401569255,1.0,0.0,0
461,"[0.9132391336263425, 0.8120790808016388, 0.30150450668036366, 0.7573733709220029, 0.3005466063858162, 0.19023653875149005, 0.5768577404278256, 0.5050125616158849, 0.2195079915141478, 0.2971553891764208]","[0.6423134569639611, 1.0768760939477686]",-32.481449127197266,0.0,2865.6268157578133,-12.31489486804736,0.0,0.0,1
462,"[0.9132391336263425, 0.8122050151262458, 0.30150450668036366, 0.7377848741837365, 0.5860938297615466, 0.28900663791070097, 0.4921429017942372, 0.5027476601850123, 0.2195079915141478, 0.2971553891764208]","[0.6423134569639611, 1.0768760939477686]",-31.70340347290039,0.0,2576.6381325682623,-32.012473017840534,1.0,0.0,0
463,"[0.1777966504364222, 0.6074537632376265, 0.30150450668036366, 0.7376790015862916, 0.5875871468949185, 0.18681337041549725, 0.40566740527564454, 0.5903832986860634, 0.09731840069737531, 0.8906326897484901]","[0.6423134569639611, 1.0768760939477686]",-35.20416259765625,0.0,2871.719606532825,-305.86169279608623,2.0,0.0,0
464,"[0.19606049756179597, 0.7295811829923707, 0.6430879539632864, 0.9298622160286035, 0.5775500823819513, 0.45795811149572696, 0.5755237311310116, 0.14185356515846848, 0.18392557422463685, 0.32836432411870664]","[0.6423134569639611, 1.0768760939477686]",-29.066438674926758,0.0,2815.805442874838,-77.48062746004507,1.0,0.0,0
465,"[0.9502625731700145, 0.8274631953782842, 0.884845149955328, 0.558766699307221, 0.7134489381174914, 0.20211008443870093, 0.49096496626239144, 0.8447291962398683, 0.18595230483621922, 0.7951355720060819]","[0.6423134569639611, 1.0768760939477686]",-37.77574157714844,0.0,2499.223487237904,-45.37533464745189,2.0,0.0,0
466,"[0.1927553546387115, 0.866316197920615, 0.6388824807466811, 0.1602743126680698, 0.3413707534973037, 0.49380306233066207, 0.7987999291597689, 0.44947430186830173, 0.9026944035818816, 0.2878761807654356]","[0.6423134569639611, 1.0768760939477686]",-43.35932159423828,0.26,2960.9944962347204,-171.25172273449994,1.0,0.0,0
467,"[0.12425150218101877, 0.5118814273652947, 0.8479192023034463, 0.4049813865018578, 0.325805641216418, 0.4167691440048782, 0.6931318817996529, 0.6888934973762005, 0.5196303407797023, 0.31856864901588977]","[0.6423134569639611, 1.0768760939477686]",-32.99760818481445,0.0,2309.0650286543437,-87.64676450110835,0.0,0.0,1
468,"[0.8819682483408687, 0.7423441574883164, 0.29373022689498923, 0.7377848741837365, 0.6595420850433964, 0.19012325156339654, 0.6560125779774296, 0.5353851070444439, 0.1873069178183085, 0.7951355720060819]","[0.6423134569639611, 1.0768760939477686]",-19.792680740356445,0.0,2509.5696356520098,11.65094142039652,0.0,0.0,0
469,"[0.9132391336263425, 0.8242373623255638, 0.24420668848846866, 0.7481919485215689, 0.610653091291585, 0.16038999683264352, 0.712929833067572, 0.6603801618642239, 0.21015158868462333, 0.025169327327158375]","[0.6423134569639611, 1.0768760939477686]",-33.65365982055664,0.01,3157.3575836563737,-35.30643243097603,1.0,0.0,0
470,"[0.1928730888138819, 0.8103283448845761, 0.6267763231748699, 0.7950595567129348, 0.010520471768969863, 0.49380306233066207, 0.7322290512115913, 0.46157143696555086, 0.8665708717680942, 0.29770945642086144]","[0.6423134569639611, 1.0768760939477686]",-51.83335494995117,0.0,2375.031978022745,26.657698481711662,1.0,0.0,0
471,"[0.9132391336263425, 0.8122050151262458, 0.8846514038953667, 0.7377848741837365, 0.6583744345765702, 0.19012325156339654, 0.6364209730595948, 0.8745925863344063, 0.1873069178183085, 0.8068607559381675]","[0.6423134569639611, 1.0768760939477686]",-31.841812133789062,0.0,2278.3082843754155,-40.4585110785344,0.0,0.0,1
472,"[0.9132391336263425, 0.8122050151262458, 0.8927521002200585, 0.7377848741837365, 0.5860938297615466, 0.1901116470170019, 0.5043239831905321, 0.8743933238658341, 0.1873069178183085, 0.7789430958435707]","[0.6423134569639611, 1.0768760939477686]",-39.12839126586914,0.0,2468.6415214943668,-40.45820130707585,0.0,0.0,1
473,"[0.1927553546387115, 0.9380768125398586, 0.6388824807466811, 0.1602743126680698, 0.011089156722484894, 0.49380306233066207, 0.8875876999508979, 0.13083827690223854, 0.8456568839880548, 0.3724711033089206]","[0.6423134569639611, 1.0768760939477686]",-47.84239196777344,0.11,3387.8187097360355,-112.09361307349644,1.0,0.0,0
474,"[0.12425150218101877, 0.5118814273652947, 0.8479192023034463, 0.5484026099347005, 0.05873534351054149, 0.8161778136435193, 0.6980225381593567, 0.6553116047043072, 0.2575130514507321, 0.6332868267812656]","[0.6423134569639611, 1.0768760939477686]",-35.95377731323242,0.12,2968.2187033558334,-71.782871761291,1.0,0.0,0
475,"[0.6958934265347317, 0.24022032047534045, 0.22789197890735768, 0.5800284530205562, 0.7327494914223661, 0.3138203272623701, 0.7008408895008554, 0.4931103229848808, 0.07836314918225762, 0.5482332060827385]","[0.6423134569639611, 1.0768760939477686]",-38.1224479675293,0.01,2908.806204400465,-94.82332275986477,1.0,0.0,0
476,"[0.12575729960599005, 0.807977905139778, 0.33165127711735864, 0.20249190452947557, 0.04595459515336853, 0.49380306233066207, 0.6361531992280112, 0.5080777088830073, 0.8576133468521416, 0.7972757533490276]","[0.6423134569639611, 1.0768760939477686]",-44.18465042114258,0.27,2750.335953676398,-27.602850924228107,0.0,0.0,1
477,"[0.9132391336263425, 0.8122050151262458, 0.9150134897541659, 0.7377848741837365, 0.05332420045964559, 0.19012325156339654, 0.6945104406521292, 0.8743933238658341, 0.1873069178183085, 0.7951355720060819]","[0.6423134569639611, 1.0768760939477686]",-60.34551239013672,0.25,3146.4016344048023,-40.4585110785344,0.0,0.0,1
478,"[0.9899803371395741, 0.8168841442023068, 0.5895581884448955, 0.9051507074391362, 0.576546346506278, 0.4893750409917822, 0.736046404301195, 0.8353483462243287, 0.1780891735127575, 0.7932354231924192]","[0.6423134569639611, 1.0768760939477686]",-21.48709487915039,0.0,1937.1982097222483,178.53860687039906,2.0,0.0,0
479,"[0.19593689885255233, 0.9390941984347165, 0.6420304232547049, 0.9051507074391362, 0.34513148722863524, 0.41078339998540775, 0.8520343166167285, 0.14443890623440064, 0.18380163548805178, 0.3236896985732351]","[0.6423134569639611, 1.0768760939477686]",-49.95547103881836,0.0,3045.0454374534947,-35.92235229603426,0.0,0.0,1
480,"[0.17758933305745495, 0.8059872474674252, 0.30150450668036366, 0.7534596445240761, 0.5860938297615466, 0.19023653875149005, 0.4753534245064314, 0.5027476601850123, 0.09611221500480849, 0.2971553891764208]","[0.6423134569639611, 1.0768760939477686]",-28.87837791442871,0.0,3092.104409858892,-183.98007486800776,2.0,0.0,0
481,"[0.9132391336263425, 0.8122050151262458, 0.8670800356509276, 0.7377848741837365, 0.5860938297615466, 0.232239030327222, 0.5365871599576392, 0.5043565352530375, 0.18747133324286508, 0.29348423957654995]","[0.6423134569639611, 1.0768760939477686]",-17.135007858276367,0.0,2120.237706058006,145.9339822299179,2.0,0.0,0
482,"[0.7052233504960224, 0.7909383714578718, 0.6392641248208019, 0.16838136236199247, 0.345818169530024, 0.41093870283240946, 0.7985834184124646, 0.6982950635866185, 0.9050303470421951, 0.3250141346365415]","[0.6423134569639611, 1.0768760939477686]",-46.71585464477539,0.25,2776.328751005798,-51.050096487911446,2.0,0.0,0
483,"[0.1927553546387115, 0.7945307454240238, 0.6388824807466811, 0.740473997029081, 0.011089156722484894, 0.49380306233066207, 0.6381305433340164, 0.13083827690223854, 0.8556149739644671, 0.32694363508701846]","[0.6423134569639611, 1.0768760939477686]",-50.363162994384766,0.0,3030.9508251661737,-121.49923838430203,0.0,0.0,1
484,"[0.15617442862954814, 0.9356312636448708, 0.6388824807466811, 0.1802241147718881, 0.040688232679680525, 0.49380306233066207, 0.7412288838830838, 0.12740683802161812, 0.8576133468521416, 0.8010146696606952]","[0.6423134569639611, 1.0768760939477686]",-45.913272857666016,0.32,3403.3257196436352,1.0395162808032978,0.0,0.0,0
485,"[0.2005352475553695, 0.7930123548365026, 0.6418421874621307, 0.9265996038833142, 0.6340196999529912, 0.41078339998540775, 0.502209708686976, 0.49866886134850175, 0.21994187716304442, 0.3236896985732351]","[0.6423134569639611, 1.0768760939477686]",-38.85530471801758,0.0,2761.8887664188696,-0.016863451493748016,1.0,0.0,0
486,"[0.5922973372721096, 0.24115802906575823, 0.2330530622116661, 0.7390314589459728, 0.5876868742799961, 0.20306336765150287, 0.7008408895008554, 0.48661132260190665, 0.8080518094988963, 0.5533893569348871]","[0.6423134569639611, 1.0768760939477686]",-39.83518600463867,0.01,2512.5400061794567,-105.30114370738005,0.0,0.0,1
487,"[0.15550783976443464, 0.6062983742440193, 0.6128878773704741, 0.7534318124659116, 0.9419615883113712, 0.42008218677823067, 0.8891384007343094, 0.23818207021582088, 0.09652813449744481, 0.3073465094482271]","[0.6423134569639611, 1.0768760939477686]",-42.785675048828125,0.0,3027.1524041127122,-80.57262712198286,2.0,0.0,0
488,"[0.9132391336263425, 0.763902177784678, 0.8835937878078182, 0.7130710739871131, 0.35367523460948763, 0.18073720931989606, 0.6363835082037579, 0.8769218589409538, 0.18718297908172343, 0.7900974782434905]","[0.6423134569639611, 1.0768760939477686]",-37.14926528930664,0.01,2735.406236357062,-81.78302115282452,2.0,0.0,0
489,"[0.9132391336263425, 0.8128677965026004, 0.30126573829217457, 0.7377848741837365, 0.5860938297615466, 0.19023653875149005, 0.6375614437356005, 0.5043565352530375, 0.22086260449623707, 0.2971553891764208]","[0.6423134569639611, 1.0768760939477686]",-31.811561584472656,0.0,2633.9914842754197,-30.990897673581003,0.0,0.0,1
490,"[0.7052233504960224, 0.9470164883623841, 0.6392641248208019, 0.16838136236199247, 0.017534159108332004, 0.41586731772950336, 0.8842194686853846, 0.6982950635866185, 0.8479928274482769, 0.5257030749378755]","[0.6423134569639611, 1.0768760939477686]",-41.766143798828125,0.1,3100.023320913756,-231.37462113594853,3.0,0.0,0
491,"[0.19593937146249965, 0.9416790638240865, 0.6418421874621307, 0.9051507074391362, 0.06017921811489571, 0.8101918686042644, 0.7465401960762045, 0.49866886134850175, 0.17386885176484912, 0.09047784014889203]","[0.6423134569639611, 1.0768760939477686]",-64.06877899169922,0.02,4139.167509976356,-396.37258701712744,0.0,0.0,1
492,"[0.9132391336263425, 0.8146865932277, 0.8398477880475328, 0.7377848741837365, 0.6854307005618858, 0.19012325156339654, 0.6363835082037579, 0.8592053652360611, 0.1873069178183085, 0.7787650026713322]","[0.6423134569639611, 1.0768760939477686]",-30.685787200927734,0.0,2152.384045579146,-38.18520204225598,0.0,0.0,1
493,"[0.9132391336263425, 0.8123267875026975, 0.30150450668036366, 0.5095586787626193, 0.6098135557774944, 0.190913029890706, 0.4959761252510305, 0.5037174532270878, 0.5364307758221402, 0.6466867471632627]","[0.6423134569639611, 1.0768760939477686]",-32.191410064697266,0.0,2274.654239378159,3.633249253630794,0.0,0.0,0
494,"[0.9132391336263425, 0.9399534053965125, 0.31361066456618647, 0.122712675830083, 0.6177377265555044, 0.19023653875149005, 0.49594908748605354, 0.46623305582658514, 0.2104961535678903, 0.2971553891764208]","[0.6423134569639611, 1.0768760939477686]",-41.65837860107422,0.0,3234.900141396872,-259.45742546590253,2.0,0.0,0
495,"[0.9132391336263425, 0.8122050151262458, 0.8846514038953667, 0.7377848741837365, 0.5872614802283728, 0.19215563035906574, 0.6388073772960888, 0.8445299337712963, 0.18748639130874725, 0.8022454790917194]","[0.6423134569639611, 1.0768760939477686]",-31.43627166748047,0.0,2348.6127040740457,-40.52437141090343,0.0,0.0,1
496,"[0.9132391336263425, 0.8122050151262458, 0.9159440097984197, 0.7377848741837365, 0.5860938297615466, 0.19012322000914184, 0.6336330585909936, 0.8757724838370707, 0.1873069178183085, 0.7949574788338435]","[0.6423134569639611, 1.0768760939477686]",-31.920856475830078,0.0,2427.680149789045,-40.45851023449217,0.0,0.0,1
497,"[0.9014144071011193, 0.8122050151262458, 0.30150450668036366, 0.7377848741837365, 0.5860938297615466, 0.19023653875149005, 0.4209106872187059, 0.5027476601850123, 0.13905976923582375, 0.2971553891764208]","[0.6423134569639611, 1.0768760939477686]",-38.24813461303711,0.0,2760.9966947169737,-33.74025651729113,1.0,0.0,0
498,"[0.9132391336263425, 0.8716561364118802, 0.8846514038953667, 0.7377848741837365, 0.5949434849069843, 0.19012325156339654, 0.6388448421519257, 0.8447291962398683, 0.19397527476408696, 0.7951355720060819]","[0.6423134569639611, 1.0768760939477686]",-32.524478912353516,0.0,2353.396371367131,-40.491306906276805,0.0,0.0,1
499,"[0.905722094234783, 0.8122050151262458, 0.30650582098727214, 0.7377848741837365, 0.5860938297615466, 0.19011398218511125, 0.48968156784606753, 0.8745905075963478, 0.2184254673581383, 0.26814749554762685]","[0.6423134569639611, 1.0768760939477686]",-33.09854507446289,0.02,2690.848014033719,-14.051078004552608,1.0,0.0,0
