eval_id,x,hub,f1,f2,f3,g1,g2,g3,feasible
0,"[0.17893481367543618, 0.4672684011434851, 0.3549173343096512, 0.9051438366771739, 0.652784802685132, 0.6399131657151546, 0.37050052710804804, 0.790518245853265, 0.17735319182304865, 0.29830276735556926]","[1.459925080268639, 0.953806206216977]",-28.648828506469727,0.374,3432.371450185038,-79.77996047064914,0.0,6.0,0
1,"[0.5547696198165065, 0.5160825876377318, 0.8811861793495235, 0.31867896643874516, 0.11784964452439528, 0.23169822139230722, 0.659569533072841, 0.35506101458853867, 0.313666741563808, 0.6631833646572645]","[1.2365024304314944, 0.8374460954228211]",-31.63851547241211,0.688,3324.1372006033835,-164.5212605117652,0.0,6.0,0
2,"[0.5889658881432593, 0.8624856673584459, 0.37440426122847836, 0.5928292560660468, 0.20942917933874872, 0.12870168473469945, 0.2589351675039948, 0.4493700221843081, 0.9805186398602482, 0.16238519618917013]","[0.7747330486829124, 1.191227849765339]",-49.19136047363281,0.276,3112.7472715075687,-252.89821358349326,1.0,6.0,0
3,"[0.716135524315577, 0.9265763828646507, 0.3525112870284548, 0.9446171043542214, 0.2829551262065978, 0.9120736349889094, 0.586668750518576, 0.6755103035703888, 0.9781358594533898, 0.9356865558408266]","[1.435918558786387, 0.25122151225093126]",-28.576072692871094,0.14,3230.5670897769974,-144.39668179884774,1.0,6.0,0
4,"[0.8122050151262458, 0.29045961628587613, 0.7550132519180535, 0.6089078108765937, 0.9632475898482437, 0.4959391441876757, 0.19457688761579417, 0.2195079915141478, 0.6014041791288685, 0.08962073043795493]","[0.6615530572198147, 1.1654497424988384]",-31.953475952148438,0.129,2980.724557145739,-129.70515746079013,1.0,6.0,0
5,"[0.732673900343337, 0.2885492360637769, 0.9641909194355908, 0.2734455081289784, 0.8778101871478206, 0.7136426366346105, 0.7655390330287417, 0.3521042640297445, 0.5838583952545342, 0.6082916064372581]","[1.4613069482627232, 1.066079682499568]",-44.98564529418945,0.151,3034.63520824074,-46.89954670157658,1.0,6.0,0
6,"[0.7419162010314087, 0.5220921065907778, 0.4171774343880905, 0.9108220921659664, 0.7464710369587361, 0.9835673000846709, 0.7744687729754793, 0.3532556606165881, 0.43070700374480275, 0.4970226157004175]","[0.1268760779065603, 1.2550612931635001]",-36.504920959472656,0.034,3031.590358140759,-43.37359375375945,1.0,6.0,0
7,"[0.49866886134850175, 0.17791419839100442, 0.35622164118008504, 0.6520981168659544, 0.7444418905939161, 0.9051507074391362, 0.28879164900942544, 0.774382020078661, 0.2064226800628115, 0.7715370379067442]","[1.039186452461093, 0.31820872323865884]",-38.87884521484375,0.377,3124.2976933721734,-70.27883156182429,1.0,6.0,0
8,"[0.7068938596677737, 0.3410494410080632, 0.4004563457975292, 0.06312328594757288, 0.5771130237442562, 0.17805372425306576, 0.8101457296942176, 0.2280566951506835, 0.22304648289323237, 0.924136868277313]","[0.789535267507927, 1.0643976984426988]",-46.862892150878906,1.0,2916.086570696259,-184.90394436526793,1.0,6.0,0
9,"[0.023632428671776062, 0.2816134931005958, 0.48736306607251145, 0.012857887744930352, 0.4914833323409261, 0.29770945642086144, 0.6718259817227047, 0.09288854875744723, 0.6043157467736379, 0.6013821213404011]","[1.4452295541498401, 1.3775952868058952]",-43.888031005859375,1.0,4236.486485575914,-116.95764112295899,1.0,6.0,0
10,"[0.188257161102365, 0.7877266263227836, 0.6596072674909493, 0.9172632996428407, 0.5993159922695809, 0.9421208694705342, 0.6390262522229664, 0.5460602299006425, 0.23326320620013874, 0.8142430618716505]","[0.615508274358867, 1.201416737764787]",-35.904380798339844,0.34,2731.375016092384,-11.822068991965807,2.0,6.0,0
11,"[0.9269667072846148, 0.531556426498312, 0.5070854352124422, 0.8115158779645404, 0.9065365526896961, 0.06655933206506481, 0.7572363648024241, 0.4065989313758811, 0.5091038982398773, 0.23860277166153243]","[1.3172396119005512, 1.3606962736847152]",-25.555286407470703,0.011,3538.4802565667082,-36.75083454054874,2.0,6.0,0
12,"[0.8806350809002281, 0.07458742422196396, 0.9320824085782379, 0.14566874185476875, 0.3015314021630472, 0.6021361701813102, 0.08362765145734896, 0.12499955865727308, 0.7854702016115908, 0.4115541827996497]","[1.35003302798446, 0.7084983879074531]",-56.52992630004883,1.0,3957.8861157284614,-412.6557135302752,2.0,6.0,0
13,"[0.49293616218995406, 0.5324478498483587, 0.3107930117753044, 0.9758320136707291, 0.8870121467184444, 0.6373601174260564, 0.42099270734434335, 0.5749995088018878, 0.5529869643862163, 0.015272435183649069]","[0.8647679793230478, 1.2847364484973847]",-26.707189559936523,0.104,3590.014937003162,-68.86788322714995,2.0,6.0,0
14,"[0.5118814273652947, 0.8573010008865969, 0.3995968392250302, 0.09751514963535424, 0.841486558403682, 0.8851177060251493, 0.19316997569865946, 0.5257783000795696, 0.08535616172648453, 0.8267136201588152]","[0.7065846822128775, 1.2589665549678326]",-48.34306716918945,0.817,3720.9341113147134,-305.89370416357235,2.0,6.0,0
15,"[0.7281969713021883, 0.41225211081351676, 0.6603726714939671, 0.46770008428541465, 0.5157744326426499, 0.07706848791542142, 0.024011331493556054, 0.2929158759379945, 0.2864487199904745, 0.6576467600079774]","[0.7770490207042496, 1.3912576831453765]",-29.745269775390625,0.036,3067.1550756233387,-69.29860929430612,3.0,6.0,0
16,"[0.7373054252872605, 0.5914192820348003, 0.10844932301271404, 0.4112686884886242, 0.17072977658825428, 0.43132345380885195, 0.010231902156670136, 0.33099943817048805, 0.7559488323569789, 0.11610473609591099]","[1.4440160599934821, 1.3195008784463607]",-31.8443546295166,0.742,4497.143140598838,-120.89254749020512,3.0,6.0,0
17,"[0.10368010753270052, 0.7979429078588656, 0.49373414724032827, 0.2153195271485615, 0.9877562857569903, 0.4297612930140656, 0.4138198863286343, 0.9987729501752127, 0.5439146577146111, 0.4957244334967964]","[1.2733532079624863, 0.1729038018567342]",-53.048675537109375,0.77,3212.790436818893,-14.113179765457517,3.0,6.0,0
18,"[0.9421656316593494, 0.8731312620415899, 0.993906309433891, 0.3738491444106369, 0.8351417342075574, 0.38069524000658606, 0.09368549297431539, 0.21220747485396863, 0.0935034547745921, 0.4859329784263382]","[1.072307852436675, 1.3377326463498305]",-38.28579330444336,0.06,3131.7168649483556,1.8409082103700882,2.0,6.0,0
19,"[0.19539759987155403, 0.43531315595064457, 0.20941612123621955, 0.7974623155214327, 0.34510057866729216, 0.5948658710060528, 0.2999915037451498, 0.8746240571921795, 0.606709676684979, 0.9468197909796484]","[1.2163813698099761, 1.350674398506333]",-26.336448669433594,0.314,3570.5206127663387,-4.157631145781522,4.0,6.0,0
20,"[0.633303004964886, 0.2842264265315978, 0.5315023647330197, 0.16828799503434966, 0.6790112450880074, 0.5874149048515857, 0.23079608369978155, 0.05905631897829, 0.7083692223653099, 0.028343139334361833]","[0.617824345855178, 1.2038270759152134]",-33.73711395263672,0.424,3400.426608387051,0.8818607689647706,4.0,6.0,0
21,"[0.8953850271326209, 0.20557265759667276, 0.26268325844768114, 0.02094484416240605, 0.27068090144591017, 0.8794320598717107, 0.5513756583147158, 0.41628477156613086, 0.28176023673675177, 0.9191304909520741]","[1.088758246715808, 0.6413468138120098]",-42.356258392333984,1.0,2882.428328163326,7.557674429773186,2.0,6.0,0
22,"[0.7611131728418318, 0.08229124940952703, 0.006155669335288327, 0.613256681670192, 0.2906059077682427, 0.562817570968351, 0.5707371869026688, 0.4513766078981988, 0.8026586252465906, 0.23204551611998447]","[0.05919464671039454, 1.4657497333890772]",-39.98060607910156,1.0,3702.903784294373,16.0434744372032,3.0,6.0,0
23,"[0.4875580786370386, 0.29526571288950065, 0.3657350555800003, 0.7768482879275864, 0.9936568534146455, 0.36880428868132864, 0.6788297965535495, 0.43523470740661496, 0.9461829725207951, 0.4849152370071329]","[0.024923602435105274, 1.2473283527790442]",-36.15690612792969,0.12,3417.921039904258,20.738577437012736,1.0,6.0,0
24,"[0.850551259756355, 0.2754808528630017, 0.7392607956370342, 0.6629613377688489, 0.16146904266095086, 0.9796258488514935, 0.6283084586743911, 0.07962933757560675, 0.32151551530824796, 0.5494715578347591]","[1.288539916479953, 0.9628763856050353]",-44.238059997558594,0.45,3331.098640759599,20.978322791562334,2.0,6.0,0
25,"[0.0043001907504852666, 0.4038284511492043, 0.1949619252207303, 0.32508812283388366, 0.8276226232184107, 0.3953518057604567, 0.6710113104026503, 0.8760714488267184, 0.8268079808374883, 0.8848800971002195]","[0.8398657742651049, 1.1152536838884217]",-25.163639068603516,1.0,2507.4768213749094,20.103654674073823,4.0,6.0,0
26,"[0.3193418039018624, 0.3138203272623701, 0.7008408895008554, 0.4931103229848808, 0.18890636475445843, 0.6959948701337834, 0.2615530463118, 0.22789197890735768, 0.5800284530205562, 0.7312406583584447]","[1.3107516298129689, 0.5582164751952449]",-37.75590133666992,0.339,2985.9666146379886,26.8130143537999,1.0,6.0,0
27,"[0.3994430020003472, 0.484130910594359, 0.9568421661505032, 0.4965961443363097, 0.13251492264908082, 0.17768312108581985, 0.07519442630360906, 0.012996611642042799, 0.8380952953924874, 0.5971018283213804]","[1.3787682822674194, 1.0478921126040406]",-55.021522521972656,0.591,4083.763101123155,30.4171781222648,3.0,6.0,0
28,"[0.9762467026410432, 0.16651737808920697, 0.11153341754909052, 0.5951806393739761, 0.8472292340199105, 0.753517706913019, 0.5401208121935621, 0.7245877983606205, 0.5782871366069361, 0.7697291933269581]","[0.762139086122917, 1.2707328339053825]",-21.887664794921875,0.728,2629.2507060085577,35.282176959331736,2.0,6.0,0
29,"[0.7076778979003703, 0.3356970836114517, 0.5333564262211142, 0.32011996751753846, 0.3918329723107977, 0.7424842116732404, 0.00921065799657117, 0.18956699187220505, 0.5664491371813656, 0.4590016363424163]","[0.18301541483209494, 1.4209477918759625]",-30.16351318359375,0.099,3305.2463726203036,36.70055258706839,2.0,6.0,0
30,"[0.03387269818171201, 0.662682068619064, 0.720244476030497, 0.7401312499629299, 0.8695515555783495, 0.054731143300722596, 0.3164785602685367, 0.07482644255422188, 0.21417883012053884, 0.9065322424574986]","[1.1971433356450858, 0.03847184569194484]",-47.129425048828125,1.0,3422.8583148483444,38.15113586781675,2.0,6.0,0
31,"[0.9868402765278871, 0.43974028393442544, 0.6442476693303388, 0.5149392859956807, 0.8756598515631787, 0.505794352818757, 0.7854340014599015, 0.2005303566832357, 0.01645945948648464, 0.5424458861963711]","[0.9377589260828116, 1.4997182338855923]",-32.09645080566406,0.026,3541.1495025316367,56.89214017769791,2.0,6.0,0
32,"[0.42019325992063383, 0.46997091240616984, 0.5771775044961992, 0.0018023536068190182, 0.5193842211443356, 0.49482967791705623, 0.6756392228496231, 0.4162706429924663, 0.7940310607755042, 0.32654466381127]","[1.046722966747309, 1.3570561088300293]",-30.19530487060547,1.0,3075.714056997288,74.12217734375517,1.0,6.0,0
33,"[0.46581253099537934, 0.3351350375860954, 0.9578419522589532, 0.07389597584523522, 0.16782365513224518, 0.20785494157193374, 0.5675652419333407, 0.9363122242578448, 0.8533136562599993, 0.8114328725032335]","[0.7178343572828981, 1.3593966025137634]",-49.76247024536133,1.0,3318.9908521104744,80.59893153773376,2.0,6.0,0
34,"[0.7527320970790866, 0.82589525837557, 0.33881245331376186, 0.22633305684340344, 0.43091206068443144, 0.5151536963223518, 0.4483805454001032, 0.27789921550015906, 0.5258168433452484, 0.6631806204725954]","[0.4477019015387208, 1.1825904005661956]",-24.107568740844727,0.232,2486.0137388641115,86.91327509857234,2.0,6.0,0
35,"[0.35304843378314044, 0.21652350161279854, 0.36767942473700777, 0.2671989318362714, 0.3187820814455795, 0.9634847481204788, 0.11363799358817561, 0.1009807921059821, 0.9144561221029246, 0.5858895145468258]","[0.6679799243985048, 1.0638281938324412]",-39.33777618408203,0.253,2328.086855561892,87.22955635348495,5.0,6.0,0
36,"[0.5151548407681276, 0.3557522738346047, 0.7488579702300604, 0.48435065818854983, 0.6746453961518705, 0.8940779162131687, 0.23498961995322054, 0.419580930338459, 0.976586484833995, 0.6718489551105283]","[1.3581474071938417, 1.4321585634226728]",-28.002779006958008,0.067,3407.102320047834,105.21589521986516,2.0,6.0,0
37,"[0.0763549914853281, 0.23483907948984994, 0.16222855752056586, 0.9159237744769517, 0.739900702350839, 0.11771307998234448, 0.9919930979414978, 0.11013211899741604, 0.6220697409528387, 0.3547334554703645]","[1.4880503176785342, 0.8376835526668058]",-45.39712905883789,0.993,4033.4286392990607,108.32219997701395,3.0,6.0,0
38,"[0.7571316253352183, 0.5988506638162991, 0.6385458531009636, 0.28353426632010625, 0.6181307496852578, 0.36956669018657895, 0.3799349341788377, 0.681937037573606, 0.8310576876132559, 0.6052685945074544]","[0.25396254580418, 1.197688526189553]",-19.99098777770996,0.14,2028.3085568025438,119.76808342748106,2.0,6.0,0
39,"[0.9897361675845034, 0.3582312185913814, 0.3142381312178827, 0.4165709623150299, 0.9584644009640338, 0.05873521751558297, 0.7300645778190835, 0.5670497583644489, 0.7742121576308749, 0.8883954263166767]","[1.080137156334035, 1.4205931249674941]",-22.29152488708496,0.1,3619.928703779304,130.0661899632894,2.0,6.0,0
40,"[0.7476535197594388, 0.47403622225949027, 0.8166440705290728, 0.8817710808483114, 0.6823799448443975, 0.3151851034187104, 0.8929563307131257, 0.30996375517120167, 0.3987189364419349, 0.7115105508132997]","[1.4135469035066797, 0.6980275756135836]",-30.54159164428711,0.013,2394.498211896021,136.68806997338763,1.0,6.0,0
41,"[0.18878064680754914, 0.5091940832753937, 0.8819028684025597, 0.44215445593765246, 0.6023637298660838, 0.3471792790332324, 0.8588457797698037, 0.10210216325630683, 0.8435291936572402, 0.855161877800188]","[1.1115179427843849, 0.7542788560556952]",-50.05387496948242,0.34,3216.2335511898036,137.3893685122098,1.0,6.0,0
42,"[0.0932556167095393, 0.6834897381142566, 0.6088586050511545, 0.7963263969226773, 0.05541820375084594, 0.8057203967146486, 0.8606094137766368, 0.45377265711836035, 0.28418447481174003, 0.7499650752203063]","[1.414339598242053, 0.6715334561847421]",-33.77790069580078,1.0,3426.5498739036125,139.6978914776418,0.0,6.0,0
43,"[0.9606887020277379, 0.9002654171528618, 0.14704654594174182, 0.7411145400827215, 0.5292209856627658, 0.9366989347480371, 0.9083534610543227, 0.6483341011050769, 0.5287591672457896, 0.20143090853695012]","[0.7831343292771509, 1.0748027882966467]",-35.923622131347656,0.513,2766.368337081068,140.76513653968897,0.0,6.0,0
44,"[0.12858287186718842, 0.7314763939923757, 0.09521030422128629, 0.5699619505238555, 0.5171815371217462, 0.895368602951573, 0.2225521522559719, 0.8424122866034477, 0.9295786250874855, 0.23087836206189072]","[0.41791291612573434, 1.3420087443928799]",-40.209964752197266,0.831,3099.986057177045,147.67650005284588,2.0,6.0,0
45,"[0.7898093832755049, 0.1836603870914313, 0.5542825390272328, 0.24062604181377323, 0.36528505670346056, 0.4229460447715928, 0.758249565648491, 0.4381450103309691, 0.7813658931947177, 0.043090690634595696]","[1.0152324040624476, 0.18070361643581123]",-47.85207748413086,0.354,2552.117592376883,149.53896636960633,3.0,6.0,0
46,"[0.35954611893234156, 0.6571231551575867, 0.5254697248274498, 0.04850513258211875, 0.3049191826586233, 0.2362906836924623, 0.030188469259489592, 0.4736051880661374, 0.4341822332207885, 0.24864819916465264]","[1.299148422495251, 0.2312362544141343]",-29.48998260498047,1.0,2828.0063796595286,158.65554204088915,2.0,6.0,0
47,"[0.9584801136956184, 0.7450348866476518, 0.2157905760841189, 0.7173945053263936, 0.34378554600189437, 0.6989151716524886, 0.8894983573045284, 0.6501660583206906, 0.8422279297235258, 0.6887947057130477]","[1.2046805169113326, 0.15252863562324498]",-23.675552368164062,0.254,2453.4792707372185,160.7368877929929,0.0,6.0,0
48,"[0.8250134678055777, 0.5828599453946457, 0.10742835312995902, 0.8712075744884107, 0.8940306698397861, 0.79328366533945, 0.3499641877600487, 0.16381779297574706, 0.26650062593238233, 0.30608634300284987]","[0.2899974830836338, 1.19232528765645]",-37.73383712768555,0.747,3359.888937831285,175.8444406502147,1.0,6.0,0
49,"[0.7660363414662829, 0.6068143810342034, 0.6283478623630906, 0.6557960559218892, 0.6685927884100901, 0.06771436062054059, 0.8570786899866468, 0.32133769545352076, 0.33815284273601076, 0.1283444014420535]","[0.032718378196915365, 1.0419546944813454]",-29.972270965576172,0.007,2447.4125635992145,198.35166501427608,1.0,6.0,0
50,"[0.17893481367543618, 0.4672684011434851, 0.3549173343096512, 0.9051438366771739, 0.652784802685132, 0.6399131657151546, 0.37050052710804804, 0.790518245853265, 0.17735319182304865, 0.29830276735556926]","[1.459925080268639, 0.953806206216977]",-28.648828506469727,0.374,3432.371450185038,-79.77996047064914,0.0,6.0,0
51,"[0.7527320970790866, 0.82589525837557, 0.33881245331376186, 0.22633305684340344, 0.43091206068443144, 0.5151536963223518, 0.4483805454001032, 0.27789921550015906, 0.5258168433452484, 0.6631806204725954]","[0.4477019015387208, 1.1825904005661956]",-24.107568740844727,0.232,2486.0137388641115,86.91327509857234,2.0,6.0,0
52,"[0.19539759987155403, 0.43531315595064457, 0.20941612123621955, 0.7974623155214327, 0.34510057866729216, 0.5948658710060528, 0.2999915037451498, 0.8746240571921795, 0.606709676684979, 0.9468197909796484]","[1.2163813698099761, 1.350674398506333]",-26.336448669433594,0.314,3570.5206127663387,-4.157631145781522,4.0,6.0,0
53,"[0.3193418039018624, 0.3138203272623701, 0.7008408895008554, 0.4931103229848808, 0.18890636475445843, 0.6959948701337834, 0.2615530463118, 0.22789197890735768, 0.5800284530205562, 0.7312406583584447]","[1.3107516298129689, 0.5582164751952449]",-37.75590133666992,0.339,2985.9666146379886,26.8130143537999,1.0,6.0,0
54,"[0.42019325992063383, 0.46997091240616984, 0.5771775044961992, 0.0018023536068190182, 0.5193842211443356, 0.49482967791705623, 0.6756392228496231, 0.4162706429924663, 0.7940310607755042, 0.32654466381127]","[1.046722966747309, 1.3570561088300293]",-30.19530487060547,1.0,3075.714056997288,74.12217734375517,1.0,6.0,0
55,"[0.9897361675845034, 0.3582312185913814, 0.3142381312178827, 0.4165709623150299, 0.9584644009640338, 0.05873521751558297, 0.7300645778190835, 0.5670497583644489, 0.7742121576308749, 0.8883954263166767]","[1.080137156334035, 1.4205931249674941]",-22.29152488708496,0.1,3619.928703779304,130.0661899632894,2.0,6.0,0
56,"[0.023632428671776062, 0.2816134931005958, 0.48736306607251145, 0.012857887744930352, 0.4914833323409261, 0.29770945642086144, 0.6718259817227047, 0.09288854875744723, 0.6043157467736379, 0.6013821213404011]","[1.4452295541498401, 1.3775952868058952]",-43.888031005859375,1.0,4236.486485575914,-116.95764112295899,1.0,6.0,0
57,"[0.188257161102365, 0.7877266263227836, 0.6596072674909493, 0.9172632996428407, 0.5993159922695809, 0.9421208694705342, 0.6390262522229664, 0.5460602299006425, 0.23326320620013874, 0.8142430618716505]","[0.615508274358867, 1.201416737764787]",-35.904380798339844,0.34,2731.375016092384,-11.822068991965807,2.0,6.0,0
58,"[0.7660363414662829, 0.6068143810342034, 0.6283478623630906, 0.6557960559218892, 0.6685927884100901, 0.06771436062054059, 0.8570786899866468, 0.32133769545352076, 0.33815284273601076, 0.1283444014420535]","[0.032718378196915365, 1.0419546944813454]",-29.972270965576172,0.007,2447.4125635992145,198.35166501427608,1.0,6.0,0
59,"[0.5547696198165065, 0.5160825876377318, 0.8811861793495235, 0.31867896643874516, 0.11784964452439528, 0.23169822139230722, 0.659569533072841, 0.35506101458853867, 0.313666741563808, 0.6631833646572645]","[1.2365024304314944, 0.8374460954228211]",-31.63851547241211,0.688,3324.1372006033835,-164.5212605117652,0.0,6.0,0
60,"[0.9584801136956184, 0.7450348866476518, 0.2157905760841189, 0.7173945053263936, 0.34378554600189437, 0.6989151716524886, 0.8894983573045284, 0.6501660583206906, 0.8422279297235258, 0.6887947057130477]","[1.2046805169113326, 0.15252863562324498]",-23.675552368164062,0.254,2453.4792707372185,160.7368877929929,0.0,6.0,0
61,"[0.35304843378314044, 0.21652350161279854, 0.36767942473700777, 0.2671989318362714, 0.3187820814455795, 0.9634847481204788, 0.11363799358817561, 0.1009807921059821, 0.9144561221029246, 0.5858895145468258]","[0.6679799243985048, 1.0638281938324412]",-39.33777618408203,0.253,2328.086855561892,87.22955635348495,5.0,6.0,0
62,"[0.7898093832755049, 0.1836603870914313, 0.5542825390272328, 0.24062604181377323, 0.36528505670346056, 0.4229460447715928, 0.758249565648491, 0.4381450103309691, 0.7813658931947177, 0.043090690634595696]","[1.0152324040624476, 0.18070361643581123]",-47.85207748413086,0.354,2552.117592376883,149.53896636960633,3.0,6.0,0
63,"[0.46581253099537934, 0.3351350375860954, 0.9578419522589532, 0.07389597584523522, 0.16782365513224518, 0.20785494157193374, 0.5675652419333407, 0.9363122242578448, 0.8533136562599993, 0.8114328725032335]","[0.7178343572828981, 1.3593966025137634]",-49.76247024536133,1.0,3318.9908521104744,80.59893153773376,2.0,6.0,0
64,"[0.850551259756355, 0.2754808528630017, 0.7392607956370342, 0.6629613377688489, 0.16146904266095086, 0.9796258488514935, 0.6283084586743911, 0.07962933757560675, 0.32151551530824796, 0.5494715578347591]","[1.288539916479953, 0.9628763856050353]",-44.238059997558594,0.45,3331.098640759599,20.978322791562334,2.0,6.0,0
65,"[0.49866886134850175, 0.17791419839100442, 0.35622164118008504, 0.6520981168659544, 0.7444418905939161, 0.9051507074391362, 0.28879164900942544, 0.774382020078661, 0.2064226800628115, 0.7715370379067442]","[1.039186452461093, 0.31820872323865884]",-38.87884521484375,0.377,3124.2976933721734,-70.27883156182429,1.0,6.0,0
66,"[0.8953850271326209, 0.20557265759667276, 0.26268325844768114, 0.02094484416240605, 0.27068090144591017, 0.8794320598717107, 0.5513756583147158, 0.41628477156613086, 0.28176023673675177, 0.9191304909520741]","[1.088758246715808, 0.6413468138120098]",-42.356258392333984,1.0,2882.428328163326,7.557674429773186,2.0,6.0,0
67,"[0.49293616218995406, 0.5324478498483587, 0.3107930117753044, 0.9758320136707291, 0.8870121467184444, 0.6373601174260564, 0.42099270734434335, 0.5749995088018878, 0.5529869643862163, 0.015272435183649069]","[0.8647679793230478, 1.2847364484973847]",-26.707189559936523,0.104,3590.014937003162,-68.86788322714995,2.0,6.0,0
68,"[0.4875580786370386, 0.29526571288950065, 0.3657350555800003, 0.7768482879275864, 0.9936568534146455, 0.36880428868132864, 0.6788297965535495, 0.43523470740661496, 0.9461829725207951, 0.4849152370071329]","[0.024923602435105274, 1.2473283527790442]",-36.15690612792969,0.12,3417.921039904258,20.738577437012736,1.0,6.0,0
69,"[0.0763549914853281, 0.23483907948984994, 0.16222855752056586, 0.9159237744769517, 0.739900702350839, 0.11771307998234448, 0.9919930979414978, 0.11013211899741604, 0.6220697409528387, 0.3547334554703645]","[1.4880503176785342, 0.8376835526668058]",-45.39712905883789,0.993,4033.4286392990607,108.32219997701395,3.0,6.0,0
70,"[0.9868402765278871, 0.43974028393442544, 0.6442476693303388, 0.5149392859956807, 0.8756598515631787, 0.505794352818757, 0.7854340014599015, 0.2005303566832357, 0.01645945948648464, 0.5424458861963711]","[0.9377589260828116, 1.4997182338855923]",-32.09645080566406,0.026,3541.1495025316367,56.89214017769791,2.0,6.0,0
71,"[0.7373054252872605, 0.5914192820348003, 0.10844932301271404, 0.4112686884886242, 0.17072977658825428, 0.43132345380885195, 0.010231902156670136, 0.33099943817048805, 0.7559488323569789, 0.11610473609591099]","[1.4440160599934821, 1.3195008784463607]",-31.8443546295166,0.742,4497.143140598838,-120.89254749020512,3.0,6.0,0
72,"[0.7419162010314087, 0.5220921065907778, 0.4171774343880905, 0.9108220921659664, 0.7464710369587361, 0.9835673000846709, 0.7744687729754793, 0.3532556606165881, 0.43070700374480275, 0.4970226157004175]","[0.1268760779065603, 1.2550612931635001]",-36.504920959472656,0.034,3031.590358140759,-43.37359375375945,1.0,6.0,0
73,"[0.7076778979003703, 0.3356970836114517, 0.5333564262211142, 0.32011996751753846, 0.3918329723107977, 0.7424842116732404, 0.00921065799657117, 0.18956699187220505, 0.5664491371813656, 0.4590016363424163]","[0.18301541483209494, 1.4209477918759625]",-30.16351318359375,0.099,3305.2463726203036,36.70055258706839,2.0,6.0,0
74,"[0.5118814273652947, 0.8573010008865969, 0.3995968392250302, 0.09751514963535424, 0.841486558403682, 0.8851177060251493, 0.19316997569865946, 0.5257783000795696, 0.08535616172648453, 0.8267136201588152]","[0.7065846822128775, 1.2589665549678326]",-48.34306716918945,0.817,3720.9341113147134,-305.89370416357235,2.0,6.0,0
75,"[0.7476535197594388, 0.47403622225949027, 0.8166440705290728, 0.8817710808483114, 0.6823799448443975, 0.3151851034187104, 0.8929563307131257, 0.30996375517120167, 0.3987189364419349, 0.7115105508132997]","[1.4135469035066797, 0.6980275756135836]",-30.54159164428711,0.013,2394.498211896021,136.68806997338763,1.0,6.0,0
76,"[0.9606887020277379, 0.9002654171528618, 0.14704654594174182, 0.7411145400827215, 0.5292209856627658, 0.9366989347480371, 0.9083534610543227, 0.6483341011050769, 0.5287591672457896, 0.20143090853695012]","[0.7831343292771509, 1.0748027882966467]",-35.923622131347656,0.513,2766.368337081068,140.76513653968897,0.0,6.0,0
77,"[0.7281969713021883, 0.41225211081351676, 0.6603726714939671, 0.46770008428541465, 0.5157744326426499, 0.07706848791542142, 0.024011331493556054, 0.2929158759379945, 0.2864487199904745, 0.6576467600079774]","[0.7770490207042496, 1.3912576831453765]",-29.745269775390625,0.036,3067.1550756233387,-69.29860929430612,3.0,6.0,0
78,"[0.9421656316593494, 0.8731312620415899, 0.993906309433891, 0.3738491444106369, 0.8351417342075574, 0.38069524000658606, 0.09368549297431539, 0.21220747485396863, 0.0935034547745921, 0.4859329784263382]","[1.072307852436675, 1.3377326463498305]",-38.28579330444336,0.06,3131.7168649483556,1.8409082103700882,2.0,6.0,0
79,"[0.35954611893234156, 0.6571231551575867, 0.5254697248274498, 0.04850513258211875, 0.3049191826586233, 0.2362906836924623, 0.030188469259489592, 0.4736051880661374, 0.4341822332207885, 0.24864819916465264]","[1.299148422495251, 0.2312362544141343]",-29.48998260498047,1.0,2828.0063796595286,158.65554204088915,2.0,6.0,0
80,"[0.7571316253352183, 0.5988506638162991, 0.6385458531009636, 0.28353426632010625, 0.6181307496852578, 0.36956669018657895, 0.3799349341788377, 0.681937037573606, 0.8310576876132559, 0.6052685945074544]","[0.25396254580418, 1.197688526189553]",-19.99098777770996,0.14,2028.3085568025438,119.76808342748106,2.0,6.0,0
81,"[0.03387269818171201, 0.662682068619064, 0.720244476030497, 0.7401312499629299, 0.8695515555783495, 0.054731143300722596, 0.3164785602685367, 0.07482644255422188, 0.21417883012053884, 0.9065322424574986]","[1.1971433356450858, 0.03847184569194484]",-47.129425048828125,1.0,3422.8583148483444,38.15113586781675,2.0,6.0,0
82,"[0.7611131728418318, 0.08229124940952703, 0.006155669335288327, 0.613256681670192, 0.2906059077682427, 0.562817570968351, 0.5707371869026688, 0.4513766078981988, 0.8026586252465906, 0.23204551611998447]","[0.05919464671039454, 1.4657497333890772]",-39.98060607910156,1.0,3702.903784294373,16.0434744372032,3.0,6.0,0
83,"[0.8806350809002281, 0.07458742422196396, 0.9320824085782379, 0.14566874185476875, 0.3015314021630472, 0.6021361701813102, 0.08362765145734896, 0.12499955865727308, 0.7854702016115908, 0.4115541827996497]","[1.35003302798446, 0.7084983879074531]",-56.52992630004883,1.0,3957.8861157284614,-412.6557135302752,2.0,6.0,0
84,"[0.8122050151262458, 0.29045961628587613, 0.7550132519180535, 0.6089078108765937, 0.9632475898482437, 0.4959391441876757, 0.19457688761579417, 0.2195079915141478, 0.6014041791288685, 0.08962073043795493]","[0.6615530572198147, 1.1654497424988384]",-31.953475952148438,0.129,2980.724557145739,-129.70515746079013,1.0,6.0,0
85,"[0.12858287186718842, 0.7314763939923757, 0.09521030422128629, 0.5699619505238555, 0.5171815371217462, 0.895368602951573, 0.2225521522559719, 0.8424122866034477, 0.9295786250874855, 0.23087836206189072]","[0.41791291612573434, 1.3420087443928799]",-40.209964752197266,0.831,3099.986057177045,147.67650005284588,2.0,6.0,0
86,"[0.0043001907504852666, 0.4038284511492043, 0.1949619252207303, 0.32508812283388366, 0.8276226232184107, 0.3953518057604567, 0.6710113104026503, 0.8760714488267184, 0.8268079808374883, 0.8848800971002195]","[0.8398657742651049, 1.1152536838884217]",-25.163639068603516,1.0,2507.4768213749094,20.103654674073823,4.0,6.0,0
87,"[0.3994430020003472, 0.484130910594359, 0.9568421661505032, 0.4965961443363097, 0.13251492264908082, 0.17768312108581985, 0.07519442630360906, 0.012996611642042799, 0.8380952953924874, 0.5971018283213804]","[1.3787682822674194, 1.0478921126040406]",-55.021522521972656,0.591,4083.763101123155,30.4171781222648,3.0,6.0,0
88,"[0.8250134678055777, 0.5828599453946457, 0.10742835312995902, 0.8712075744884107, 0.8940306698397861, 0.79328366533945, 0.3499641877600487, 0.16381779297574706, 0.26650062593238233, 0.30608634300284987]","[0.2899974830836338, 1.19232528765645]",-37.73383712768555,0.747,3359.888937831285,175.8444406502147,1.0,6.0,0
89,"[0.10368010753270052, 0.7979429078588656, 0.49373414724032827, 0.2153195271485615, 0.9877562857569903, 0.4297612930140656, 0.4138198863286343, 0.9987729501752127, 0.5439146577146111, 0.4957244334967964]","[1.2733532079624863, 0.1729038018567342]",-53.048675537109375,0.77,3212.790436818893,-14.113179765457517,3.0,6.0,0
90,"[0.716135524315577, 0.9265763828646507, 0.3525112870284548, 0.9446171043542214, 0.2829551262065978, 0.9120736349889094, 0.586668750518576, 0.6755103035703888, 0.9781358594533898, 0.9356865558408266]","[1.435918558786387, 0.25122151225093126]",-28.576072692871094,0.14,3230.5670897769974,-144.39668179884774,1.0,6.0,0
91,"[0.9762467026410432, 0.16651737808920697, 0.11153341754909052, 0.5951806393739761, 0.8472292340199105, 0.753517706913019, 0.5401208121935621, 0.7245877983606205, 0.5782871366069361, 0.7697291933269581]","[0.762139086122917, 1.2707328339053825]",-21.887664794921875,0.728,2629.2507060085577,35.282176959331736,2.0,6.0,0
92,"[0.18878064680754914, 0.5091940832753937, 0.8819028684025597, 0.44215445593765246, 0.6023637298660838, 0.3471792790332324, 0.8588457797698037, 0.10210216325630683, 0.8435291936572402, 0.855161877800188]","[1.1115179427843849, 0.7542788560556952]",-50.05387496948242,0.34,3216.2335511898036,137.3893685122098,1.0,6.0,0
93,"[0.5151548407681276, 0.3557522738346047, 0.7488579702300604, 0.48435065818854983, 0.6746453961518705, 0.8940779162131687, 0.23498961995322054, 0.419580930338459, 0.976586484833995, 0.6718489551105283]","[1.3581474071938417, 1.4321585634226728]",-28.002779006958008,0.067,3407.102320047834,105.21589521986516,2.0,6.0,0
94,"[0.633303004964886, 0.2842264265315978, 0.5315023647330197, 0.16828799503434966, 0.6790112450880074, 0.5874149048515857, 0.23079608369978155, 0.05905631897829, 0.7083692223653099, 0.028343139334361833]","[0.617824345855178, 1.2038270759152134]",-33.73711395263672,0.424,3400.426608387051,0.8818607689647706,4.0,6.0,0
95,"[0.5889658881432593, 0.8624856673584459, 0.37440426122847836, 0.5928292560660468, 0.20942917933874872, 0.12870168473469945, 0.2589351675039948, 0.4493700221843081, 0.9805186398602482, 0.16238519618917013]","[0.7747330486829124, 1.191227849765339]",-49.19136047363281,0.276,3112.7472715075687,-252.89821358349326,1.0,6.0,0
96,"[0.9269667072846148, 0.531556426498312, 0.5070854352124422, 0.8115158779645404, 0.9065365526896961, 0.06655933206506481, 0.7572363648024241, 0.4065989313758811, 0.5091038982398773, 0.23860277166153243]","[1.3172396119005512, 1.3606962736847152]",-25.555286407470703,0.011,3538.4802565667082,-36.75083454054874,2.0,6.0,0
97,"[0.0932556167095393, 0.6834897381142566, 0.6088586050511545, 0.7963263969226773, 0.05541820375084594, 0.8057203967146486, 0.8606094137766368, 0.45377265711836035, 0.28418447481174003, 0.7499650752203063]","[1.414339598242053, 0.6715334561847421]",-33.77790069580078,1.0,3426.5498739036125,139.6978914776418,0.0,6.0,0
98,"[0.732673900343337, 0.2885492360637769, 0.9641909194355908, 0.2734455081289784, 0.8778101871478206, 0.7136426366346105, 0.7655390330287417, 0.3521042640297445, 0.5838583952545342, 0.6082916064372581]","[1.4613069482627232, 1.066079682499568]",-44.98564529418945,0.151,3034.63520824074,-46.89954670157658,1.0,6.0,0
99,"[0.7068938596677737, 0.3410494410080632, 0.4004563457975292, 0.06312328594757288, 0.5771130237442562, 0.17805372425306576, 0.8101457296942176, 0.2280566951506835, 0.22304648289323237, 0.924136868277313]","[0.789535267507927, 1.0643976984426988]",-46.862892150878906,1.0,2916.086570696259,-184.90394436526793,1.0,6.0,0
100,"[0.42019325992063383, 0.46997091240616984, 0.7184251013044967, 0.0018023536068190182, 0.5193842211443356, 0.49482967791705623, 0.6756392228496231, 0.4162706429924663, 0.25037751671345143, 0.4164991036774911]","[1.046722966747309, 1.3570561088300293]",-33.61983871459961,1.0,3150.4190617561167,41.35148970470058,1.0,6.0,0
101,"[0.023632428671776062, 0.28844133654304005, 0.48736306607251145, 0.015375877960886547, 0.4914833323409261, 0.7110798470231819, 0.677066711850653, 0.3563108079228401, 0.6042794194545882, 0.6013821213404011]","[1.4452295541498401, 1.0562489792400673]",-21.087188720703125,1.0,3154.2370387686974,73.46994907809398,0.0,6.0,0
102,"[0.7069016077692364, 0.3410494410080632, 0.3955832223695178, 0.4012977501902638, 0.5771130237442562, 0.4370975885858184, 0.03981100556083639, 0.3317958304223853, 0.16427943206263712, 0.9780270368265599]","[0.789535267507927, 1.0643976984426988]",-35.03016662597656,0.077,2366.8667928750683,21.530277283174684,2.0,6.0,0
103,"[0.9269667072846148, 0.4103341829348635, 0.5070854352124422, 0.33809474238707443, 0.9065365526896961, 0.06254499335406066, 0.7572363648024241, 0.4065989313758811, 0.5091038982398773, 0.23860277166153243]","[1.3111595313238167, 1.3606962736847152]",-34.53493118286133,0.083,3584.8589152039267,-43.39570564012638,2.0,6.0,0
104,"[0.188257161102365, 0.7907683801061696, 0.6596072674909493, 0.5761698256868899, 0.31660435866129866, 0.9421208694705342, 0.6387391270102466, 0.5460602299006425, 0.23326320620013874, 0.19449235910707224]","[0.615508274358867, 1.1908466237145698]",-44.63576889038086,0.34,3033.992121286659,-15.665315387756038,2.0,6.0,0
105,"[0.12511006159322807, 0.7657445364325934, 0.09521030422128629, 0.5699619505238555, 0.2704112482233792, 0.895368602951573, 0.2225521522559719, 0.8424122866034477, 0.2970320714001953, 0.25813271477352345]","[0.41791291612573434, 1.3420087443928799]",-24.60145378112793,0.831,2860.6276568247176,150.64401342716604,3.0,6.0,0
106,"[0.18102944492103082, 0.5160825876377318, 0.8887957345052513, 0.3940806151994467, 0.6488878338161979, 0.6372062122471258, 0.3386644260883154, 0.35506101458853867, 0.313666741563808, 0.30873175356611215]","[1.2263261296980261, 0.952261629315568]",-34.74290466308594,0.363,2630.616108320923,44.44107045187005,0.0,6.0,0
107,"[0.633303004964886, 0.2842264265315978, 0.3032328729912952, 0.14074386705188902, 0.7623149198345835, 0.5874149048515857, 0.23079608369978155, 0.05905631897829, 0.7158379961456881, 0.015535922568791907]","[0.617824345855178, 1.2038270759152134]",-38.687828063964844,0.547,3758.936713409226,-35.97759693328152,4.0,6.0,0
108,"[0.4866610893576113, 0.8440131727235431, 0.4485171573981867, 0.19238216530613594, 0.8462507512851277, 0.3857787054539499, 0.19316997569865946, 0.5257783000795696, 0.08535616172648453, 0.5039989733480098]","[0.002042555343777952, 1.2485152820471703]",-40.112586975097656,0.327,3507.5093617946613,10.16428357567625,1.0,6.0,0
109,"[0.49877078748601433, 0.16610129296901321, 0.34647768644846233, 0.652484778275116, 0.8472292340199105, 0.7635515805095588, 0.5459357548487085, 0.7245877983606205, 0.5782871366069361, 0.7697291933269581]","[1.043638633107272, 1.2707328339053825]",-27.67609977722168,0.429,2438.334740900371,-9.994861687083358,2.0,6.0,0
110,"[0.9868402765278871, 0.43974028393442544, 0.6442476693303388, 0.5149392859956807, 0.9612721845257397, 0.505794352818757, 0.7854340014599015, 0.5774508361411459, 0.01645945948648464, 0.5404759647440573]","[0.9377589260828116, 1.4997182338855923]",-30.980134963989258,0.026,3500.645746396963,180.18804641978744,2.0,6.0,0
111,"[0.11167104584963433, 0.29045961628587613, 0.7550132519180535, 0.6089078108765937, 0.9866333254260907, 0.4959391441876757, 0.20196148556775254, 0.9965879913892319, 0.5457990047355961, 0.06911423539493058]","[0.6615530572198147, 0.18802025734971523]",-49.36997985839844,0.728,3161.770991806453,-321.45407869475036,3.0,6.0,0
112,"[0.9286472969120931, 0.7877266263227836, 0.6596072674909493, 0.9172632996428407, 0.5993159922695809, 0.9421208694705342, 0.6390262522229664, 0.5460602299006425, 0.020437676905919744, 0.8120335599190783]","[0.615508274358867, 1.215384891902221]",-25.775829315185547,0.007,2895.6269239488774,-11.822068991965807,2.0,6.0,0
113,"[0.9762467026410432, 0.1187947313216838, 0.3114749037991247, 0.9770296964427372, 0.847106939790278, 0.753517706913019, 0.5401208121935621, 0.7245877983606205, 0.5782871366069361, 0.05488715149668144]","[0.8666160864367074, 1.2707328339053825]",-45.55757522583008,0.677,3625.581046945229,-40.050945540719624,3.0,6.0,0
114,"[0.633303004964886, 0.2842264265315978, 0.5315023647330197, 0.16828799503434966, 0.6790112450880074, 0.5874149048515857, 0.23079608369978155, 0.05905631897829, 0.7083692223653099, 0.028343139334361833]","[0.3845101724147504, 1.2038270759152134]",-33.73711395263672,0.424,3273.722896602885,0.8818607689647706,4.0,6.0,0
115,"[0.7606656863490625, 0.5220921065907778, 0.4227345634414097, 0.9108220921659664, 0.7464710369587361, 0.9683142235781608, 0.7744687729754793, 0.44084021805492213, 0.43070700374480275, 0.4970226157004175]","[0.1268760779065603, 1.2550612931635001]",-38.1573486328125,0.034,2972.5268142526843,-43.37359375375945,1.0,6.0,0
116,"[0.7197606405409028, 0.3356970836114517, 0.5333564262211142, 0.2889891741195121, 0.36280510403344546, 0.8085282713104369, 0.8323475225697874, 0.18956699187220505, 0.254579122702571, 0.4590016363424163]","[0.1561316987018041, 0.6964182382287534]",-40.68930435180664,0.131,2324.9653917398737,-110.2323182154397,3.0,6.0,0
117,"[0.5113461329308175, 0.8573010008865969, 0.35461850182847443, 0.956081454171083, 0.2792451411839935, 0.8851177060251493, 0.19316997569865946, 0.5249772675663084, 0.08535616172648453, 0.8267136201588152]","[0.5875224398820299, 1.2778297615484062]",-45.21476364135742,0.145,2831.5002808075033,8.296122263760736,2.0,6.0,0
118,"[0.8953850271326209, 0.2036848349620467, 0.26268325844768114, 0.013264543415375769, 0.49673042599103917, 0.2961315328291323, 0.5513756583147158, 0.10244184936878448, 0.28176023673675177, 0.5998290562690959]","[1.088758246715808, 0.6409195585207306]",-62.3193359375,1.0,3051.237849233868,-243.03559281315955,2.0,6.0,0
119,"[0.9421656316593494, 0.8587224959284102, 0.993906309433891, 0.2734275531318483, 0.8351417342075574, 0.38069524000658606, 0.09325571742718058, 0.21220747485396863, 0.0935034547745921, 0.4859329784263382]","[1.4783459879939926, 1.3348736665150809]",-38.28579330444336,0.151,3594.631062306577,1.8409082103700882,1.0,6.0,0
120,"[0.04321841513715788, 0.6669194358024924, 0.5779571939595162, 0.0018023536068190182, 0.8692031954345601, 0.49482967791705623, 0.27861226191965577, 0.4162706429924663, 0.20628991016868203, 0.34845344529405364]","[1.046722966747309, 1.3570561088300293]",-45.05714797973633,1.0,3723.271504287614,-21.16851267321465,3.0,6.0,0
121,"[0.174671170104228, 0.15841232960692078, 0.3549173343096512, 0.9051438366771739, 0.7460940867439803, 0.6418202003650368, 0.28217139767930977, 0.7742241390878216, 0.17735319182304865, 0.29830276735556926]","[1.036644609414573, 0.32923217762360163]",-35.673030853271484,0.465,2620.4417171166533,-81.01995380175958,1.0,6.0,0
122,"[0.03387269818171201, 0.662682068619064, 0.5789968792221806, 0.7355222872608916, 0.8695515555783495, 0.054731143300722596, 0.3164785602685367, 0.07482644255422188, 0.7009614357970393, 0.9065322424574986]","[1.1971433356450858, 0.03847184569194484]",-47.2520637512207,1.0,3400.6240276544518,-157.00284180872637,2.0,6.0,0
123,"[0.7419162010314087, 0.5220921065907778, 0.4171774343880905, 0.9108220921659664, 0.7464710369587361, 0.9835673000846709, 0.7744687729754793, 0.3532556606165881, 0.43070700374480275, 0.4970226157004175]","[0.1268760779065603, 1.202394521631978]",-36.504920959472656,0.034,2965.395613480899,-43.37359375375945,1.0,6.0,0
124,"[0.732673900343337, 0.28172139262133267, 0.9432055641689162, 0.2718698653074405, 0.8778101871478206, 0.3002722441490154, 0.7655390330287417, 0.08868372021240281, 0.5838947225735838, 0.6082916064372581]","[1.4613069482627232, 1.3874238996405008]",-52.24429702758789,0.153,3892.2845778129927,-51.182408791826504,1.0,6.0,0
125,"[0.7372976771857979, 0.5914192820348003, 0.11332305538944407, 0.07313058711770198, 0.17072977658825428, 0.17227959958565445, 0.7900641425036594, 0.17155890924796516, 0.7597499255159283, 0.05062675090211427]","[1.3972757671411102, 1.3195008784463607]",-26.746726989746094,1.0,4643.78373656672,28.89215263312758,1.0,6.0,0
126,"[0.0043001907504852666, 0.5250506947126529, 0.1949619252207303, 0.7985085263602499, 0.8276226232184107, 0.3893332208948686, 0.6710113104026503, 0.8760714488267184, 0.8268079808374883, 0.8848800971002195]","[0.8459450404176573, 1.0609866979270004]",-32.39847183227539,1.0,2446.7921532933574,143.73185392669632,2.0,6.0,0
127,"[0.5574411213002523, 0.8594439135750395, 0.37440426122847836, 0.9338574780502179, 0.6070394607723744, 0.12870168473469945, 0.2683105057804708, 0.4493700221843081, 0.9805186398602482, 0.7821434070789667]","[0.7747330486829124, 1.2017979638155563]",-40.13904571533203,0.06,2938.0238152330585,-302.51203659022724,1.0,6.0,0
128,"[0.8986789276569211, 0.1713148106294286, 0.26268325844768114, 0.06005686920078268, 0.5174511903791019, 0.8794320598717107, 0.5513756583147158, 0.41628477156613086, 0.9138887026939346, 0.8915379668617707]","[1.088758246715808, 0.6413468138120098]",-50.63611602783203,1.0,2810.4803420181515,-19.81084613240347,1.0,6.0,0
129,"[0.5526751190362481, 0.4672684011434851, 0.34726070096429423, 0.8296652178676407, 0.12177054874352461, 0.23440520804477755, 0.6634006747832182, 0.790518245853265, 0.17735319182304865, 0.6527543791516277]","[1.4699045755897158, 0.8389906723242301]",-33.43389892578125,0.661,3466.5807359541673,-39.35752076178534,2.0,6.0,0
130,"[0.49293616218995406, 0.5172782440030331, 0.5390625035256649, 0.9860174259403148, 0.8870121467184444, 0.6373601174260564, 0.42099270734434335, 0.5749995088018878, 0.5455181906055373, 0.028079651950048398]","[0.8647679793230478, 1.2847364484973847]",-45.2613525390625,0.012,3257.332865344418,122.72462054569732,2.0,6.0,0
131,"[0.512778416644722, 0.30854189821827277, 0.36597099690529517, 0.7641614600663426, 0.9882294161783076, 0.8845755437024401, 0.6788297965535495, 0.43523470740661496, 0.9461829725207951, 0.8076298190573811]","[0.7629757813034028, 1.2577796256997065]",-41.657718658447266,0.104,2290.04836422808,-165.1178094488738,1.0,6.0,0
132,"[0.974418463677655, 0.17833028351119817, 0.1212774829189936, 0.5947939779648146, 0.7444418905939161, 0.9054554372005164, 0.28297670641951483, 0.774382020078661, 0.2064226800628115, 0.7715370379067442]","[0.7576869054760524, 0.37638134894835124]",-28.684078216552734,0.662,3025.0802645419694,-191.53988100968894,2.0,6.0,0
133,"[0.9897361675845034, 0.3582312185913814, 0.35019018816477543, 0.4165709623150299, 0.8728519711377246, 0.05873521751558297, 0.756655309509993, 0.1985415560441459, 0.7742121576308749, 0.8903626965401992]","[1.080137156334035, 1.4205931249674941]",-34.30022430419922,0.074,3856.4365461177813,150.4605388875887,2.0,6.0,0
134,"[0.804380891810756, 0.7979429078588656, 0.49373414724032827, 0.2153195271485615, 0.9643705448342786, 0.4297612930140656, 0.40643528863506745, 0.18510651180646842, 0.6002956747358965, 0.5163997973184222]","[1.1327410834919172, 1.1504555133601615]",-29.2058162689209,0.256,2897.0890744687777,211.67016520992723,1.0,6.0,0
135,"[0.2388577401065094, 0.43974028393442544, 0.6442476693303388, 0.5149392859956807, 0.8756598515631787, 0.505794352818757, 0.7854340014599015, 0.2005303566832357, 0.22963467594752773, 0.544655383842427]","[0.9377589260828116, 1.4802561569318495]",-46.89921569824219,0.211,3561.491832578696,31.096752904571076,2.0,6.0,0
136,"[0.5547696198165065, 0.5749058909557709, 0.8811861793495235, 0.31867896643874516, 0.11784964452439528, 0.23169822139230722, 0.659569533072841, 0.35506101458853867, 0.313666741563808, 0.6631833646572645]","[1.2365024304314944, 0.8374460954228211]",-35.85089111328125,0.688,3382.35981938578,-164.5212605117652,0.0,6.0,0
137,"[0.49293616218995406, 0.5801890070742604, 0.12543575035553162, 0.5927635252389996, 0.887134440948077, 0.6373601174260564, 0.42099270734434335, 0.5749995088018878, 0.5529869643862163, 0.8324294408188554]","[0.6894746113309989, 1.2847364484973847]",-35.52577590942383,0.641,2559.220325482612,34.15710501544103,2.0,6.0,0
138,"[0.4688085917735613, 0.29526571288950065, 0.3601779265266811, 0.7768482879275864, 0.9936568534146455, 0.3795494153675676, 0.6788297965535495, 0.3476501499682809, 0.9461829725207951, 0.4849152370071329]","[0.024923602435105274, 1.2473283527790442]",-40.88294219970703,0.12,3541.969693366992,63.30618420761644,1.0,6.0,0
139,"[0.08155695168659605, 0.6834897381142566, 0.6088586050511545, 0.7963263969226773, 0.05541820375084594, 0.7396763370774521, 0.04808662173958855, 0.45377265711836035, 0.596054493990622, 0.7499650752203063]","[1.4352041207102388, 1.3955461591858316]",-16.641408920288086,1.0,3831.889730056939,205.18249097547036,1.0,6.0,0
140,"[0.7166708187478821, 0.9265763828646507, 0.39748962442501057, 0.08271171981689068, 0.8451869482494005, 0.9120736349889094, 0.586668750518576, 0.6763113360836425, 0.9781358594533898, 0.9356865558408266]","[1.435918558786387, 0.2126090788827495]",-42.15195846557617,0.933,3256.473775890058,34.2232023403198,1.0,6.0,0
141,"[0.023632428671776062, 0.2835013157352224, 0.48736306607251145, 0.020538188491973725, 0.26543380782429415, 0.8809681626878707, 0.6718259817227047, 0.3398956792492116, 0.6043157467736379, 0.9155427493850226]","[1.4452295541498401, 1.377901931611231]",-26.574596405029297,1.0,4028.01247973864,-155.09716197980748,1.0,6.0,0
142,"[0.7527320970790866, 0.82589525837557, 0.4135371550282181, 0.22633305684340344, 0.43091206068443144, 0.5151536963223518, 0.4483805454001032, 0.27789921550015906, 0.5258168433452484, 0.6631806204725954]","[0.4477019015387208, 1.1825904005661956]",-24.107568740844727,0.232,2550.0430009404204,86.91327509857234,2.0,6.0,0
143,"[0.732673900343337, 0.30293098177137495, 0.9641909194355908, 0.37386709940776713, 0.8778101871478206, 0.7136426366346105, 0.766183521818329, 0.3521042640297445, 0.5838583952545342, 0.6082916064372581]","[1.052497337218171, 1.0689386479893612]",-42.87297821044922,0.111,2508.2014396661807,-46.89954670157658,2.0,6.0,0
144,"[0.4112894485093395, 0.4657335452224154, 0.7194647865671607, 0.7401312499629299, 0.5197318429321407, 0.054731143300722596, 0.7135055266969534, 0.07482644255422188, 0.801919149925717, 0.9065322424574986]","[1.1971433356450858, 0.03847184569194484]",-39.61551284790039,0.036,3155.4921799508643,-82.0589005544984,2.0,6.0,0
145,"[0.5029325683412336, 0.48677046407508906, 0.35622164118008504, 0.6520981168659544, 0.6511326065350674, 0.9051507074391362, 0.37712077843816383, 0.7906761268441044, 0.2064226800628115, 0.7715370379067442]","[1.4618981825442245, 0.9427828955366788]",-23.793869018554688,0.067,3131.983401206581,-58.14258899845879,0.0,6.0,0
146,"[0.5047788818479976, 0.855019082299687, 0.296381320863899, 0.8503671184764373, 0.841486558403682, 0.9119880755167471, 0.5336683060936045, 0.5257783000795696, 0.988307993431441, 0.8267136201588152]","[1.4201480943313933, 1.2101309473652428]",-21.85647964477539,0.118,3088.001458206141,-17.727650660404777,1.0,6.0,0
147,"[0.7282901920648885, 0.5093540676349055, 0.6066508264549266, 0.8817710808483114, 0.6964162072510345, 0.3151851034187104, 0.02705860691243661, 0.2929607504552509, 0.4016110160638677, 0.7115105508132997]","[0.7774828627757224, 0.6980275756135836]",-34.66850662231445,0.011,1632.2272959215757,45.91377660049932,2.0,6.0,0
148,"[0.7232380698233029, 0.9288583013863586, 0.3525112870284548, 0.1482440737998928, 0.2829551262065978, 0.8852032654973114, 0.24617049939878188, 0.6755103035703888, 0.016456930064155717, 0.9356865558408266]","[0.7215206172009931, 0.25122151225093126]",-50.07124328613281,0.508,3474.0074347501422,-196.85128434886252,3.0,6.0,0
149,"[0.7475602989967387, 0.41366724548609474, 0.8086071063831904, 0.46770008428541465, 0.5017381702351642, 0.07706848791542142, 0.896328603728503, 0.3099188806539453, 0.28355664036854344, 0.6576467600079774]","[1.412899601650105, 1.3912576831453765]",-32.25047302246094,0.035,3879.5939218223866,-149.19564074843186,3.0,6.0,0
150,"[0.4148477649860867, 0.17583862766527034, 0.7870140863578045, 0.7408093839016949, 0.5197318429321407, 0.1269937656541959, 0.7135055266969534, 0.0688490414524866, 0.8140474488906011, 0.9065322424574986]","[1.0431515743098754, 0.0416596075065456]",-68.26355743408203,0.384,3169.309153594134,-147.4008276074863,3.0,6.0,0
151,"[0.7175677689137233, 0.2681766412058573, 0.9641909194355908, 0.9401949067054027, 0.8778101871478206, 0.06253888190783452, 0.7655390330287417, 0.3521042640297445, 0.5952650974060794, 0.7578813076118217]","[1.4613069482627232, 1.212280081906515]",-52.222537994384766,0.158,3580.148530048707,-38.283761273577966,2.0,6.0,0
152,"[0.512778416644722, 0.30854189821827277, 0.36597099690529517, 0.7641614600663426, 0.9897253383045441, 0.8825679224216498, 0.6788297965535495, 0.43523470740661496, 0.9461829725207951, 0.826916757836182]","[0.66164382305716, 1.2577796256997065]",-41.657718658447266,0.104,2302.050685002327,-165.1178094488738,1.0,6.0,0
153,"[0.5547696198165065, 0.6655738396448159, 0.5849229974390929, 0.31867896643874516, 0.8870305527337983, 0.2256635197981645, 0.32211043143348966, 0.35506101458853867, 0.395771418625236, 0.6631833646572645]","[1.2350744735933024, 0.8228603708026621]",-38.16868209838867,0.099,2131.498120361806,106.79757928322886,0.0,6.0,0
154,"[0.7128683699244849, 0.9380935961993055, 0.3525112870284548, 0.935339544627758, 0.2829551262065978, 0.9120736349889094, 0.5879460872496901, 0.6755103035703888, 0.9781358594533898, 0.9356865558408266]","[1.435918558786387, 0.6631478913678583]",-28.576072692871094,0.14,3042.668928076879,-134.7836171111624,1.0,6.0,0
155,"[0.492138926848117, 0.17791419839100442, 0.3548895157319772, 0.6520981168659544, 0.6559985321595734, 0.636256691163384, 0.28879164900942544, 0.7890143539920648, 0.17953537552078108, 0.2812084577280813]","[1.031281715805903, 0.31820872323865884]",-38.85847854614258,0.377,2572.84260876713,82.42191381211327,1.0,6.0,0
156,"[0.188257161102365, 0.5262947389934908, 0.6649384739367246, 0.9172632996428407, 0.7443472659775325, 0.941958804440857, 0.7779182184684981, 0.5460602299006425, 0.23901200537246708, 0.5001595474991689]","[0.13214568408364505, 1.2024076552874288]",-36.23951721191406,0.34,2195.3732227045907,99.13422148676625,2.0,6.0,0
157,"[0.8806350809002281, 0.08606600857115818, 0.9320824085782379, 0.14566874185476875, 0.3015314021630472, 0.9707362918513467, 0.7901459777839144, 0.13244490438247328, 0.7820115837807408, 0.4175683326444387]","[1.3523267227842273, 0.7084983879074531]",-61.47076416015625,0.907,4002.1035317212245,151.74225150539988,1.0,6.0,0
158,"[0.5029325683412336, 0.48677046407508906, 0.37440938002757096, 0.5919559865685444, 0.6511326065350674, 0.12673856400778033, 0.3821293086324228, 0.7906761268441044, 0.2064226800628115, 0.7715370379067442]","[1.4618981825442245, 0.9427828955366788]",-27.090726852416992,0.06,3088.2575642694646,52.87384058210901,0.0,6.0,0
159,"[0.023632428671776062, 0.2816134931005958, 0.48736306607251145, 0.012857887744930352, 0.4700922434053528, 0.29770945642086144, 0.6718259817227047, 0.09288854875744723, 0.6043157467736379, 0.6013821213404011]","[1.4452295541498401, 1.3775952868058952]",-43.888031005859375,1.0,4230.653225109078,-83.35125471708949,1.0,6.0,0
160,"[0.5526751190362481, 0.4672684011434851, 0.34726070096429423, 0.8296652178676407, 0.922895206570141, 0.23440520804477755, 0.7482644534525148, 0.790518245853265, 0.5096568637915377, 0.17313666778164766]","[1.4699045755897158, 1.3703271733552993]",-29.94615936279297,0.074,3930.4001831248074,39.9537044027787,1.0,6.0,0
161,"[0.5547696198165065, 0.5160825876377318, 0.8811861793495235, 0.31867896643874516, 0.11784964452439528, 0.23169822139230722, 0.659569533072841, 0.35506101458853867, 0.2739933395074705, 0.6631833646572645]","[1.2365024304314944, 0.8374460954228211]",-34.71860122680664,0.688,3359.609094211581,-147.74479039407845,0.0,6.0,0
162,"[0.5162486126966066, 0.5184908544312126, 0.4986027883793944, 0.6408762616237802, 0.9065365526896961, 0.9388232520669633, 0.7601869977115187, 0.40800797084674206, 0.5091038982398773, 0.2379369157988077]","[1.3111595313238167, 1.3606962736847152]",-34.12611389160156,0.011,3186.70664134031,-38.88714156004613,2.0,6.0,0
163,"[0.5246873608234398, 0.30095461074116076, 0.9647565479146968, 0.3730327584144518, 0.797152831976008, 0.9047188501993713, 0.766183521818329, 0.3521042640297445, 0.5838583952545342, 0.6071359903993427]","[1.4469173100592734, 1.0689386479893612]",-28.44765281677246,0.113,3274.9884520445216,-74.75569534328002,1.0,6.0,0
164,"[0.11167104584963433, 0.29045961628587613, 0.8821349292527512, 0.6089078108765937, 0.9887880531828732, 0.4960563971041355, 0.6388618896418694, 0.9965879913892319, 0.5742659490254773, 0.06911423539493058]","[1.2300858011953308, 0.8166786835275943]",-56.84767532348633,0.728,3467.4896738179173,-129.36346926223985,2.0,6.0,0
165,"[0.174671170104228, 0.3092766855245443, 0.3553884302582674, 0.9051438366771739, 0.7460940867439803, 0.6440386217241851, 0.6800441805920269, 0.7742241390878216, 0.17735319182304865, 0.7491809942280179]","[1.036644609414573, 0.28405653132036446]",-34.19572067260742,0.39,2255.7609136223796,77.23080567498315,0.0,6.0,0
166,"[0.03261438003254591, 0.5220921065907778, 0.4132385066121536, 0.9316163885956326, 0.7496423257474665, 0.2934930120580773, 0.7744687729754793, 0.3532556606165881, 0.42562426784927787, 0.4970226157004175]","[1.3734980089032887, 1.2493708179726792]",-42.83810043334961,1.0,3733.6475065841573,-73.79611630371153,0.0,6.0,0
167,"[0.1831524378060105, 0.19737664712508513, 0.4118822969611379, 0.9051438366771739, 0.7435530088060737, 0.8833131776282771, 0.37050052710804804, 0.767978865906237, 0.17735319182304865, 0.7635296723548279]","[1.459925080268639, 0.26184440825911837]",-49.302547454833984,0.357,3681.210672861166,-174.93363896591592,2.0,6.0,0
168,"[0.932398288268099, 0.06811183334220762, 0.9320824085782379, 0.14566874185476875, 0.8763246645487665, 0.28683553968370723, 0.15104114400497104, 0.12568880943848165, 0.7854702016115908, 0.4115541827996497]","[1.4552698206048391, 0.730497210191008]",-46.621219635009766,1.0,4031.29943642555,24.095187756521483,2.0,6.0,0
169,"[0.831585867598426, 0.29045961628587613, 0.8041591158225796, 0.6089078108765937, 0.9665055591514612, 0.18796526320130225, 0.19457688761579417, 0.2195079915141478, 0.584484915056823, 0.08962073043795493]","[0.6615530572198147, 1.1654497424988384]",-29.88068962097168,0.129,2849.0547323619635,182.3354171133377,1.0,6.0,0
170,"[0.4130698616247016, 0.9114123813131905, 0.7028880747829918, 0.9446171043542214, 0.2826911109713468, 0.9120736349889094, 0.586668750518576, 0.6755103035703888, 0.8088623073687576, 0.9069336806552335]","[1.375821799601013, 0.25122151225093126]",-36.191505432128906,0.142,2547.9715577713223,34.53546104256327,2.0,6.0,0
171,"[0.720284657434117, 0.33743135555863923, 0.5854495327977765, 0.06312328594757288, 0.5771130237442562, 0.17805372425306576, 0.8345794330295828, 0.2280566951506835, 0.22304648289323237, 0.924136868277313]","[0.789535267507927, 1.0643976984426988]",-43.44766616821289,1.0,3053.0522103136727,12.322008147766894,1.0,6.0,0
172,"[0.8986789276569211, 0.17801379495206326, 0.26268325844768114, 0.008291181144597037, 0.508507056973478, 0.8794320598717107, 0.5513756583147158, 0.4201609108589096, 0.9138887026939346, 0.9109990770900348]","[0.7935911796410755, 0.3833008885910798]",-43.68368911743164,1.0,3239.0405138857245,-8.26557097407158,2.0,6.0,0
173,"[0.17111285784095887, 0.44830729798463254, 0.35360832437502, 0.9044656904425353, 0.7460940867439803, 0.6330517179240867, 0.28217139767930977, 0.7742241390878216, 0.16523476516201474, 0.29830276735556926]","[1.1988154212754156, 0.3261488935322472]",-36.08366394042969,0.401,2530.687207891322,-92.75354440589376,0.0,6.0,0
174,"[0.5619812585632672, 0.8797380301542366, 0.37440426122847836, 0.2660872817582272, 0.6070394607723744, 0.7815468983296758, 0.2683105057804708, 0.4493700221843081, 0.9677338049582399, 0.5925768352829922]","[0.7747330486829124, 1.0555975644085194]",-32.07110595703125,0.162,2646.0990513097663,-71.77620665889339,1.0,6.0,0
175,"[0.8122050151262458, 0.29045961628587613, 0.7550132519180535, 0.6089078108765937, 0.9617515482174308, 0.49794330513616625, 0.19457688761579417, 0.2195079915141478, 0.6014041791288685, 0.0714704022798936]","[0.7628850154660576, 1.1654497424988384]",-31.953475952148438,0.129,3027.5362291950305,-128.17855830498274,2.0,6.0,0
176,"[0.03387269818171201, 0.572014119930019, 0.8752596391902944, 0.7355222872608916, 0.1005337400611771, 0.060767006556105785, 0.6539376620586983, 0.07482644255422188, 0.6990601625863042, 0.9065322424574986]","[1.1985712924832779, 0.055980871408679744]",-55.971431732177734,1.0,4114.873439641506,-30.697253756974874,3.0,6.0,0
177,"[0.9019460340277452, 0.15818165342234025, 0.26268325844768114, 0.06005686920078268, 0.5174511903791019, 0.8794320598717107, 0.5500983215836018, 0.41628477156613086, 0.9138887026939346, 0.8915379668617707]","[1.088758246715808, 0.22942055367149822]",-50.63611602783203,1.0,3442.5070879153463,-30.970724295527702,1.0,6.0,0
178,"[0.1854647771157971, 0.47924862152584125, 0.35624945975775907, 0.9051438366771739, 0.7412281611194746, 0.9088055955763243, 0.36079589450244476, 0.7758859119398612, 0.20424049636507907, 0.7886306188088272]","[1.4667809460740606, 0.953806206216977]",-36.64601516723633,0.349,3720.6438467283315,-108.68651141805702,1.0,6.0,0
179,"[0.7419162010314087, 0.7835239929883909, 0.40409951241927233, 0.9108220921659664, 0.5783213575038267, 0.9837292927040237, 0.6355768067294488, 0.3532556606165881, 0.42495820458333666, 0.8111061101458593]","[0.6102479392093424, 1.1439300115800555]",-32.4239501953125,0.04,2390.415938541526,-144.37561013043842,1.0,6.0,0
180,"[0.7606656863490625, 0.5106801733519151, 0.4056221167168258, 0.9108220921659664, 0.7464710369587361, 0.599002711612185, 0.06899217744499292, 0.43339528988833387, 0.4341656047352276, 0.4910084658556285]","[0.12499688777262363, 1.2550612931635001]",-40.996849060058594,0.04,3126.6706300622423,70.46328880511007,2.0,6.0,0
181,"[0.5889658881432593, 0.8624856673584459, 0.35621652238099244, 0.6529713863634568, 0.20942917933874872, 0.9255556460770236, 0.46246622316842956, 0.4493700221843081, 0.9805186398602482, 0.16238519618917013]","[0.7747330486829124, 1.285621852202275]",-63.609840393066406,0.276,2952.7645485432163,111.39128231494786,1.0,6.0,0
182,"[0.732673900343337, 0.28172139262133267, 0.9432055641689162, 0.2718698653074405, 0.8778101871478206, 0.3002722441490154, 0.7655390330287417, 0.08868372021240281, 0.5838947225735838, 0.5669748981926285]","[1.4613069482627232, 1.3874238996405008]",-49.58279800415039,0.153,3886.469849708908,-51.182408791826504,1.0,6.0,0
183,"[0.9269667072846148, 0.531556426498312, 0.5070854352124422, 0.8115158779645404, 0.10467969787691633, 0.06655933206506481, 0.6723725861331272, 0.4065989313758811, 0.1768002773595551, 0.718226761435951]","[1.3172396119005512, 0.8293366240279203]",-42.27547836303711,0.765,3397.4582219336658,-14.048504211083412,1.0,6.0,0
184,"[0.5047788818479976, 0.8926849894790598, 0.296381320863899, 0.8503671184764373, 0.841486558403682, 0.9119880755167471, 0.5336683060936045, 0.5257783000795696, 0.988307993431441, 0.8267136201588152]","[1.4201480943313933, 1.2101309473652428]",-21.51389503479004,0.118,3094.8790065588714,-17.727650660404777,1.0,6.0,0
185,"[0.9135960705128991, 0.4186776927202445, 0.36470428801313437, 0.28659957651683254, 0.6511326065350674, 0.034253502367685595, 0.3741701277979266, 0.8550444872150178, 0.2064226800628115, 0.772202769078361]","[1.4618981825442245, 0.9427828955366788]",-42.651519775390625,0.133,4002.514627140877,-103.83596146314972,2.0,6.0,0
186,"[0.7127654213559972, 0.8569829539125309, 0.2932628490606587, 0.8511980422902352, 0.8785621470640519, 0.7209117512542943, 0.5336683060936045, 0.5257783000795696, 0.988307993431441, 0.8278692350233433]","[0.9411347386094123, 1.2101309473652428]",-21.926603317260742,0.125,2164.029323758387,-19.256641723421467,2.0,6.0,0
187,"[0.5547696198165065, 0.5160825876377318, 0.754064501879836, 0.31867896643874516, 0.096364618587931, 0.23158096886467017, 0.22266938700482652, 0.35506101458853867, 0.28537807405924825, 0.6631833646572645]","[0.6679694215478726, 0.20879402887884307]",-27.688034057617188,0.828,1617.2852035177489,185.83372737000514,2.0,6.0,0
188,"[0.512778416644722, 0.15767754234193715, 0.47764406186679154, 0.7641614600663426, 0.9882294161783076, 0.9350172094021291, 0.28095701744426615, 0.43523470740661496, 0.9461829725207951, 0.35675086286569047]","[0.7629757813034028, 1.3028281568242752]",-43.50920867919922,0.469,3301.791379144399,-167.38063601145666,3.0,6.0,0
189,"[0.7373122346400972, 0.2816134931005958, 0.49130199384844836, 0.011047122307078217, 0.4883120433543177, 0.9812971745914678, 0.6718259817227047, 0.09288854875744723, 0.6093984826691534, 0.6013821213404011]","[0.19419291733059896, 1.3832857616386933]",-40.022953033447266,1.0,3557.45599305677,-111.95083006865121,2.0,6.0,0
190,"[0.49445126659432154, 0.4478059628917102, 0.35622164118008504, 0.6520981168659544, 0.6536736844729742, 0.6431278735153362, 0.28879164900942544, 0.796921400025689, 0.2064226800628115, 0.30631000429582955]","[1.039186452461093, 0.9464599724640481]",-15.349855422973633,0.067,2490.2834114337666,85.50208244949891,2.0,6.0,0
191,"[0.8858821470410855, 0.2881994870597782, 0.9311820840800886, 0.2718698653074405, 0.3029856768409506, 0.615572875470979, 0.6983812597159376, 0.08799446943119499, 0.5838947225735838, 0.6082916064372581]","[1.3560698231581207, 1.2511490652450648]",-42.87297821044922,0.153,3389.777933294454,186.100868287429,0.0,6.0,0
192,"[0.581505299719264, 0.8624856673584459, 0.3252573746326608, 0.5928292560660468, 0.201887799416139, 0.49468963861291865, 0.2589351675039948, 0.4493700221843081, 0.9905826581697635, 0.16238519618917013]","[0.7747330486829124, 1.2329599332396348]",-39.110347747802734,0.292,2897.3928277085056,-181.70340740425684,2.0,6.0,0
193,"[0.7143551109721888, 0.4641884351702704, 0.36908799713535745, 0.7401312499629299, 0.5199958581804388, 0.054731143300722596, 0.7135055266969534, 0.07482644255422188, 0.9711190983573309, 0.9352851176430907]","[1.2023012657375747, 0.03847184569194484]",-31.549236297607422,0.062,3219.1598286461826,-119.71774694105369,3.0,6.0,0
194,"[0.02608341088295779, 0.6663001540535488, 0.3940036922219442, 0.7355222872608916, 0.9368838327051194, 0.054731143300722596, 0.2920375665459294, 0.07482644255422188, 0.7009614357970393, 0.9065322424574986]","[1.1971433356450858, 0.0890293822538818]",-36.48877716064453,1.0,3312.6765983579235,-227.59523566588496,2.0,6.0,0
195,"[0.974418463677655, 0.1716312991885635, 0.19097015170101378, 0.6686125919802031, 0.753386023859196, 0.9054554372005164, 0.28297670641951483, 0.7705058689992093, 0.2064226800628115, 0.7709608628264228]","[1.0700553737842733, 0.6344272741710295]",-38.87884521484375,0.399,3498.8215644760203,-179.22174983883457,2.0,6.0,0
196,"[0.174671170104228, 0.5278150531825455, 0.36252684931388773, 0.9051438366771739, 0.7560231721078274, 0.6418202003650368, 0.28217139767930977, 0.7742241390878216, 0.17735319182304865, 0.2985362521053521]","[1.3321347173907783, 0.32923217762360163]",-36.08366394042969,0.39,2679.994350210619,-68.24976476071743,0.0,6.0,0
197,"[0.7068938596677737, 0.3410494410080632, 0.4004563457975292, 0.08231492203201163, 0.5771130237442562, 0.17805372425306576, 0.8101457296942176, 0.2280566951506835, 0.22304648289323237, 0.924136868277313]","[0.789535267507927, 1.0643976984426988]",-46.862892150878906,0.938,2884.1045705166057,-184.90394436526793,1.0,6.0,0
198,"[0.9269667072846148, 0.16215400886794, 0.4994759202082076, 0.8140235087710957, 0.896607457902563, 0.05373157928269945, 0.7572363648024241, 0.4065989313758811, 0.5091038982398773, 0.23836928691174955]","[1.0217494336678377, 1.3606962736847152]",-42.41737747192383,0.447,3606.8115480790466,-59.858527619814254,3.0,6.0,0
199,"[0.512778416644722, 0.3164018641750615, 0.36597099690529517, 0.23661747520848175, 0.9882294161783076, 0.8692984164929825, 0.6687164828683204, 0.43523470740661496, 0.9461829725207951, 0.7856439634631964]","[0.7547760386776452, 1.2577796256997065]",-41.657718658447266,0.214,2910.807358623256,-145.80543464985976,2.0,6.0,0
200,"[0.732673900343337, 0.2817357633575981, 0.9192476351554905, 0.28624469967797034, 0.8794836653976477, 0.3002722441490154, 0.09613963597187292, 0.2247959423319027, 0.5865595087460401, 0.579806734499515]","[1.4695618882984263, 1.3769866971915732]",-47.487831115722656,0.144,4157.033262604896,-83.43346969580989,2.0,6.0,0
201,"[0.026378304903540095, 0.34052133514567023, 0.48736306607251145, 0.010624299067604058, 0.4700922434053528, 0.29770945642086144, 0.8101636234726782, 0.09288854875744723, 0.14154504005788285, 0.9301555008421628]","[0.7532710715023458, 1.3775952868058952]",-39.57196044921875,1.0,3238.9163416659408,-9.592457258631555,5.0,6.0,0
202,"[0.5547696198165065, 0.5160825876377318, 0.8811861793495235, 0.31867896643874516, 0.11784964452439528, 0.23169822139230722, 0.659569533072841, 0.35506101458853867, 0.3142133410223385, 0.6631833646572645]","[1.2365024304314944, 0.8374460954228211]",-31.63851547241211,0.688,3323.645822018127,-164.82094022400264,0.0,6.0,0
203,"[0.732673900343337, 0.28172139262133267, 0.2889151719567568, 0.2718698653074405, 0.8418350561273215, 0.3002722441490154, 0.7658696221549532, 0.508096129906966, 0.5838947225735838, 0.6082916064372581]","[1.4167123532757917, 1.2229735736772542]",-40.73285675048828,0.153,3197.2221694910895,122.5154619888055,2.0,6.0,0
204,"[0.7108031209986695, 0.9262393006430277, 0.3525112870284548, 0.5943421455162263, 0.2829551262065978, 0.9120736349889094, 0.586668750518576, 0.6755103035703888, 0.9781358594533898, 0.08034328236272315]","[1.435918558786387, 0.2407282635459448]",-63.51527786254883,0.14,3544.5367777821366,28.84697722947473,1.0,6.0,0
205,"[0.49866886134850175, 0.9340701773054323, 0.3522187381199357, 0.6278544988519077, 0.28083708725342804, 0.9508145150108657, 0.2939015810172387, 0.7738102228327486, 0.176925491566858, 0.7715370379067442]","[1.039186452461093, 0.6673068334915315]",-44.3387565612793,0.144,2712.0171269663924,132.97146186620185,2.0,6.0,0
206,"[0.8270590202010512, 0.5220921065907778, 0.4227345634414097, 0.9108220921659664, 0.7464710369587361, 0.9835649022510808, 0.7744687729754793, 0.44225694214998806, 0.43070700374480275, 0.4970226157004175]","[0.1268760779065603, 1.2550612931635001]",-38.1573486328125,0.034,3073.8094096139857,-43.37359375375945,1.0,6.0,0
207,"[0.5547696198165065, 0.5160825876377318, 0.8811861793495235, 0.7616467569191768, 0.9829516183734308, 0.23169822139230722, 0.6824022056533209, 0.35820855183114003, 0.9534193260305321, 0.655896423074247]","[1.1331227687339867, 0.8364352036594633]",-42.89988327026367,0.01,2726.6951061487125,-272.3310388522941,0.0,6.0,0
208,"[0.023632428671776062, 0.28350047048416, 0.5777119558202517, 0.020435272005395133, 0.26504823410920997, 0.29770945642086144, 0.6718259817227047, 0.3454524663768476, 0.596859812998311, 0.5782063755698488]","[1.4452295541498401, 1.3775952868058952]",-23.62288475036621,1.0,3963.2844326352256,92.96704060994037,0.0,6.0,0
209,"[0.15720150572043456, 0.7835239929883909, 0.4046084653502104, 0.9044063769767052, 0.5732510706949173, 0.9837292927040237, 0.6355768067294488, 0.7527201962742991, 0.4258544344014094, 0.8111061101458593]","[0.6102479392093424, 1.1439300115800555]",-37.09080123901367,0.47,2279.6452817992263,-45.43629707509183,2.0,6.0,0
210,"[0.702792550086949, 0.3410494410080632, 0.4004563457975292, 0.06312328594757288, 0.57916849841848, 0.17805372425306576, 0.7735388896576324, 0.2280566951506835, 0.22304648289323237, 0.49870905858987113]","[0.13783955877661153, 1.2012883600032656]",-52.600826263427734,1.0,3008.8818362539473,-258.73367538648114,1.0,6.0,0
211,"[0.5029325683412336, 0.48677046407508906, 0.35622164118008504, 0.6520981168659544, 0.6510782387528599, 0.9051507074391362, 0.37717812071866885, 0.7905147523086398, 0.20611598679725754, 0.7715370379067442]","[1.4618981825442245, 0.9427828955366788]",-23.793869018554688,0.067,3132.483260444195,-58.30811323704461,0.0,6.0,0
212,"[0.1833726873092666, 0.5278150531825455, 0.9253811857090859, 0.9051438366771739, 0.7560231721078274, 0.2646026144395676, 0.28671101187227577, 0.07007691278577993, 0.17735319182304865, 0.2985362521053521]","[1.460300339466508, 1.3898666633420873]",-34.59364318847656,0.357,3623.0213648247764,70.05440384167989,2.0,6.0,0
213,"[0.03261438003254591, 0.333359851310544, 0.4132385066121536, 0.9316163885956326, 0.7496423257474665, 0.2934930120580773, 0.8091936948935509, 0.3532556606165881, 0.42562426784927787, 0.4970226157004175]","[0.7878255256657474, 1.0684471304909537]",-32.01559066772461,1.0,3221.1320031318787,-73.79611630371153,1.0,6.0,0
214,"[0.5547696198165065, 0.6776703321521592, 0.8811861793495235, 0.31867896643874516, 0.11784964452439528, 0.23169822139230722, 0.659569533072841, 0.35506101458853867, 0.2739933395074705, 0.6631833646572645]","[1.4752320531130627, 0.8374460954228211]",-32.92314529418945,0.688,3597.0362565920786,-147.74479039407845,0.0,6.0,0
215,"[0.1759910070623013, 0.5243824899718706, 0.36252684931388773, 0.9051438366771739, 0.7574789784297928, 0.6418202003650368, 0.209672036466225, 0.20468411128623715, 0.06902374322288529, 0.29168129252810926]","[1.3321347173907783, 0.3022273015634745]",-35.36508560180664,0.384,2729.9777917613446,-17.88476641004297,1.0,6.0,0
216,"[0.1624635376903536, 0.12793454610255647, 0.36597099690529517, 0.7641614600663426, 0.7463912423524246, 0.8845755437024401, 0.29066083174724067, 0.45679756988108916, 0.9461829725207951, 0.8076298190573811]","[0.7629757813034028, 0.374518566909688]",-45.82113265991211,0.621,2904.2327541779878,19.188877705384527,3.0,6.0,0
217,"[0.2259793871457063, 0.5271069528474396, 0.35248564736987975, 0.9051438366771739, 0.6477792005394593, 0.6399131657151546, 0.3841445191404411, 0.790518245853265, 0.17735319182304865, 0.30209787559043966]","[1.459925080268639, 0.9585491340923437]",-37.243309020996094,0.232,3303.0515630225027,8.797882329824375,0.0,6.0,0
218,"[0.5704245137801791, 0.5749058909557709, 0.8811861793495235, 0.31867896643874516, 0.11784964452439528, 0.23169822139230722, 0.659569533072841, 0.35506101458853867, 0.313666741563808, 0.6631833646572645]","[1.2365024304314944, 0.8374460954228211]",-35.85089111328125,0.688,3382.0105606608777,-189.25218607949267,0.0,6.0,0
219,"[0.732673900343337, 0.2885492360637769, 0.9640977912275567, 0.2734455081289784, 0.8778101871478206, 0.2857466526323985, 0.7655390330287417, 0.08781110708415435, 0.5838949500333396, 0.6082916064372581]","[1.4613069482627232, 1.053504653574286]",-42.87297821044922,0.151,3536.5735674261255,-51.781861768264775,1.0,6.0,0
220,"[0.7419162010314087, 0.7835239929883909, 0.40409951241927233, 0.9110288472042537, 0.5783213575038267, 0.9962611376961301, 0.6355768067294488, 0.7216015784772641, 0.42495820458333666, 0.81117457256293]","[1.4433887261459097, 1.1439300115800555]",-32.859886169433594,0.04,2793.3971569450396,-74.49572502953993,0.0,6.0,0
221,"[0.5246873608234398, 0.30095461074116076, 0.9647565479146968, 0.39891676791173114, 0.797152831976008, 0.989406550202002, 0.7523437444738328, 0.35303362374122194, 0.6550830388785547, 0.5771129825521856]","[1.4469173100592734, 1.0594352200119879]",-40.64937210083008,0.113,3264.7175994298614,21.928465425504953,1.0,6.0,0
222,"[0.5047788818479976, 0.8915333916225701, 0.3535598542642417, 0.8534331487519387, 0.8431554379860872, 0.9119880755167471, 0.5336683060936045, 0.5138542907121659, 0.9705673346649648, 0.8135587239417268]","[1.418966771076151, 1.2101309473652428]",-25.255178451538086,0.068,3056.3915106464187,-10.238441306549646,0.0,6.0,0
223,"[0.9019460340277452, 0.16149575553142925, 0.261759358137646, 0.06005686920078268, 0.5174511903791019, 0.12894207510474637, 0.5500983215836018, 0.44878125195812585, 0.9477833528237178, 0.7865904630690604]","[1.088758246715808, 1.1639787982493353]",-58.51272964477539,1.0,3961.5645680449534,14.434031101472613,3.0,6.0,0
224,"[0.1854647771157971, 0.47924862152584125, 0.35624945975775907, 0.9108602187256273, 0.7412281611194746, 0.9694483832931866, 0.8020338610499235, 0.7772688196542046, 0.37321448258841666, 0.7886306188088272]","[1.4667809460740606, 1.2336875687363054]",-37.07078552246094,0.349,3241.27145760208,42.88954121395747,1.0,6.0,0
225,"[0.8122050151262458, 0.2904452455496107, 0.7789700343084025, 0.5945329775021045, 0.9615740492740805, 0.4959391441876757, 0.8073648742378434, 0.08339578397492452, 0.5987393929564121, 0.08962073043795493]","[0.6466322406289371, 1.1758869021730207]",-40.4416389465332,0.129,2864.3221196588606,-52.51376808805401,3.0,6.0,0
226,"[0.7082342047167518, 0.2821415989629888, 0.4004563457975292, 0.08458194706227012, 0.5771130237442562, 0.17805372425306576, 0.6718080879427891, 0.25292769391901815, 0.612551555820161, 0.5953349154049623]","[1.473755372765909, 1.0643976984426988]",-44.906314849853516,0.92,3708.20927205244,-91.75500739598988,0.0,6.0,0
227,"[0.5547696198165065, 0.5749058909557709, 0.8811861793495235, 0.31867896643874516, 0.11784964452439528, 0.23169822139230722, 0.659569533072841, 0.35506101458853867, 0.27344674004894004, 0.6631833646572645]","[1.2365024304314944, 0.8374460954228211]",-40.03878402709961,0.688,3424.3085500988454,-147.58515221484254,0.0,6.0,0
228,"[0.5047788818479976, 0.855019082299687, 0.9492630350521514, 0.8503671184764373, 0.8774616894241812, 0.9119880755167471, 0.5333377168854537, 0.1063928974566275, 0.988307993431441, 0.8267136201588152]","[1.4190242667543025, 1.3745812685609111]",-29.921493530273438,0.011,3227.741491886728,-21.08077922595021,0.0,6.0,0
229,"[0.5942982914601641, 0.7934121120809758, 0.37440426122847836, 0.9430357406172846, 0.20942917933874872, 0.12870168473469945, 0.2589351675039948, 0.4493700221843081, 0.973402025832488, 0.9891521459778394]","[0.7747330486829124, 1.2017418738423433]",-49.43501663208008,0.276,3464.6199232926647,-144.5333860843453,2.0,6.0,0
230,"[0.7128683699244849, 0.18088619588173782, 0.35651419008860413, 0.9592839603041332, 0.7465598926689049, 0.9120736349889094, 0.5828361553914009, 0.6760821008162994, 0.9934878371032252, 0.9356865558408266]","[1.435918558786387, 0.3140497816926998]",-19.25678253173828,0.364,2862.9497135619076,183.43018799972245,1.0,6.0,0
231,"[0.7422521277925958, 0.5220921065907778, 0.4171774343880905, 0.9108220921659664, 0.7464710369587361, 0.9683166214092745, 0.7744687729754793, 0.35183893652152215, 0.43070700374480275, 0.4970226157004175]","[0.1268760779065603, 1.2550612931635001]",-37.213932037353516,0.034,3015.788365998758,-43.37359375375945,1.0,6.0,0
232,"[0.512778416644722, 0.30854189821827277, 0.36597099690529517, 0.3211936081671448, 0.11259700870326828, 0.8825679224216498, 0.6559971239730696, 0.4320871701640136, 0.30476382957974524, 0.8342036991762075]","[0.66164382305716, 1.2587904814330317]",-39.68406295776367,0.721,2234.356006499569,27.056283109809755,3.0,6.0,0
233,"[0.023632428671776062, 0.2816143383516582, 0.48736306607251145, 0.012960804231516094, 0.49186890607178413, 0.8809681626878707, 0.6718259817227047, 0.08733331793650911, 0.6043157467736379, 0.9155427493850226]","[1.4452295541498401, 1.377901931611231]",-24.737098693847656,1.0,4258.211034492831,-209.42565850664482,2.0,6.0,0
234,"[0.6095091118516975, 0.44830729798463254, 0.35309937144408193, 0.9108814056317964, 0.7511643735504963, 0.6330517179240867, 0.28217139767930977, 0.37475955335667005, 0.16433854530790484, 0.29830276735556926]","[1.1988154212754156, 0.3261488935322472]",-16.836605072021484,0.068,2230.519471456742,30.660874151270264,0.0,6.0,0
235,"[0.7460175106122335, 0.5220921065907778, 0.4171774343880905, 0.9108220921659664, 0.7444155622838966, 0.9835673000846709, 0.8110756130120645, 0.3532556606165881, 0.43070700374480275, 0.922399201772762]","[0.778627805892997, 1.0655038600714062]",-33.49678421020508,0.034,2278.9524708703843,150.01923373244148,0.0,6.0,0
236,"[0.17893481367543618, 0.4672684011434851, 0.3549173343096512, 0.9051438366771739, 0.6528391704673394, 0.6399131657151546, 0.370443184827543, 0.7906796203887296, 0.17425232729993043, 0.29830276735556926]","[1.459925080268639, 0.953806206216977]",-28.648828506469727,0.374,3439.0447355452716,-79.829764962551,0.0,6.0,0
237,"[0.7239757387897875, 0.28172139262133267, 0.3798552471863643, 0.2718698653074405, 0.8778101871478206, 0.6774898497551708, 0.7609993061762991, 0.7938985495624546, 0.5838947225735838, 0.6082916064372581]","[1.3331402391275688, 0.3258902364985514]",-26.45527458190918,0.153,2247.6990663845586,79.4987972991122,1.0,6.0,0
238,"[0.7068938596677737, 0.5297816962885681, 0.4004563457975292, 0.08231492203201163, 0.5771130237442562, 0.17805372425306576, 0.7754208077761461, 0.2280566951506835, 0.22304648289323237, 0.924136868277313]","[1.3751731719376241, 1.2453213859222778]",-46.862892150878906,0.938,3679.0284911092303,-8.108065563974321,0.0,6.0,0
239,"[0.5029325683412336, 0.4833204226911344, 0.35622164118008504, 0.6520981168659544, 0.46703191575140957, 0.9051507074391362, 0.42194207272541984, 0.7476638191837774, 0.2064226800628115, 0.7715370379067442]","[1.2227457816175056, 0.9427828955366788]",-23.128009796142578,0.067,2659.780585937511,63.08062752194044,0.0,6.0,0
240,"[0.7055765430924346, 0.34448200421879566, 0.4004563457975292, 0.06312328594757288, 0.5756572174190377, 0.17805372425306576, 0.8101457296942176, 0.7975964498105297, 0.18921250644630583, 0.9304344751135702]","[0.789535267507927, 1.0914046499532652]",-46.951629638671875,1.0,3115.251817574017,156.39453861377712,2.0,6.0,0
241,"[0.5249863878744677, 0.3032485394528632, 0.3549173343096512, 0.9051438366771739, 0.9870279625573016, 0.6418202003650368, 0.670340365488006, 0.7526612705791943, 0.17735319182304865, 0.29830276735556926]","[1.036644609414573, 1.3129298904655216]",-24.523727416992188,0.111,3109.821977884722,90.01400223395189,1.0,6.0,0
242,"[0.7419162010314087, 0.4622535548868233, 0.419609121327862, 0.9108220921659664, 0.7514766391044068, 0.9835673000846709, 0.7608247450045608, 0.3532556606165881, 0.43070700374480275, 0.48656484798862554]","[0.1268760779065603, 1.1976515937445813]",-26.28377342224121,0.034,3055.5136312019517,-29.417552344714693,1.0,6.0,0
243,"[0.732673900343337, 0.28172139262133267, 0.9432986923769346, 0.2718698653074405, 0.8778101871478206, 0.7281682170145163, 0.7424578527498631, 0.35297821847920385, 0.5838581677947784, 0.5669748981926285]","[1.4613069482627232, 1.3999926523199842]",-41.197540283203125,0.153,3403.082198709764,-12.839614161625946,1.0,6.0,0
244,"[0.7128683699244849, 0.9380935961993055, 0.3525112870284548, 0.9351327895894705, 0.2829551262065978, 0.9089059967523464, 0.5879460872496901, 0.3071643763768973, 0.9781358594533898, 0.9356180704954952]","[0.6003784596440407, 0.6631478913678583]",-33.19593811035156,0.14,2835.249747919618,-135.9904146121068,2.0,6.0,0
245,"[0.5889658881432593, 0.8624856673584459, 0.37440426122847836, 0.5928292560660468, 0.11952808021186667, 0.10706902958008258, 0.27277482537513675, 0.44844066247283065, 0.9805186398602482, 0.1924091352814044]","[0.7747330486829124, 1.2007312777426993]",-41.94158172607422,0.675,3241.735542087923,-280.99321176263095,1.0,6.0,0
246,"[0.17111285784095887, 0.4494462685745436, 0.2964297909746773, 0.9013996601670102, 0.7573474343034238, 0.6330517179240867, 0.28217139767930977, 0.7861481463865534, 0.17344807734863776, 0.3114552517715389]","[1.1999961697693071, 0.3261488935322472]",-31.281780242919922,0.401,2483.09747640696,-77.73923739876795,1.0,6.0,0
247,"[0.5574411213002523, 0.8561085013672527, 0.3753281615385158, 0.9338574780502179, 0.6070394607723744, 0.8791603443660447, 0.2683105057804708, 0.4168735417923131, 0.9805186398602482, 0.8870909108317145]","[0.7747330486829124, 0.2672619592126001]",-39.1466178894043,0.058,2324.7959183365047,168.28688697357,1.0,6.0,0
248,"[0.7606656863490625, 0.5220921065907778, 0.4227345634414097, 0.9051057101175132, 0.7464710369587361, 0.907671412545558, 0.3795378589266972, 0.439457301853311, 0.1984803721304395, 0.4970226157004175]","[0.1268760779065603, 0.9751799298548465]",-34.75988006591797,0.034,2883.7340248437195,58.623627079210706,1.0,6.0,0
249,"[0.17111285784095887, 0.44830729798463254, 0.4924888659470504, 0.037635181175005805, 0.7877707840343197, 0.6330517179240867, 0.27466585879365424, 0.7512795560089605, 0.16523476516201474, 0.5949855181493425]","[0.20147334909396425, 0.3345329389215346]",-43.87043380737305,1.0,2443.594296373268,-304.8188540624071,2.0,6.0,0
250,"[0.5547696198165065, 0.5160825876377318, 0.8910564380997291, 0.3430607888062859, 0.11784964452439528, 0.23169822139230722, 0.6691193716845764, 0.7784912890726898, 0.30295867367389984, 0.6630826968056549]","[1.2873388448377807, 0.8374460954228211]",-42.977420806884766,0.688,3029.775257326959,-120.29648884568621,0.0,6.0,0
251,"[0.7068938596677737, 0.5300505559390201, 0.4004563457975292, 0.08231492203201163, 0.5771130237442562, 0.13195855169858495, 0.778544258046366, 0.2280566951506835, 0.22304648289323237, 0.6062990203619527]","[1.3745793042367425, 1.0634032720081814]",-40.96056365966797,0.938,3544.3492515328066,-45.59527007755389,0.0,6.0,0
252,"[0.17111285784095887, 0.44936346039061587, 0.35360832437502, 0.9044656904425353, 0.7460940867439803, 0.22571038671961216, 0.28217139767930977, 0.3753503603548337, 0.1737894085616123, 0.263661977254147]","[1.1500856116621416, 0.3261488935322472]",-22.424692153930664,0.401,1896.7315662822773,29.32055841827301,1.0,6.0,0
253,"[0.023632428671776062, 0.2849310281876524, 0.48736306607251145, 0.317843653155662, 0.4700922434053528, 0.23405546013392206, 0.6718259817227047, 0.07714769700243751, 0.27904890311996555, 0.5166673163060217]","[1.2253199233685244, 1.3775952868058952]",-39.1528205871582,1.0,3717.1018443050602,-150.62237581633394,2.0,6.0,0
254,"[0.0961064706462599, 0.4869455686545567, 0.4259310666648922, 0.8982418576438824, 0.6511326065350674, 0.6181662691585462, 0.37712077843816383, 0.7906803438331688, 0.2064226800628115, 0.7715370379067442]","[1.4618981825442245, 0.9433149694395505]",-35.77671813964844,0.829,3817.197921046541,-124.68575940845415,0.0,6.0,0
255,"[0.5525466640157977, 0.5749058909557709, 0.8811861793495235, 0.31867896643874516, 0.11784964452439528, 0.17837038075039602, 0.659569533072841, 0.35506101458853867, 0.313666741563808, 0.658012530390822]","[1.2416124628731218, 0.8374460954228211]",-39.728546142578125,0.688,3457.5851689469528,-198.30158179003945,0.0,6.0,0
256,"[0.5704245137801791, 0.5749058909557709, 0.37283150759638, 0.31867896643874516, 0.6474399816578414, 0.18198199793611464, 0.26914783072735515, 0.35506101458853867, 0.9579146564489558, 0.6666377087683188]","[0.7744107846822402, 1.0562473049956684]",-36.3559684753418,0.099,2599.8484032487345,106.53319594950673,1.0,6.0,0
257,"[0.7606656863490625, 0.5220921065907778, 0.4227345634414097, 0.9108220921659664, 0.6537864620100992, 0.9034474857207582, 0.3666255816121696, 0.44084021805492213, 0.20526043362865182, 0.49956737527972755]","[0.1215229411891936, 1.2550612931635001]",-34.75988006591797,0.034,3081.8857724483596,45.310310087040165,1.0,6.0,0
258,"[0.5564395490178355, 0.5705228190329668, 0.9081078343694104, 0.32102605609607, 0.1097144521699534, 0.22840800861410077, 0.659569533072841, 0.35506101458853867, 0.27344674004894004, 0.6631833646572645]","[1.2365024304314944, 0.8331287665887529]",-42.78704071044922,0.736,3446.9390163719527,-147.46787878317627,0.0,6.0,0
259,"[0.5047788818479976, 0.855019082299687, 0.9492630350521514, 0.2736541704246417, 0.8774616894241812, 0.9141097287420372, 0.5333377168854537, 0.10628190710604578, 0.988307993431441, 0.6078035642395525]","[1.4605367260576239, 1.3745812685609111]",-34.31168746948242,0.151,3672.5348673898397,122.3775561630745,2.0,6.0,0
260,"[0.5547696198165065, 0.5160825876377318, 0.8811861793495235, 0.8013506537584082, 0.9829516183734308, 0.23169822139230722, 0.6824022056533209, 0.0963387187508983, 0.5887761640870863, 0.5995466556709146]","[1.4505459840157304, 0.8318875610319045]",-31.661733627319336,0.01,2985.9852618004766,-51.19709368612553,0.0,6.0,0
261,"[0.5547696198165065, 0.6776703321521592, 0.8965175117814147, 0.31867896643874516, 0.11784964452439528, 0.23169822139230722, 0.659569533072841, 0.35506101458853867, 0.27598786209956006, 0.6631833646572645]","[1.4752320531130627, 0.8374460954228211]",-33.40159225463867,0.688,3613.4796996181913,-148.3443479081065,0.0,6.0,0
262,"[0.1746445098311075, 0.47924862152584125, 0.356755388622135, 0.9051438366771739, 0.7412281611194746, 0.9079925676602333, 0.36079589450244476, 0.7742450087166904, 0.20696036400420267, 0.7835046900713979]","[1.33038713534593, 0.953806206216977]",-34.91756057739258,0.39,3513.0509084090304,-124.57727791424207,1.0,6.0,0
263,"[0.17111285784095887, 0.44830729798463254, 0.35360832437502, 0.9044656904425353, 0.11734209984843613, 0.6330517179240867, 0.24565745666777822, 0.7742241390878216, 0.16523476516201474, 0.2548447484479438]","[1.317791360109443, 0.9112157558978917]",-39.62834930419922,0.692,3766.388859296515,-132.5386237033607,1.0,6.0,0
264,"[0.032189159614107204, 0.48646212507693437, 0.4129559779051332, 0.8337755087101597, 0.651382663231283, 0.2934930120580773, 0.7801297161620563, 0.3532556606165881, 0.42562426784927787, 0.4970226157004175]","[1.3734980089032887, 1.2715472658002471]",-38.492095947265625,1.0,3651.2850952697304,-74.44595802583996,0.0,6.0,0
265,"[0.7522224926926477, 0.781245620886891, 0.8811861793495235, 0.31867896643874516, 0.12496229289052788, 0.23169822139230722, 0.6355617342195501, 0.35506101458853867, 0.313666741563808, 0.658571555479527]","[1.2365024304314944, 0.8374460954228211]",-32.98906326293945,0.644,3018.39903332445,-45.43988292813788,0.0,6.0,0
266,"[0.017500667439290185, 0.23766008780036552, 0.48736306607251145, 0.012857887744930352, 0.4914833323409261, 0.29510630960134177, 0.6718259817227047, 0.07333025662880782, 0.3240855519487168, 0.6013821213404011]","[1.2404483419157917, 1.2805117527795389]",-29.845510482788086,1.0,3729.0240699687397,203.08582733880294,2.0,6.0,0
267,"[0.5550844145798973, 0.5143324618195646, 0.8811861793495235, 0.31867896643874516, 0.9387980903950136, 0.8978174047816608, 0.6587626889495583, 0.352696518451442, 0.2739933395074705, 0.6631833646572645]","[1.2365024304314944, 0.8374460954228211]",-42.22679138183594,0.099,2932.2918412432005,-152.16822220886974,0.0,6.0,0
268,"[0.7005513657347822, 0.5220921065907778, 0.40084620055487474, 0.9131465392359672, 0.7456604112093732, 0.15270819230116595, 0.7744538537880383, 0.3532556606165881, 0.22323973413263937, 0.4970226157004175]","[0.1268760779065603, 1.2550612931635001]",-33.72650146484375,0.041,3140.12250316184,-121.31250970949714,1.0,6.0,0
269,"[0.023632428671776062, 0.2816134931005958, 0.8881882779509714, 0.3181360704194642, 0.09421895975584343, 0.2318968631022164, 0.6718259817227047, 0.09591957687825839, 0.6043157467736379, 0.6013821213404011]","[1.475219209043676, 1.3775952868058952]",-45.94904708862305,1.0,4672.614793218474,124.07410297286972,1.0,6.0,0
270,"[0.5047788818479976, 0.855019082299687, 0.9492630350521514, 0.9049028777208019, 0.8774616894241812, 0.911667080974173, 0.2773689595936624, 0.1063928974566275, 0.9757165997336672, 0.826783812272758]","[1.4190242667543025, 1.3745812685609111]",-31.288585662841797,0.011,3215.755352599546,-0.39703796477101605,0.0,6.0,0
271,"[0.9019460340277452, 0.15818165342234025, 0.26268325844768114, 0.07482765182632718, 0.10841181343327233, 0.9356941407891282, 0.6613592119774904, 0.35236167382154965, 0.9138887026939346, 0.6662953162710182]","[1.1226075598136833, 0.22942055367149822]",-34.39938735961914,1.0,3597.884155788206,168.64413520696365,1.0,6.0,0
272,"[0.5547696198165065, 0.5298365279649492, 0.8811861793495235, 0.31867896643874516, 0.6401069892209177, 0.9969516121373987, 0.659569533072841, 0.35506101458853867, 0.313666741563808, 0.6358939441656726]","[1.4412156401581162, 0.8374460954228211]",-32.042633056640625,0.099,3275.97259075586,64.0294516655558,1.0,6.0,0
273,"[0.732673900343337, 0.28172139262133267, 0.9738983992215404, 0.2718698653074405, 0.8778101871478206, 0.7281682170145163, 0.7424578527498631, 0.35297821847920385, 0.5838581677947784, 0.5669748981926285]","[1.4613069482627232, 1.3999926523199842]",-41.197540283203125,0.153,3421.0593925426374,-12.839614161625946,1.0,6.0,0
274,"[0.17893481367543618, 0.4672684011434851, 0.344989698054131, 0.9051438366771739, 0.6528391704673394, 0.6399131657151546, 0.370443184827543, 0.36724921279566936, 0.17425232729993043, 0.2984034359544107]","[1.459925080268639, 0.953806206216977]",-24.722373962402344,0.374,3131.0340065617547,48.134688782592775,0.0,6.0,0
275,"[0.5246873608234398, 0.3577346989672781, 0.9647565479146968, 0.3730327584144518, 0.797152831976008, 0.99398377622672, 0.766183521818329, 0.3521042640297445, 0.5838583952545342, 0.9249626310073356]","[1.4475111768678781, 1.2508567618988375]",-45.40120315551758,0.066,3451.2698789250835,-52.939943418065695,1.0,6.0,0
276,"[0.5693068412364031, 0.541837519065482, 0.8811861793495235, 0.31867896643874516, 0.11784964452439528, 0.6390396176662789, 0.659569533072841, 0.7539347448743317, 0.30565869763830344, 0.6978241825931693]","[1.2365024304314944, 0.8374460954228211]",-33.99294662475586,0.688,2624.062702323283,194.84481246382524,1.0,6.0,0
277,"[0.5547696198165065, 0.5127650525617108, 0.8811861793495235, 0.015091404391989832, 0.11784964452439528, 0.2953522176792466, 0.659569533072841, 0.35506101458853867, 0.5992601839466433, 0.6631833646572645]","[1.4563732971633156, 0.8374460954228211]",-56.374969482421875,1.0,3275.1413206130246,50.30485021973939,0.0,6.0,0
278,"[0.5244991893049372, 0.4670932965640175, 0.3549173343096512, 0.658999611512227, 0.652784802685132, 0.9268789612663725, 0.37050052710804804, 0.7905140288642006, 0.17735319182304865, 0.29830276735556926]","[1.459925080268639, 0.9532741323141053]",-38.10350799560547,0.068,3180.7751732828638,50.1534526535375,0.0,6.0,0
279,"[0.7104571605173943, 0.2821415989629888, 0.4004563457975292, 0.08458194706227012, 0.5771130237442562, 0.23138156489497697, 0.6718080879427891, 0.25292769391901815, 0.6980471307621873, 0.6005057496714048]","[1.468499021576205, 1.0643976984426988]",-42.760658264160156,0.92,3680.422491621172,-80.15420224612973,0.0,6.0,0
280,"[0.5619812585632672, 0.8797380301542366, 0.8827384593941578, 0.2660872817582272, 0.11541518076913565, 0.8312547706845641, 0.6587322136045582, 0.5451382875520621, 0.32114589902140633, 0.5891224911719379]","[1.2368246557657434, 0.8367963548356507]",-55.31623458862305,0.706,2816.0406361073306,62.61265176831395,2.0,6.0,0
281,"[0.3109088905116487, 0.48677046407508906, 0.35622164118008504, 0.6520981168659544, 0.7437628137014966, 0.9700173891080567, 0.7850211878320286, 0.7905147523086398, 0.4619283750049009, 0.7689922776752458]","[1.4583357051468964, 0.9427828955366788]",-19.458402633666992,0.104,2715.217043639028,34.22824800475075,1.0,6.0,0
282,"[0.5031089526466686, 0.8959139435846631, 0.3264361936915456, 0.8510784821907922, 0.8514618834929271, 0.9149246956326293, 0.5336683060936045, 0.5138542907121659, 0.9705673346649648, 0.8135587239417268]","[1.418966771076151, 1.214448272805632]",-22.615610122680664,0.093,3081.7987352993077,-9.679181246639587,1.0,6.0,0
283,"[0.7513305695556387, 0.2885492360637769, 0.9640977912275567, 0.8501474179949827, 0.8778101871478206, 0.2833918124129158, 0.7655390330287417, 0.08792209743473607, 0.5838949500333396, 0.881656052787708]","[1.419794488921838, 0.9955781658362732]",-44.503536224365234,0.131,3413.9225431387376,-229.5387100338521,1.0,6.0,0
284,"[0.023632428671776062, 0.2816134931005958, 0.48736306607251145, 0.005211720979385104, 0.4914833323409261, 0.29770945642086144, 0.6718259817227047, 0.3547592101012806, 0.9680735723933671, 0.6890934648025528]","[1.1277063623225096, 1.3821076280891984]",-45.858917236328125,1.0,3908.8241458578614,-98.96149095813831,1.0,6.0,0
285,"[0.17893481367543618, 0.4672684011434851, 0.3394971959064515, 0.9051438366771739, 0.652784802685132, 0.6399131657151546, 0.37050052710804804, 0.790518245853265, 0.17535866923104565, 0.29830276735556926]","[1.459925080268639, 1.0611003038605453]",-28.648828506469727,0.374,3566.096937114414,-79.77996047064914,1.0,6.0,0
286,"[0.18549143738891757, 0.432623809690473, 0.3620209204495118, 0.9051438366771739, 0.7560231721078274, 0.642632228851839, 0.28217139767930977, 0.7758650423109924, 0.17463332418392505, 0.3036618452669605]","[1.4685214352664056, 0.32923217762360163]",-36.08366394042969,0.349,2939.5006823964727,-76.65278094285628,0.0,6.0,0
287,"[0.9269667072846148, 0.531556426498312, 0.5070854352124422, 0.8115158779645404, 0.7335360070941015, 0.06655933206506481, 0.7088866287956439, 0.4065989313758811, 0.1768002773595551, 0.7616846232108885]","[1.1982636730661158, 0.24427290564587412]",-25.72394561767578,0.011,2295.6771221853187,-14.048504211083412,1.0,6.0,0
288,"[0.5044395771615586, 0.5224004455889323, 0.3565041698871055, 0.6520981168659544, 0.7493379012690429, 0.9051507074391362, 0.3715171051169958, 0.7905147523086398, 0.20611598679725754, 0.7715370379067442]","[1.4618981825442245, 0.9206064310818343]",-26.26619529724121,0.067,3091.5496026794685,-59.918732346457034,0.0,6.0,0
289,"[0.5601182221113516, 0.5771842630074624, 0.40409951241927233, 0.9108220921659664, 0.5385372104228932, 0.9837292927040237, 0.6570240630726278, 0.3532556606165881, 0.42495820458333666, 0.8157179193074314]","[0.7062774575568921, 1.1439300115800555]",-28.13175392150879,0.04,2175.9934372054536,-20.2172393110219,2.0,6.0,0
290,"[0.6407440181976289, 0.5749058909557709, 0.8811861793495235, 0.31867896643874516, 0.11784964452439528, 0.2343013682118269, 0.659569533072841, 0.3746349455032919, 0.6027664341883541, 0.6631833646572645]","[1.4412799668510705, 0.8374460954228211]",-45.69126510620117,0.688,3159.0653569074498,-97.53040870661351,0.0,6.0,0
291,"[0.5124636218813313, 0.31029202403726336, 0.36597099690529517, 0.7641614600663426, 0.09999645601500035, 0.21620934161532113, 0.6796366406768323, 0.42086867222609636, 0.9461829725207951, 0.826916757836182]","[0.8245385325612549, 1.2577796256997065]",-44.5748405456543,0.802,2694.737399165633,-167.4714394798237,1.0,6.0,0
292,"[0.7482586949644003, 0.5297816962885681, 0.416787579630745, 0.08016137578378879, 0.577923649492994, 0.9891285385593254, 0.775435726963587, 0.2280566951506835, 0.43051375254018137, 0.924136868277313]","[1.3751731719376241, 1.2453213859222778]",-44.99955368041992,0.967,3279.288215377195,-8.497326149868229,1.0,6.0,0
293,"[0.5547696198165065, 0.6776703321521592, 0.480352619981386, 0.014801675658150854, 0.4937470208920197, 0.29751081471095225, 0.659569533072841, 0.3520307450391934, 0.2739933395074705, 0.6631833646572645]","[1.4452423981405411, 0.8374460954228211]",-38.577110290527344,1.0,3079.319345233645,98.24927767058318,0.0,6.0,0
294,"[0.174671170104228, 0.15841232960692078, 0.3549173343096512, 0.8506080774327751, 0.7460940867439803, 0.6421398200639735, 0.6016403856110194, 0.7742241390878216, 0.1580909165306491, 0.298230014366685]","[1.036644609414573, 0.32923217762360163]",-30.844005584716797,0.465,2184.66754738981,179.26539883409544,1.0,6.0,0
295,"[0.5547696198165065, 0.5749058909557709, 0.8811861793495235, 0.30391618830615297, 0.5269015349561246, 0.2632946750008246, 0.5483086426789525, 0.4189841123331199, 0.313666741563808, 0.8884259358011102]","[1.244966309625577, 0.8374460954228211]",-38.86881637573242,0.11,2953.3308989147554,-174.43053329387635,1.0,6.0,0
296,"[0.7419162010314087, 0.7697700518954458, 0.40409951241927233, 0.8502458071521424, 0.05711759254004911, 0.19160801136034172, 0.6355768067294488, 0.7216015784772641, 0.42495820458333666, 0.8384639915611953]","[1.238672582941221, 1.1439300115800555]",-47.594661712646484,1.0,3193.488130858313,-123.77891708181943,0.0,6.0,0
297,"[0.6778267969678681, 0.28172139262133267, 0.9432055641689162, 0.2718698653074405, 0.8731218061376043, 0.34522723537129557, 0.7655390330287417, 0.08868372021240281, 0.5838947225735838, 0.5656482781862773]","[0.16349283984535767, 1.3874238996405008]",-50.895084381103516,0.153,3249.054032521908,-51.182408791826504,2.0,6.0,0
298,"[0.5029325683412336, 0.5261912564652962, 0.3588700213699445, 0.6520981168659544, 0.5983214225922907, 0.8265200537877828, 0.37712077843816383, 0.43908285567306404, 0.44045077111108555, 0.7715370379067442]","[0.14764147927368454, 1.2569293289800354]",-16.729236602783203,0.066,2204.9710620831524,68.50065767143917,1.0,6.0,0
299,"[0.7606656863490625, 0.5220921065907778, 0.4227345634414097, 0.9108220921659664, 0.7511594178742095, 0.9699621311170201, 0.7744687729754793, 0.44084021805492213, 0.43070700374480275, 0.49834923570676876]","[1.4170350947213595, 1.2550612931635001]",-38.1573486328125,0.034,3131.6088799097265,-36.9974997824217,0.0,6.0,0
300,"[0.5459718427491533, 0.7495043735902022, 0.8783631426216408, 0.9110288472042537, 0.5920666610430231, 0.896694623937247, 0.6594367791929404, 0.3617732191596437, 0.3890396951144555, 0.81117457256293]","[1.248134288593887, 1.1433542360583366]",-22.48903465270996,0.009,2280.2612640436546,181.08391584895375,0.0,6.0,0
301,"[0.7268362577907347, 0.5163159238158063, 0.8996728331800772, 0.31408002826746206, 0.12208440535301296, 0.23169822139230722, 0.659569533072841, 0.35506101458853867, 0.2705859747572402, 0.6631833646572645]","[1.2365024304314944, 0.8245520117594098]",-41.223655700683594,0.658,3393.3461529302635,-101.90660540125543,0.0,6.0,0
302,"[0.7812059861261584, 0.2821415989629888, 0.40502383315402896, 0.07425568807393468, 0.651615657989992, 0.17805372425306576, 0.7210187500848448, 0.2437591987822496, 0.612551555820161, 0.2751811239860368]","[1.4732692068029052, 1.0643976984426988]",-44.79066848754883,1.0,3770.573491628976,-17.911818831899325,0.0,6.0,0
303,"[0.7514472741459464, 0.5311351264542377, 0.4490785617749897, 0.34290491909920257, 0.577923649492994, 0.9129376779773402, 0.775435726963587, 0.699911419285425, 0.43051375254018137, 0.919460747314929]","[1.3751731719376241, 1.2453213859222778]",-28.06217384338379,0.075,2388.1930349938016,66.131527130579,0.0,6.0,0
304,"[0.5547696198165065, 0.6760273721602481, 0.8964038461125712, 0.31867896643874516, 0.14441033590371788, 0.2359533738274619, 0.659569533072841, 0.10510163900994648, 0.28926313145070365, 0.6631833646572645]","[1.475071096197917, 0.8374460954228211]",-41.62195587158203,0.525,3799.3602235447534,-151.38689472703675,1.0,6.0,0
305,"[0.5547696198165065, 0.5160825876377318, 0.9095715520329414, 0.7616467569191768, 0.982207874213812, 0.23169822139230722, 0.7107915893092817, 0.35820855183114003, 0.952994165950887, 0.6470533370902928]","[1.1331227687339867, 0.8364352036594633]",-42.89988327026367,0.01,2731.216283337121,-244.39134184558736,0.0,6.0,0
306,"[0.03261438003254591, 0.48530053896417696, 0.3562000676105399, 0.6530357249447681, 0.6524893075167374, 0.2934930120580773, 0.7744687729754793, 0.3532556606165881, 0.42562426784927787, 0.48586545194000896]","[1.255414207250068, 1.2493708179726792]",-25.29138946533203,1.0,3221.8569094686327,151.59490043045506,1.0,6.0,0
307,"[0.5547696198165065, 0.5130976251212601, 0.8811861793495235, 0.8013506537584082, 0.9674350531232736, 0.23169822139230722, 0.5862129729836747, 0.0963387187508983, 0.5887761640870863, 0.5995466556709146]","[1.4505459840157304, 0.8318875610319045]",-13.863652229309082,0.01,2835.1376596652954,-25.385998622714396,0.0,6.0,0
308,"[0.17893481367543618, 0.4671124152897732, 0.3536317080115289, 0.9051438366771739, 0.5828065093318705, 0.6395239397042113, 0.37050052710804804, 0.7902887132736722, 0.1731628028282376, 0.5948170134592345]","[1.401136402845428, 0.9501055842582569]",-34.65656661987305,0.374,3594.84114069392,-132.59198027482057,0.0,6.0,0
309,"[0.5556868652070186, 0.5297816962885681, 0.4004563457975292, 0.3003248037382057, 0.5771130237442562, 0.17805372425306576, 0.7754208077761461, 0.2280566951506835, 0.15465373256755355, 0.924136868277313]","[1.239061468309653, 0.8044426899854077]",-41.246620178222656,0.113,2797.3446648910563,45.07803170782219,0.0,6.0,0
310,"[0.5547696198165065, 0.6776703321521592, 0.33781163204644216, 0.31867896643874516, 0.11784964452439528, 0.23169822139230722, 0.6355652321725755, 0.7058511463691356, 0.2739933395074705, 0.6631833646572645]","[1.250548847773716, 0.8374460954228211]",-28.292327880859375,0.688,3067.5090310381456,-121.43306509991538,0.0,6.0,0
311,"[0.17893481367543618, 0.5784076259191673, 0.8887017000173886, 0.9111888353732214, 0.05186203723002558, 0.6564887679584233, 0.40604785488048256, 0.7906796203887296, 0.1772297786451404, 0.29830276735556926]","[1.2354883006865727, 0.953806206216977]",-32.82505416870117,1.0,3554.682342602332,-381.4250211303331,0.0,6.0,0
312,"[0.5036190888170976, 0.5160825876377318, 0.8811861793495235, 0.7611838263520215, 0.9829516183734308, 0.15902682438769833, 0.7058632998986166, 0.35820855183114003, 0.2028330292411532, 0.7700394829010389]","[1.4657525784470613, 0.7466530278806058]",-39.866058349609375,0.011,3060.6846971081372,-75.19917017412041,0.0,6.0,0
313,"[0.18594657838571166, 0.4855825875920908, 0.36201712117323315, 0.9127494396302268, 0.6511326065350674, 0.6394138697245704, 0.37783622234375924, 0.7762483542204286, 0.2064226800628115, 0.7715370379067442]","[1.4616300895947891, 0.9427828955366788]",-34.25837707519531,0.347,3664.2302984645876,-119.6461791792342,0.0,6.0,0
314,"[0.7068938596677737, 0.4878173011581057, 0.4004563457975292, 0.08231492203201163, 0.578944900939334, 0.6282202922746599, 0.778544258046366, 0.24132173334006723, 0.2069517688322384, 0.6062990203619527]","[1.3938251954241638, 1.0634032720081814]",-39.43085479736328,0.938,3106.858469442631,35.64675763102963,0.0,6.0,0
315,"[0.5593865937970363, 0.5737442383701712, 0.8811861793495235, 0.3387217568357972, 0.11784964452439528, 0.17837038075039602, 0.6511961972322968, 0.7892586239276909, 0.313666741563808, 0.658012530390822]","[1.2416124628731218, 0.8374460954228211]",-46.22608184814453,0.688,2966.4362342075983,-179.3954603817469,0.0,6.0,0
316,"[0.17893481367543618, 0.4672684011434851, 0.3549173343096512, 0.32426740463782056, 0.6341787189200458, 0.6453775194574275, 0.6552548240911326, 0.790518245853265, 0.17350143919237132, 0.6762678773925976]","[1.2303592792952538, 0.8467029007128224]",-30.28293228149414,0.374,2809.959434990612,-28.37691189272823,0.0,6.0,0
317,"[0.5449922502765334, 0.48646212507693437, 0.8807540779006056, 0.8337755087101597, 0.6458851022161762, 0.23120705915852557, 0.780697385611873, 0.35324737401611306, 0.42562426784927787, 0.6603131777176552]","[1.3734980089032887, 1.2586292329383038]",-22.51255989074707,0.012,3128.0382660320665,108.19021227050587,0.0,6.0,0
318,"[0.5547696198165065, 0.2843808476754821, 0.8604304233672316, 0.3234935732948456, 0.5885797383040619, 0.23169822139230722, 0.6601081724349641, 0.35506101458853867, 0.6358604404071644, 0.6631833646572645]","[1.4752320531130627, 1.0621558313965749]",-23.71903419494629,0.136,3316.679259921073,175.30226247500485,0.0,6.0,0
319,"[0.03261438003254591, 0.5220921065907778, 0.4132385066121536, 0.33498777797548396, 0.7496423257474665, 0.2934930120580773, 0.7726555093116252, 0.3550919570948594, 0.42532207160525953, 0.4970226157004175]","[1.3719828652304313, 0.8237829079088729]",-36.79632568359375,1.0,3100.733131912856,76.76028791879867,0.0,6.0,0
320,"[0.5549276797703736, 0.5115757995600351, 0.881310469434477, 0.6740747795244173, 0.938841745794945, 0.9051507074391362, 0.37717812071866885, 0.7905147523086398, 0.2106911614810446, 0.7715370379067442]","[1.4618981825442245, 0.8351636078565533]",-38.040382385253906,0.011,2826.3329179069888,151.03344882911608,0.0,6.0,0
321,"[0.5547696198165065, 0.5160825876377318, 0.8811861793495235, 0.31867896643874516, 0.11784964452439528, 0.23169822139230722, 0.659569533072841, 0.35506101458853867, 0.2737396244910483, 0.6631833646572645]","[1.2365024304314944, 0.8374460954228211]",-34.71860122680664,0.688,3359.534744677761,-147.67044086025834,0.0,6.0,0
322,"[0.7606656863490625, 0.5351892758156391, 0.9531549627390241, 0.8495209527977821, 0.7116439180278874, 0.9699621311170201, 0.7827823099994317, 0.10810882256360232, 0.9955222430621982, 0.49857372183488935]","[1.4190618484558883, 1.2550612931635001]",-33.90296936035156,0.009,3008.3757545151125,97.90400964528754,0.0,6.0,0
323,"[0.1500962802835324, 0.4152656377306357, 0.4004563457975292, 0.08231492203201163, 0.5771130237442562, 0.17805372425306576, 0.7754208077761461, 0.22780689289453704, 0.16379898077627042, 0.924136868277313]","[1.3751731719376241, 1.2453213859222778]",-32.13545608520508,0.938,3253.965555738167,136.56105162990997,2.0,6.0,0
324,"[0.7510287728465411, 0.5239676601378183, 0.4069110985830595, 0.31867896643874516, 0.9250042808809977, 0.9965898476464796, 0.6349027164860667, 0.7125248757561594, 0.27639442811945303, 0.6631833646572645]","[1.431754208573635, 0.8380218709230178]",-42.52455520629883,0.099,3112.8737050712557,17.911675821667956,0.0,6.0,0
325,"[0.5284847277565907, 0.5218587704127032, 0.3822870378008557, 0.9175042642544385, 0.7414840018809663, 0.15270819230116595, 0.7744538537880383, 0.3532556606165881, 0.22323973413263937, 0.4970226157004175]","[0.08480500850010958, 1.2679552586543308]",-38.398067474365234,0.053,3289.327036858013,-161.62832128630572,1.0,6.0,0
326,"[0.06995398114155099, 0.4672684011434851, 0.3349297085499517, 0.9158450338373223, 0.5782821684393963, 0.6399131657151546, 0.3212898571447287, 0.7996851765080331, 0.17535866923104565, 0.6184565609911831]","[1.46041124623164, 1.0611003038605453]",-41.813663482666016,1.0,3981.191204026007,-253.6964107407506,1.0,6.0,0
327,"[0.5515810406257871, 0.5147291574720623, 0.8587503333637804, 0.08031926238821965, 0.11784964452439528, 0.3005724837432344, 0.6691193716845764, 0.24031420820605487, 0.30295867367389984, 0.6677562416446515]","[1.2873388448377807, 0.8374460954228211]",-35.48027420043945,0.964,3636.686659285409,-269.7014751459045,1.0,6.0,0
328,"[0.5047788818479976, 0.8566620414121124, 0.9493767006878465, 0.9056123266491858, 0.8838089925834614, 0.9071523910557677, 0.2773689595936624, 0.3563525429327234, 0.9585233347310937, 0.826783812272758]","[1.419185188204468, 1.3745812685609111]",-34.29250717163086,0.011,2964.5014900133965,49.007678067428316,0.0,6.0,0
329,"[0.5047788818479976, 0.8915333916225701, 0.32495234352892066, 0.8418529492829494, 0.8438328663347443, 0.9119880755167471, 0.505278922434459, 0.5138542907121659, 0.9709924947445676, 0.8224018098247372]","[1.418966771076151, 1.2101309473652428]",-22.615610122680664,0.093,3121.724146422333,4.3293514426742945,0.0,6.0,0
330,"[0.5029325683412336, 0.5235620317016897, 0.4132600801816988, 0.930671371109513, 0.7482312569835884, 0.9051507074391362, 0.37717812071866885, 0.7905147523086398, 0.20611598679725754, 0.782694197367755]","[1.4618981825442245, 0.9427828955366788]",-24.41815757751465,0.035,3367.4658368437003,9.431947164108436,0.0,6.0,0
331,"[0.5044395771615586, 0.5224004455889323, 0.3565041698871055, 0.6520981168659544, 0.7493379012690429, 0.9051507074391362, 0.3715171051169958, 0.7905147523086398, 0.20611598679725754, 0.7715370379067442]","[1.4618981825442245, 1.108212539254536]",-26.26619529724121,0.067,3191.7287639681945,-59.918732346457034,0.0,6.0,0
332,"[0.7068938596677737, 0.530206541792732, 0.40174197209565154, 0.08231492203201163, 0.6470913170975178, 0.13235757991831149, 0.7763708134575874, 0.22828569467854903, 0.22304648289323237, 0.30978477439674273]","[1.3745793042367425, 1.1114133837730138]",-37.56974411010742,0.938,3591.0558468568693,-60.05435916586731,0.0,6.0,0
333,"[0.7059766142772369, 0.4403165323196936, 0.8554261830070775, 0.10066974728756008, 0.11784964452439528, 0.23169822139230722, 0.8445811988020947, 0.35506101458853867, 0.313666741563808, 0.6631833646572645]","[1.3726141339135454, 1.2783244271036933]",-43.13565444946289,0.794,4254.625684780757,-70.97575275097023,1.0,6.0,0
334,"[0.7419162010314087, 0.7697700518954458, 0.8703393801588398, 0.8502458071521424, 0.05711759254004911, 0.19160801136034172, 0.6595811076297142, 0.3708114448759749, 0.42495820458333666, 0.8384639915611953]","[1.463195247356599, 1.1439300115800555]",-30.876983642578125,1.0,3511.3929386507602,155.74287110310337,0.0,6.0,0
335,"[0.6023941712516958, 0.4637666661800888, 0.3473551342010816, 0.3124449868274358, 0.7209746236325517, 0.23169822139230722, 0.6649492780597285, 0.2936335831816861, 0.2704692887037792, 0.7073199798752482]","[1.4609050718712076, 0.8374460954228211]",-23.520296096801758,0.1,2842.3786825661823,182.17347243931692,0.0,6.0,0
336,"[0.5555901081609674, 0.5224004455889323, 0.3565041698871055, 0.6525610474331061, 0.7493379012690429, 0.9690278752783479, 0.348056009345964, 0.7905147523086398, 0.9544910279915113, 0.657393978079939]","[1.1288999315778234, 0.9206064310818343]",-24.854429244995117,0.067,2539.084099448474,88.57748438426356,1.0,6.0,0
337,"[0.5024774480047671, 0.43381168617347127, 0.35622544045636373, 0.6444902924779164, 0.7560231721078274, 0.9083677057756219, 0.28145595377371446, 0.7902928149346682, 0.17463332418392505, 0.3036618452669605]","[1.4687895282158407, 0.32923217762360163]",-14.197299003601074,0.067,3037.7595213398586,-32.250284547275214,0.0,6.0,0
338,"[0.0961064706462599, 0.41930029625140197, 0.4259310666648922, 0.8982418576438824, 0.6493007293399896, 0.12192619680610278, 0.36534385201438435, 0.8027877749520658, 0.22251739412380547, 0.7715370379067442]","[1.464752559828846, 0.9433149694395505]",-41.88418960571289,0.829,4001.257401452484,-123.90482454655069,1.0,6.0,0
339,"[0.17209521560076893, 0.4684300537290848, 0.3763071082551279, 0.8850045152954704, 0.6528391704673394, 0.6399131657151546, 0.3788165206578852, 0.3564818709704251, 0.17425232729993043, 0.29830276735556926]","[1.459925080268639, 0.953806206216977]",-9.78843879699707,0.397,3128.6396392549286,94.01534927858279,0.0,6.0,0
340,"[0.5547696198165065, 0.5749058909557709, 0.8811861793495235, 0.8994537600785903, 0.13647832787687725, 0.23134863335000055, 0.3748152360792639, 0.35506101458853867, 0.3175184942051836, 0.2852182586730151]","[1.4659677137868679, 0.9445494009269757]",-28.722064971923828,0.574,2909.3495904900597,182.41570899471247,1.0,6.0,0
341,"[0.05892129329025453, 0.5681660541277316, 0.41337781131380746, 0.31867896643874516, 0.12337062922411302, 0.29398417429185897, 0.6590018636229711, 0.36050673516875464, 0.313666741563808, 0.4998928026400131]","[1.2365024304314944, 0.8503640639977479]",-24.19266700744629,1.0,2688.883401271071,75.91895027845916,2.0,6.0,0
342,"[0.7082342047167518, 0.6754310864984936, 0.4212009943559324, 0.08458194706227012, 0.10641639912901182, 0.17805372425306576, 0.7738256638824361, 0.25292769391901815, 0.27588010773368243, 0.5953349154049623]","[1.473755372765909, 0.7276145582508111]",-42.5255012512207,0.92,3889.1722352244583,-242.39192535677404,2.0,6.0,0
343,"[0.7522224926926477, 0.781245620886891, 0.8811861793495235, 0.9149429304842338, 0.12496229289052788, 0.23169822139230722, 0.6373749978832157, 0.35322471811026734, 0.3139689378078265, 0.658571555479527]","[1.2380175739918677, 1.263033912925662]",-15.965129852294922,0.644,3269.0818394430885,165.71106476395008,1.0,6.0,0
344,"[0.5030893031507574, 0.48952712633461865, 0.3560761296613301, 0.29670230559414507, 0.6510189101371553, 0.8978174047816608, 0.6587626889495583, 0.352696518451442, 0.2694181648236834, 0.6631833646572645]","[1.2365024304314944, 0.9450653831029466]",-26.214941024780273,0.118,2478.257384935927,81.54044176555345,1.0,6.0,0
345,"[0.5547696198165065, 0.5160825876377318, 0.8811861793495235, 0.31867896643874516, 0.11784964452439528, 0.23169822139230722, 0.6635222880658984, 0.35506101458853867, 0.31392045658023027, 0.6631833646572645]","[1.2365024304314944, 0.8374460954228211]",-31.63851547241211,0.688,3329.61039552483,-164.66014192236287,0.0,6.0,0
346,"[0.5047788818479976, 0.8419217004575779, 0.4180378419582579, 0.9116682578440387, 0.8774616894241812, 0.9119880755167471, 0.5250241789498802, 0.4391262526839065, 0.40094901662550936, 0.826489083557894]","[1.4169975130197736, 1.3745812685609111]",-18.659406661987305,0.034,3383.0404403287876,14.777513066177647,0.0,6.0,0
347,"[0.7279290875929956, 0.5363215001846007, 0.35360832437502, 0.9044656904425353, 0.11734209984843613, 0.6330517179240867, 0.24565745666777822, 0.7742241390878216, 0.22448226727897688, 0.2548447484479438]","[1.317791360109443, 0.9112157558978917]",-37.74221420288086,0.692,3787.027903221702,-362.5816416004976,1.0,6.0,0
348,"[0.5547696198165065, 0.5144791946544431, 0.8811861793495235, 0.31867896643874516, 0.11784964452439528, 0.23169822139230722, 0.659569533072841, 0.35506101458853867, 0.2736574000267711, 0.6631833646572645]","[1.2365024304314944, 0.8374460954228211]",-34.71860122680664,0.688,3357.084142930744,-147.64643854280524,0.0,6.0,0
349,"[0.5851688350361781, 0.6792737251354176, 0.8811861793495235, 0.31867896643874516, 0.11784964452439528, 0.23169822139230722, 0.659569533072841, 0.35506101458853867, 0.31400268104450746, 0.6631833646572645]","[1.4752320531130627, 0.8374460954228211]",-28.735240936279297,0.688,3555.002707803192,-212.84560858063986,0.0,6.0,0
350,"[0.5121553173306433, 0.48988400305542834, 0.8811861793495235, 0.7611838263520215, 0.529611507753851, 0.12452767376293367, 0.7058632998986166, 0.1862449667068568, 0.2028330292411532, 0.7700394829010389]","[1.465379676676763, 0.7466530278806058]",-29.72235870361328,0.012,3064.515709850647,126.20537948978345,0.0,6.0,0
351,"[0.16185539089196688, 0.4672684011434851, 0.3549173343096512, 0.32426740463782056, 0.6341787189200458, 0.6453775194574275, 0.6552548240911326, 0.790518245853265, 0.17350143919237132, 0.6762678773925976]","[1.2303592792952538, 0.8467029007128224]",-30.28293228149414,0.45,2841.150958060768,-28.37691189272823,1.0,6.0,0
352,"[0.7784409529559848, 0.2726292026658502, 0.4132722063916, 0.08128947817495652, 0.651615657989992, 0.17806241787013732, 0.7221424660378496, 0.3333174800101564, 0.6045063506705759, 0.2751811239860368]","[1.4723686350689693, 1.0643976984426988]",-52.60301208496094,0.952,3614.673864024,-14.229788953383775,0.0,6.0,0
353,"[0.7416690847127702, 0.521540957908519, 0.8415300217309751, 0.8502458071521424, 0.05711759254004911, 0.23368655574322267, 0.6355768067294488, 0.36078187028868247, 0.2679060161948828, 0.652941499172237]","[1.2365096207715123, 0.8423064644469621]",-23.045991897583008,1.0,2860.7337052811654,96.5283595684927,0.0,6.0,0
354,"[0.552408054366378, 0.5160825876377318, 0.8811861793495235, 0.31867896643874516, 0.11784964452439528, 0.18898282120391452, 0.659569533072841, 0.35506101458853867, 0.3139907900805063, 0.6631833646572645]","[1.2472319424638232, 0.8374460954228211]",-34.408355712890625,0.688,3391.937862827753,-189.76059915468772,0.0,6.0,0
355,"[0.5854397887530991, 0.6761689105911834, 0.8811861793495235, 0.31867896643874516, 0.11784964452439528, 0.23169822139230722, 0.659569533072841, 0.35506101458853867, 0.27400181958807157, 0.6631833646572645]","[1.2448339793319547, 0.8374460954228211]",-32.92314529418945,0.688,3318.9848772284354,-198.15266463112033,0.0,6.0,0
356,"[0.5547613725950389, 0.5127387321060857, 0.8821448791309527, 0.31867896643874516, 0.11784964452439528, 0.23169822139230722, 0.6733421329544879, 0.35506101458853867, 0.2736574000267711, 0.6631833646572645]","[1.4199018952968927, 0.8374460954228211]",-34.71860122680664,0.688,3575.493657028285,-147.63290538689745,0.0,6.0,0
357,"[0.5567314671469276, 0.855019082299687, 0.950390357278661, 0.8498794230460385, 0.8774616894241812, 0.9316295443630557, 0.5333377168854537, 0.1063928974566275, 0.9546282033392067, 0.653928724633345]","[1.4190242667543025, 1.3690508077837638]",-15.531004905700684,0.009,3100.2675100383863,47.56608750241247,0.0,6.0,0
358,"[0.5839741047599022, 0.5172609844625734, 0.40174197209565154, 0.033627507073568014, 0.6470913170975178, 0.13235757991831149, 0.7763708134575874, 0.21373777643470887, 0.22032440820397775, 0.30978477439674273]","[1.3837176103532087, 0.8353506050455553]",-36.30515670776367,1.0,3514.7058135143507,-61.86250773170502,0.0,6.0,0
359,"[0.6685599466299077, 0.5749058909557709, 0.8811861793495235, 0.3306676586779681, 0.11784964452439528, 0.2343013682118269, 0.6840332288672638, 0.3746349455032919, 0.5901980639576607, 0.6631833646572645]","[1.4413334579816124, 0.8374460954228211]",-45.49404525756836,0.688,3172.225541433599,-122.97166153782877,0.0,6.0,0
360,"[0.7104571605173943, 0.2821415989629888, 0.5011274568787585, 0.08458194706227012, 0.11611227836608262, 0.23138156489497697, 0.6597105645303131, 0.3547533462434316, 0.7038034461578764, 0.6633440168958941]","[1.468499021576205, 1.0643976984426988]",-23.129600524902344,0.92,3270.0979708417226,166.50999756221532,0.0,6.0,0
361,"[0.5701028782212477, 0.5715365293023179, 0.8811861793495235, 0.31867896643874516, 0.11784964452439528, 0.179917760468887, 0.659569533072841, 0.23868549058605248, 0.3212618601004191, 0.9377195365697253]","[1.2365024304314944, 0.8374460954228211]",-53.37500762939453,0.688,3746.4419605834505,-228.71264829251447,1.0,6.0,0
362,"[0.5044395771615586, 0.5224004455889323, 0.3565041698871055, 0.6417924804676582, 0.7493379012690429, 0.9119513949240697, 0.3715171051169958, 0.8083109264974325, 0.9725900838843411, 0.7713123380326244]","[1.4202715391780272, 0.9411610544819563]",-16.8162784576416,0.067,2851.288748658401,1.764445470335886,1.0,6.0,0
363,"[0.178647389390361, 0.47233188046094365, 0.3549173343096512, 0.9051438366771739, 0.06592245660456181, 0.6399131657151546, 0.37050052710804804, 0.3454344339804353, 0.17735319182304865, 0.3157012690014794]","[1.46011697672919, 0.953806206216977]",-33.60899353027344,1.0,3636.856293008607,51.90143828364003,1.0,6.0,0
364,"[0.17473110881146955, 0.5289959523999527, 0.3535340047346475, 0.9051438366771739, 0.7560231721078274, 0.6418202003650368, 0.28217139767930977, 0.7742241390878216, 0.17571567358549067, 0.2985362521053521]","[1.188662690874521, 0.32923217762360163]",-36.08366394042969,0.39,2450.8663178337356,-69.97791796240978,0.0,6.0,0
365,"[0.21475460025148832, 0.7835239929883909, 0.35126717667496093, 0.9110637532778544, 0.5829511893813777, 0.9962611376961301, 0.6355768067294488, 0.7216015784772641, 0.1867737502218101, 0.8046754845933921]","[1.4529454124772894, 1.1499847056661088]",-41.677982330322266,0.258,3543.2935906146736,-158.20842958212432,1.0,6.0,0
366,"[0.5547696198165065, 0.5160825876377318, 0.9187421123908469, 0.7522896564309904, 0.6531803439815052, 0.6496984960951391, 0.7180970181230685, 0.7847055305213828, 0.952994165950887, 0.7822246610824753]","[1.1188475635570134, 0.9434974895660504]",-36.621768951416016,0.01,1532.5473904813875,121.0322264603202,0.0,6.0,0
367,"[0.5547696198165065, 0.5158710324799853, 0.8811861793495235, 0.31867896643874516, 0.7637457778195971, 0.23169822139230722, 0.28831369421886516, 0.7735549644803028, 0.1777123490594922, 0.6622490005892452]","[1.4549765562103432, 1.115719502721422]",-26.55220603942871,0.099,2622.115443997535,137.5166497745157,0.0,6.0,0
368,"[0.7124811790993619, 0.5241582148324915, 0.8811861793495235, 0.8013506537584082, 0.9829516183734308, 0.17770977871462174, 0.6832497229169164, 0.24821482257918687, 0.5887761640870863, 0.5950786104944132]","[1.4511552912043677, 0.8341703558688421]",-33.419677734375,0.009,2554.8361349148618,-50.8474625694069,0.0,6.0,0
369,"[0.18549143738891757, 0.432623809690473, 0.3620209204495118, 0.9051438366771739, 0.7560231721078274, 0.6348089452339714, 0.28217139767930977, 0.7904586996803585, 0.1653400385563801, 0.3394015101575638]","[1.2348064301145114, 0.33131757485932517]",-37.60200500488281,0.349,2654.438151315754,-130.0024644170677,0.0,6.0,0
370,"[0.5547696198165065, 0.6776703321521592, 0.8811861793495235, 0.31867896643874516, 0.11784964452439528, 0.23169822139230722, 0.659569533072841, 0.35671554651112325, 0.2739933395074705, 0.597993780981408]","[1.498939076280155, 0.8320681498276683]",-32.92314529418945,0.688,3524.860321634906,-147.74479039407845,1.0,6.0,0
371,"[0.5036190888170976, 0.5160825876377318, 0.8811861793495235, 0.7861752885321212, 0.9829516183734308, 0.1605387714052087, 0.7058632998986166, 0.3151642533801147, 0.2028330292411532, 0.7700394829010389]","[1.4657525784470613, 0.7463259068496716]",-29.87421417236328,0.011,3089.2853694530245,6.796340966825227,0.0,6.0,0
372,"[0.7198982444062945, 0.6749545209165606, 0.3820026843162989, 0.06037599275073133, 0.6470913170975178, 0.13235757991831149, 0.7763708134575874, 0.22828569467854903, 0.22304648289323237, 0.2801491204604582]","[1.3719169737367634, 1.1114133837730138]",-39.78199005126953,1.0,3378.0498956973297,-22.5837519416051,0.0,6.0,0
373,"[0.7419162010314087, 0.7835239929883909, 0.40409951241927233, 0.9110288472042537, 0.9986995597007458, 0.9956242543237761, 0.6355768067294488, 0.7216015784772641, 0.42495820458333666, 0.81117457256293]","[1.443761627916147, 1.1439300115800555]",-40.554229736328125,0.04,2974.7368524417257,-158.3402080082929,0.0,6.0,0
374,"[0.5704245137801791, 0.5749058909557709, 0.8811861793495235, 0.31867896643874516, 0.11784964452439528, 0.23169822139230722, 0.5711743025681428, 0.35506101458853867, 0.313666741563808, 0.6631833646572645]","[1.3040203609383836, 0.8374460954228211]",-35.85089111328125,0.688,3305.27959596215,-189.25218607949267,0.0,6.0,0
375,"[0.18594657838571166, 0.4855825875920908, 0.3524027609788636, 0.9127494396302268, 0.5612138364552842, 0.6394138697245704, 0.37783622234375924, 0.7762483542204286, 0.2064226800628115, 0.7715370379067442]","[1.4616300895947891, 0.9427828955366788]",-34.25837707519531,0.347,3664.838214486935,-96.10354965694148,0.0,6.0,0
376,"[0.5525466640157977, 0.5844182879950469, 0.8729267567537119, 0.3116469853131885, 0.11784964452439528, 0.17836168713332445, 0.6584458171198363, 0.3649169801741172, 0.3217119467687415, 0.725572399076943]","[1.2423822415183343, 0.8374460954228211]",-33.83462142944336,0.688,3517.313592434146,-215.20320497312412,0.0,6.0,0
377,"[0.7270833741093731, 0.7645450175609347, 0.4622165619883379, 0.31408002826746206, 0.12208440535301296, 0.18961967700942628, 0.659569533072841, 0.7158807208474214, 0.4276381631459063, 0.8487058552473122]","[1.2386653926012032, 1.1261755588608677]",-45.13240432739258,0.658,3555.650186339583,-260.541471108151,1.0,6.0,0
378,"[0.5875304004863068, 0.6792737251354176, 0.8811861793495235, 0.31867896643874516, 0.11784964452439528, 0.23169822139230722, 0.659569533072841, 0.35506101458853867, 0.3142252319863397, 0.6631833646572645]","[1.4643344002946306, 0.8374460954228211]",-28.735240936279297,0.688,3540.873617749218,-216.71638913249535,0.0,6.0,0
379,"[0.5547696198165065, 0.5175840091986909, 0.8811861793495235, 0.31867896643874516, 0.11784964452439528, 0.23169822139230722, 0.659569533072841, 0.35506101458853867, 0.2737311444104472, 0.6631833646572645]","[1.4667286519679894, 0.8374460954228211]",-34.71860122680664,0.688,3627.699940676126,-147.6679633154984,0.0,6.0,0
380,"[0.5047871290694652, 0.8567591633154424, 0.948304334799086, 0.9049028777208019, 0.8774616894241812, 0.911667080974173, 0.2635963763289373, 0.1063928974566275, 0.9757165997336672, 0.826783812272758]","[1.235624653971906, 1.3745812685609111]",-31.288585662841797,0.011,2995.442733184983,-0.39703796477101605,1.0,6.0,0
381,"[0.5028170345175765, 0.5160825876377318, 0.8800588559355018, 0.7621344523494991, 0.9829516183734308, 0.23169822139230722, 0.6824022056533209, 0.35820855183114003, 0.9870989778131302, 0.828681318497463]","[1.1331227687339867, 0.8419475814668216]",-42.856929779052734,0.011,2771.5554280065107,-200.9376289959468,1.0,6.0,0
382,"[0.7066985161877278, 0.5160825876377318, 0.8910564380997291, 0.33236651275023094, 0.11784964452439528, 0.23169822139230722, 0.6691193716845764, 0.7930387130477508, 0.30568074836315495, 0.6630826968056549]","[1.2782005386952227, 1.1135088741472248]",-49.88018035888672,0.688,3474.264802575679,-383.948441201146,0.0,6.0,0
383,"[0.5547696198165065, 0.5130976251212601, 0.8811861793495235, 0.789361490499495, 0.9674350531232736, 0.23169822139230722, 0.5821120921624929, 0.0963387187508983, 0.6013445343177797, 0.5995466556709146]","[1.4504924928851888, 0.8318875610319045]",-13.863652229309082,0.01,2828.7989410416103,-44.80142916605001,0.0,6.0,0
384,"[0.5547696198165065, 0.5749058909557709, 0.8773069760858085, 0.31867896643874516, 0.57886242169671, 0.23169822139230722, 0.6716670564853172, 0.2532353622641259, 0.2676904396072429, 0.6003450974327752]","[1.2365024304314944, 0.8374460954228211]",-22.058860778808594,0.099,2808.287453531521,132.94849469443966,0.0,6.0,0
385,"[0.6915606012630124, 0.5297816962885681, 0.4004563457975292, 0.08231492203201163, 0.5771130237442562, 0.22983418517648602, 0.7754208077761461, 0.34443221915321204, 0.21545136435663775, 0.629007683803095]","[1.3751731719376241, 1.2453213859222778]",-38.78599548339844,0.938,3520.2534822050634,-4.453287339931478,0.0,6.0,0
386,"[0.5047788818479976, 0.855019082299687, 0.9492630350521514, 0.9049028777208019, 0.8774616894241812, 0.9048663934892395, 0.2773689595936624, 0.1063928974566275, 0.20410492207281333, 0.8270085121468777]","[1.4606509100701743, 1.3508732960233867]",-20.545515060424805,0.011,3184.46657198029,104.27789678652204,0.0,6.0,0
387,"[0.585456529994298, 0.6742102458173018, 0.8811861793495235, 0.31867896643874516, 0.705701047099645, 0.23169822139230722, 0.6680208462022975, 0.8001443894279702, 0.31400268104450746, 0.6457848636876993]","[1.4750401566524898, 0.8374460954228211]",-21.836332321166992,0.099,2629.4148675106317,187.75049153338733,0.0,6.0,0
388,"[0.1710529191337173, 0.4471263987672254, 0.36260116895426014, 0.9044656904425353, 0.7460940867439803, 0.6330517179240867, 0.28217139767930977, 0.7742241390878216, 0.16523476516201474, 0.29830276735556926]","[1.3422874477118532, 0.3261488935322472]",-36.08366394042969,0.402,2761.8575097058383,-92.75354440589376,0.0,6.0,0
389,"[0.7060991083241752, 0.4671124152897732, 0.4064640437558403, 0.9051089306035732, 0.5781766774543196, 0.6395239397042113, 0.37050052710804804, 0.7902887132736722, 0.41134726060419213, 0.5948170134592345]","[1.4029878542161698, 1.0896591426562627]",-20.192180633544922,0.039,2963.9549587006813,26.15288898969979,0.0,6.0,0
390,"[0.18594657838571166, 0.4855825875920908, 0.3526244643520822, 0.9102818030251522, 0.9791137676433062, 0.22141371362741832, 0.370530791997136, 0.349751212503411, 0.2064226800628115, 0.6363657139134841]","[1.474699480502245, 0.8357206096300918]",-34.540809631347656,0.347,2949.694214181214,27.71538872213236,1.0,6.0,0
391,"[0.5044395771615586, 0.5226120007466788, 0.3565041698871055, 0.6520981168659544, 0.10363696322380678, 0.9051507074391362, 0.694646313309984, 0.3686669797790729, 0.3150485497706739, 0.7724714019747543]","[1.2433926822575987, 0.8299391319499533]",-38.65485382080078,0.771,3388.510681663944,-100.14203291492476,0.0,6.0,0
392,"[0.5505226454337784, 0.2740659718239553, 0.4004563457975292, 0.08458194706227012, 0.5771130237442562, 0.23204216693075128, 0.6709605706791936, 0.1010515962183146, 0.612551555820161, 0.5998029605814637]","[1.4731460655751765, 1.0621149036057076]",-37.158935546875,0.92,3476.2254333215105,-78.46693541297685,1.0,6.0,0
393,"[0.5403586767948598, 0.5705228190329668, 0.9081078343694104, 0.325740355197566, 0.1097144521699534, 0.22840800861410077, 0.659569533072841, 0.35506101458853867, 0.27344674004894004, 0.6631833646572645]","[1.2365024304314944, 0.8331287665887529]",-45.375675201416016,0.736,3443.385771036711,-113.48502594756826,0.0,6.0,0
394,"[0.17893481367543618, 0.5784076259191673, 0.8392525863230383, 0.9111888353732214, 0.05186203723002558, 0.6564887679584233, 0.40604785488048256, 0.7760859630193636, 0.1748164349523025, 0.29830276735556926]","[1.4691085393248586, 0.9517209044536372]",-46.82758712768555,1.0,3938.951546714807,-381.4250211303331,0.0,6.0,0
395,"[0.5547696198165065, 0.5130976251212601, 0.8811861793495235, 0.8013506537584082, 0.9674350531232736, 0.22804818064371746, 0.5862129729836747, 0.09468499253021984, 0.5887761640870863, 0.6647362393467711]","[1.4505459840157304, 0.8372655066270573]",-19.984375,0.01,2828.43710129252,-52.38140214560832,0.0,6.0,0
396,"[0.5547696198165065, 0.5160825876377318, 0.8811861793495235, 0.29368691815760006, 0.11784964452439528, 0.23018627437479908, 0.659569533072841, 0.35506101458853867, 0.3142133410223385, 0.6631833646572645]","[1.2365024304314944, 0.8377732164537554]",-31.63851547241211,0.688,3353.5641610384564,-205.11419843503415,1.0,6.0,0
397,"[0.5417652350772818, 0.5329223530283261, 0.9160763008458945, 0.3406453745808847, 0.11784964452439528, 0.23169822139230722, 0.659569533072841, 0.35506101458853867, 0.27598786209956006, 0.6631833646572645]","[1.4778846300502968, 0.8374460954228211]",-35.21885299682617,0.688,3639.287836813091,-91.22782500556252,0.0,6.0,0
398,"[0.17111285784095887, 0.4672703557053524, 0.35360832437502, 0.9044656904425353, 0.7460940867439803, 0.6393422436994662, 0.28217139767930977, 0.7743144236681054, 0.17348594340531898, 0.29830276735556926]","[1.1988154212754156, 0.3261488935322472]",-36.08366394042969,0.401,2505.78616753183,-84.07204579382994,0.0,6.0,0
399,"[0.17893481367543618, 0.44814935756905333, 0.3536317080115289, 0.9051438366771739, 0.5828065093318705, 0.6332334139288316, 0.37050052710804804, 0.7901984286933885, 0.16491162458493336, 0.5948170134592345]","[1.401136402845428, 0.9501055842582569]",-34.88348388671875,0.374,3651.4302437483066,-139.42161701437817,0.0,6.0,0
400,"[0.5036190888170976, 0.5160825876377318, 0.8811861793495235, 0.0709795797380745, 0.9776348180560033, 0.15902682438769833, 0.7058632998986166, 0.35185783916765406, 0.2029722893730823, 0.2822671369869561]","[1.4671707111557213, 1.1849522338842369]",-35.09188461303711,1.0,4174.700433061479,53.77928382429474,0.0,6.0,0
401,"[0.5704245137801791, 0.5749058909557709, 0.8811861793495235, 0.31867896643874516, 0.11784964452439528, 0.23169822139230722, 0.5757749811748716, 0.35506101458853867, 0.313666741563808, 0.6631833646572645]","[1.3067263020459694, 0.8374460954228211]",-35.85089111328125,0.688,3315.9247577553256,-189.25218607949267,0.0,6.0,0
402,"[0.2026527033387963, 0.5130976251212601, 0.8811861793495235, 0.9046391669444814, 0.9674350531232736, 0.23169822139230722, 0.5821120921624929, 0.0963387187508983, 0.6639524701844669, 0.5995466556709146]","[1.4508269420065392, 0.8318875610319045]",-31.727678298950195,0.292,3341.6054144057334,102.08085108319787,1.0,6.0,0
403,"[0.5468788382341458, 0.2821415989629888, 0.40502383315402896, 0.07425568807393468, 0.10779007198873192, 0.1798341361564044, 0.7210187500848448, 0.2437591987822496, 0.6089279549338542, 0.2751811239860368]","[1.4732692068029052, 1.0547700927401888]",-12.302037239074707,1.0,3771.7836246694483,-7.319472183643143,1.0,6.0,0
404,"[0.5547696198165065, 0.5783669644384497, 0.8964502646625316, 0.3055882717824403, 0.11784964452439528, 0.23169822139230722, 0.659569533072841, 0.4641150679329249, 0.2807458181631239, 0.6631833646572645]","[1.2347108248487095, 0.8386722156053781]",-35.12733840942383,0.688,3285.396661464126,-171.26679602854648,1.0,6.0,0
405,"[0.7245500743550672, 0.5185331717461665, 0.8811861793495235, 0.2710173653276043, 0.11784964452439528, 0.23169822139230722, 0.659569533072841, 0.35506101458853867, 0.351138193375423, 0.6631833646572645]","[1.2365024304314944, 0.8247423959383122]",-45.67424011230469,0.688,3333.9587102993505,-80.30028702307771,0.0,6.0,0
406,"[0.5651075342834297, 0.4658314872440243, 0.35360832437502, 0.33126577597317036, 0.7460940867439803, 0.6393422436994662, 0.268271843299248, 0.3837871561363988, 0.17348594340531898, 0.31523670431209105]","[1.1988154212754156, 0.3261488935322472]",-21.786422729492188,0.086,2323.970292899208,-16.41772498117956,0.0,6.0,0
407,"[0.18594657838571166, 0.48589997410824676, 0.3524027609788636, 0.9127494396302268, 0.5612138364552842, 0.15660228929863346, 0.37783622234375924, 0.2006958287649102, 0.2064226800628115, 0.785583388336944]","[1.4616300895947891, 0.9427828955366788]",-31.165386199951172,0.347,3637.747066974686,-34.99258561413461,1.0,6.0,0
408,"[0.14594915136489042, 0.432623809690473, 0.8988690573000881, 0.9051438366771739, 0.7560231721078274, 0.6203440944612789, 0.28217139767930977, 0.7777357681468949, 0.1653400385563801, 0.3394015101575638]","[1.284335934882013, 0.33131757485932517]",-41.200740814208984,0.515,3126.4836952174765,-130.0024644170677,1.0,6.0,0
409,"[0.17473110881146955, 0.5300692913854584, 0.3535340047346475, 0.0721603634559726, 0.7560231721078274, 0.6418202003650368, 0.29006257108849554, 0.7742241390878216, 0.22232604349545096, 0.2985362521053521]","[1.188662690874521, 0.32923217762360163]",-38.28498840332031,1.0,2961.757700611657,-118.81100516750325,0.0,6.0,0
410,"[0.552408054366378, 0.5160825876377318, 0.8811861793495235, 0.31867896643874516, 0.11784964452439528, 0.2319851530086657, 0.659569533072841, 0.35506101458853867, 0.3139907900805063, 0.6631833646572645]","[1.2472319424638232, 0.8376222033386309]",-31.63851547241211,0.688,3334.4299740769843,-160.8255751422676,0.0,6.0,0
411,"[0.6682513527721298, 0.5331203874688707, 0.8812057391443376, 0.31867896643874516, 0.11784964452439528, 0.23172654066852852, 0.6733421329544879, 0.35506101458853867, 0.5836512702040665, 0.6631833646572645]","[1.4199018952968927, 0.8374460954228211]",-47.88467025756836,0.688,3132.429096895796,-108.00323084176762,0.0,6.0,0
412,"[0.7306260977665455, 0.5377262087957295, 0.3627030172781448, 0.9044656904425353, 0.7464955317015493, 0.1448858448254804, 0.28217139767930977, 0.2256383339499417, 0.22328673525113313, 0.4841329519212292]","[1.3764731859215285, 0.36142031631682603]",-22.774988174438477,0.065,2322.757302909094,-54.54176933492715,0.0,6.0,0
413,"[0.17893481367543618, 0.4672684011434851, 0.3549173343096512, 0.9051438366771739, 0.6528391704673394, 0.6399131657151546, 0.31400148667876027, 0.7906796203887296, 0.17425232729993043, 0.29830276735556926]","[1.459925080268639, 0.953806206216977]",-29.215717315673828,0.374,3485.0953390294367,-58.38625828733069,0.0,6.0,0
414,"[0.8011977139785199, 0.5329223530283261, 0.9160763008458945, 0.06892656360559662, 0.1866669098575865, 0.09662054466897585, 0.6646313487481892, 0.35506101458853867, 0.24326539300324773, 0.6631833646572645]","[1.4730709840133402, 0.8374460954228211]",-51.214786529541016,1.0,3824.332679206225,-219.3661187606249,0.0,6.0,0
415,"[0.7268362577907347, 0.5163159238158063, 0.8996728331800772, 0.31408002826746206, 0.6241268868590696, 0.23371450793623522, 0.6591562967493593, 0.35506101458853867, 0.2716604340504641, 0.313805615156917]","[1.2365024304314944, 0.8243087000800818]",-17.449289321899414,0.1,2656.197461304325,34.926912854072526,0.0,6.0,0
416,"[0.5547614974973354, 0.5127387321060857, 0.8821448791309527, 0.3098275182602097, 0.09632238378655167, 0.23169822139230722, 0.6733421329544879, 0.4772321027638543, 0.2736574000267711, 0.5988253365863365]","[1.4199018952968927, 0.8374135650727377]",-29.008352279663086,0.828,3520.290640127019,-162.16580079805448,1.0,6.0,0
417,"[0.5547696198165065, 0.6773077288031557, 0.8811861793495235, 0.31867896643874516, 0.11784964452439528, 0.23169822139230722, 0.6130690644018466, 0.35506101458853867, 0.31366469663299157, 0.6631833646572645]","[1.4970761173227314, 0.8374460954228211]",-27.418901443481445,0.688,3521.8394855609513,-164.52014269010976,0.0,6.0,0
418,"[0.5547696198165065, 0.5130976251212601, 0.8907116516637288, 0.789361490499495, 0.9494796867346853, 0.23169822139230722, 0.5821120921624929, 0.11826522706533898, 0.3033145360144156, 0.5995466556709146]","[1.4461464317095627, 0.8373014271117503]",-14.935256958007812,0.01,2827.5149658232126,-99.63985526924915,0.0,6.0,0
419,"[0.18594657838571166, 0.45924406609777324, 0.8757947981385009, 0.7593294457936135, 0.5618004788128244, 0.6394138697245704, 0.37783622234375924, 0.8068705341918191, 0.2027393535981177, 0.7715370379067442]","[1.4616300895947891, 0.9379008741530647]",-35.27122497558594,0.347,3400.673313187435,-274.6215479638312,0.0,6.0,0
420,"[0.17893481367543618, 0.5784076259191673, 0.8392525863230383, 0.9111888353732214, 0.05186203723002558, 0.6217086575453172, 0.40604785488048256, 0.7760859630193636, 0.2822203078989514, 0.6586656557990942]","[1.4691085393248586, 0.9517209044536372]",-33.86590576171875,1.0,3413.298332959416,31.439099056382872,0.0,6.0,0
421,"[0.5105189343657377, 0.4869455686545567, 0.39467514520674274, 0.8993158584352816, 0.6511326065350674, 0.6181662691585462, 0.37712077843816383, 0.7906803438331688, 0.2064226800628115, 0.7758210315752271]","[1.4637040641046342, 0.9355828134514658]",-23.12532615661621,0.042,3226.099547824345,-94.33006829582246,0.0,6.0,0
422,"[0.17893481367543618, 0.6893061424517881, 0.3549173343096512, 0.9051438366771739, 0.652784802685132, 0.2441496622474494, 0.3637264389205894, 0.7052489087192386, 0.1773437053190691, 0.29830276735556926]","[1.459925080268639, 0.953806206216977]",-25.88338279724121,0.374,3773.2511617640866,127.1228072302478,1.0,6.0,0
423,"[0.19155367146595287, 0.778751664279123, 0.3641867433895221, 0.9044656904425353, 0.9997560712085273, 0.6466162060954241, 0.28379760382396235, 0.9033770771411614, 0.16523476516201474, 0.7733058218863172]","[1.3416803203557512, 0.2917225375340461]",-37.19520568847656,0.331,3538.5911213354716,-36.0035004875931,1.0,6.0,0
424,"[0.5044395771615586, 0.5226120007466788, 0.3565041698871055, 0.6520981168659544, 0.10363696322380678, 0.9051507074391362, 0.694646313309984, 0.3686669797790729, 0.3150485497706739, 0.7724714019747543]","[1.282544412280717, 0.8299391319499533]",-38.65485382080078,0.771,3452.6992454582614,-100.14203291492476,0.0,6.0,0
425,"[0.7198982444062945, 0.6749545209165606, 0.3820026843162989, 0.7514300465160824, 0.6512603339346237, 0.13235757991831149, 0.7763708134575874, 0.2346364073420966, 0.2229072227613033, 0.7679213141791037]","[1.3704983196352527, 0.6731141354334886]",-23.262483596801758,0.053,2885.6106276878513,210.07427603869385,0.0,6.0,0
426,"[0.5875304004863068, 0.6792737251354176, 0.8811861793495235, 0.31867896643874516, 0.11784964452439528, 0.23169822139230722, 0.6549688544661123, 0.35506101458853867, 0.3142252319863397, 0.6631833646572645]","[1.4616217521547892, 0.8374460954228211]",-28.735240936279297,0.688,3531.0176931850683,-216.71638913249535,0.0,6.0,0
427,"[0.5310518454368898, 0.4672684011434851, 0.3549173343096512, 0.7898661599071906, 0.652784802685132, 0.5697833466344651, 0.37050052710804804, 0.790518245853265, 0.1148089080426537, 0.33180114002307215]","[1.4595906311472886, 0.953806206216977]",-36.911651611328125,0.068,3237.6828743294523,-63.84656755803695,0.0,6.0,0
428,"[0.7907666961574576, 0.5705228190329668, 0.9081078343694104, 0.32102605609607, 0.6535860746580908, 0.22662759671076213, 0.659569533072841, 0.35506101458853867, 0.277070342006551, 0.6631833646572645]","[1.2365024304314944, 0.8427563722912164]",-17.999980926513672,0.098,2835.6210293873933,113.43166584304313,0.0,6.0,0
429,"[0.09134071754892747, 0.6777109936328769, 0.8887689471362716, 0.9111888353732214, 0.05186203723002558, 0.6564887679584233, 0.40604785488048256, 0.7906796203887296, 0.1724718225819138, 0.29830276735556926]","[1.475785654050565, 0.953806206216977]",-30.838218688964844,1.0,3956.0642558272807,-298.42277706845334,0.0,6.0,0
430,"[0.557055803251867, 0.5726886430254108, 0.8996728331800772, 0.31849802938382926, 0.12208440535301296, 0.23169822139230722, 0.659569533072841, 0.35506101458853867, 0.27342958661101074, 0.6631833646572645]","[1.2365024304314944, 0.7223222735768327]",-42.26853942871094,0.658,3282.077488295059,-151.62986790495404,0.0,6.0,0
431,"[0.16077579422759433, 0.5159180631157713, 0.8811861793495235, 0.8917830106505573, 0.11784964452439528, 0.23169822139230722, 0.6734690998520276, 0.763831535246432, 0.2736574000267711, 0.6462494283789914]","[1.2365024304314944, 0.8234685418430796]",-43.41640853881836,0.688,3404.3326966411596,-375.1260168379041,2.0,6.0,0
432,"[0.5839741047599022, 0.5169435979464174, 0.40174197209565154, 0.033627507073568014, 0.6470913170975178, 0.615177793800546, 0.7763708134575874, 0.7892912337347018, 0.22032440820397775, 0.29573793626498823]","[1.3837176103532087, 0.8353506050455553]",-31.037763595581055,1.0,3439.454324417608,58.79542295288414,0.0,6.0,0
433,"[0.5943163988472372, 0.5160825876377318, 0.35413334888076514, 0.3430607888062859, 0.2510069615130892, 0.24616309992304242, 0.6691193716845764, 0.7912142206061533, 0.30295867367389984, 0.6630826968056549]","[1.314809447701586, 0.8374460954228211]",-36.8038330078125,0.189,3021.408439237578,-22.125873920011713,0.0,6.0,0
434,"[0.7068938596677737, 0.5289772169535142, 0.4004563457975292, 0.9157755950402996, 0.5771130237442562, 0.13195855169858495, 0.770652846524085, 0.2280566951506835, 0.17643611298327208, 0.6062990203619527]","[1.3745793042367425, 1.0634032720081814]",-35.28813552856445,0.041,3363.768081102662,-33.4268221440945,0.0,6.0,0
435,"[0.5547696198165065, 0.5130976251212601, 0.8811861793495235, 0.8013506537584082, 0.9674350531232736, 0.18127923946747285, 0.5862129729836747, 0.0963387187508983, 0.5887761640870863, 0.5995466556709146]","[1.4505459840157304, 0.8317114531160947]",-16.798063278198242,0.01,2891.7341672580214,-25.385998622714396,0.0,6.0,0
436,"[0.5550699664528167, 0.5749058909557709, 0.8821253193361386, 0.3306676586779681, 0.11784964452439528, 0.2342730489356056, 0.6840332288672638, 0.3746349455032919, 0.28020419427497756, 0.6631833646572645]","[1.4413334579816124, 0.8374460954228211]",-40.03878402709961,0.688,3641.624305651818,-129.75405306294186,0.0,6.0,0
437,"[0.14734311333924366, 0.43945074591051586, 0.4003544974736445, 0.08231492203201163, 0.5767115787859867, 0.6201329495058446, 0.778544258046366, 0.7766424489426584, 0.16499451280411406, 0.3126482879689503]","[1.340393566027067, 1.0281322212656425]",-35.67802047729492,0.938,3694.929058069872,186.76319040970532,2.0,6.0,0
438,"[0.5217735012975341, 0.2973521969014374, 0.40502383315402896, 0.34598442499684656, 0.651615657989992, 0.18644347030724828, 0.7159569344094967, 0.2437591987822496, 0.6205235019141191, 0.2751811239860368]","[1.4780828528398617, 1.1589776367752311]",-19.618865966796875,0.118,3309.665289469977,73.48448405555567,0.0,6.0,0
439,"[0.5839741047599022, 0.573318848970718, 0.40174197209565154, 0.033627507073568014, 0.14506544861328513, 0.1303412933786264, 0.7767840497810431, 0.21373777643470887, 0.2192499489107539, 0.6591625241838115]","[1.3837176103532087, 0.8355939167248833]",-43.892879486083984,1.0,3798.318865192964,-82.0106464330708,0.0,6.0,0
440,"[0.5547694949142099, 0.5160825876377318, 0.8811861793495235, 0.8102007871646583, 0.9829516183734308, 0.23169822139230722, 0.6824022056533209, 0.0963387187508983, 0.5887761640870863, 0.6639046837418425]","[1.4505459840157304, 0.831920091381988]",-37.553531646728516,0.01,2977.1487120637785,-61.96405672510531,0.0,6.0,0
441,"[0.5875304004863068, 0.5180485839699733, 0.8811861793495235, 0.31867896643874516, 0.11784964452439528, 0.23169822139230722, 0.64390073310492, 0.35506101458853867, 0.31422727691715624, 0.6631833646572645]","[1.1913489326628732, 0.8374460954228211]",-33.59674072265625,0.688,3265.261588138517,-216.71738926680206,0.0,6.0,0
442,"[0.5547696198165065, 0.5160825876377318, 0.8815309657855237, 0.3430607888062859, 0.13180653074149795, 0.21940229553340873, 0.6691193716845764, 0.7567486679499806, 0.600988672064839, 0.6630826968056549]","[1.2916836843405874, 0.8320322293429754]",-35.97170639038086,0.595,2725.534728806023,-57.917746875862576,0.0,6.0,0
443,"[0.5862442723243665, 0.5199969532124458, 0.3806102678436788, 0.9146037977787316, 0.9803295148995317, 0.15902682438769833, 0.7058632998986166, 0.3275852816888909, 0.206516355705847, 0.7700394829010389]","[1.4657525784470613, 0.7515350492642198]",-39.18971633911133,0.053,3252.2457492525446,-191.1449580606423,0.0,6.0,0
444,"[0.5403586767948598, 0.5705228190329668, 0.8545284490318608, 0.325740355197566, 0.1097144521699534, 0.23881628246447123, 0.659569533072841, 0.35506101458853867, 0.1660428671037409, 0.29206061646208403]","[1.2365024304314944, 0.8331287665887529]",-25.758634567260742,0.736,3066.673156722495,-125.69758189795158,1.0,6.0,0
445,"[0.14037856098756302, 0.5130976251212601, 0.8811861793495235, 0.8002766529279484, 0.9674350531232736, 0.22804818064371746, 0.5862129729836747, 0.09468499253021984, 0.5887761640870863, 0.6604522456782589]","[1.4487401024553206, 0.8449976626151422]",-44.78601837158203,0.552,3336.8456676895903,-51.12598152695301,1.0,6.0,0
446,"[0.5547696198165065, 0.45563259083750857, 0.33781163204644216, 0.31867896643874516, 0.11784964452439528, 0.6274617564388756, 0.6423393203583049, 0.7911204835031611, 0.27400282601147974, 0.6631833646572645]","[1.250548847773716, 0.8374460954228211]",-12.548624992370605,0.688,2773.707771514919,84.92307631483143,1.0,6.0,0
447,"[0.7214196928846002, 0.45189871836472867, 0.4025139379840103, 0.9110288472042537, 0.719259616288375, 0.9777387544916436, 0.6339506017723489, 0.7216015784772641, 0.42495820458333666, 0.3597010434018565]","[1.4443687403418974, 1.1783598257184338]",-26.81232452392578,0.04,3075.774223239542,84.32515079124346,0.0,6.0,0
448,"[0.5704245137801791, 0.5749058909557709, 0.8811861793495235, 0.31867896643874516, 0.11784964452439528, 0.1736632412192769, 0.5711743025681428, 0.35506101458853867, 0.313666741563808, 0.6631833646572645]","[1.3040203609383836, 0.8374460954228211]",-45.078487396240234,0.688,3426.181984096143,-228.09009914587512,0.0,6.0,0
449,"[0.556436426796771, 0.5086267305270474, 0.8811861793495235, 0.32013348385263396, 0.10529011581726178, 0.22804818064371746, 0.5862129729836747, 0.09468499253021984, 0.6004780210721194, 0.6647362393467711]","[1.251113004625003, 0.8372655066270573]",-48.07300567626953,0.762,3182.417498963427,-63.05061753138909,0.0,6.0,0
450,"[0.5018011227118598, 0.6871632124910244, 0.8811861793495235, 0.3264980129745416, 0.10839651376510923, 0.15902682438769833, 0.7058632998986166, 0.6935685748853699, 0.2028330292411532, 0.769229553818288]","[1.2483039132575067, 0.7466530278806058]",-31.58901023864746,0.742,3176.077210701317,-49.15292750078157,0.0,6.0,0
451,"[0.5702398479272632, 0.6768485746950809, 0.889872346918756, 0.9196555793108789, 0.11091656769329022, 0.18272765951874748, 0.622772246139732, 0.35506101458853867, 0.31366469663299157, 0.6631833646572645]","[1.4970761173227314, 0.8374460954228211]",-34.5299072265625,0.728,3498.495679381007,167.0058162392113,0.0,6.0,0
452,"[0.178800274169806, 0.5746768596129128, 0.35509402689542485, 0.8313769819419844, 0.14506544861328513, 0.13339736184130124, 0.37973118971194475, 0.22036795562179412, 0.1787229410401829, 0.6538914066065739]","[1.3837176103532087, 0.8355939167248833]",-27.737979888916016,0.52,3556.4368946196555,-75.62867942335447,0.0,6.0,0
453,"[0.7268362577907347, 0.487952165456239, 0.43989173283886807, 0.3484706783542402, 0.11395320909288975, 0.2679139242428944, 0.659569533072841, 0.35506101458853867, 0.2065798971298401, 0.6631833646572645]","[1.46325318912378, 0.8274713070415453]",-38.266761779785156,0.714,3469.024326893521,-38.611631634599405,0.0,6.0,0
454,"[0.4719166504687916, 0.4845381052140254, 0.39467514520674274, 0.8993158584352816, 0.6656802218181362, 0.6181662691585462, 0.383571455454499, 0.36930202665267364, 0.2053002494727881, 0.7763471562479674]","[1.4739730192741611, 0.8404820150033566]",-16.157772064208984,0.042,3063.8906508928567,100.35345736929034,0.0,6.0,0
455,"[0.5651075342834297, 0.36343533613966894, 0.35360832437502, 0.03653044548005693, 0.7391321608137014, 0.6393422436994662, 0.268271843299248, 0.3837871561363988, 0.10285103990626593, 0.31523670431209105]","[1.1988154212754156, 0.30231714769597573]",-35.85677719116211,1.0,2736.250535670879,58.781004684392485,1.0,6.0,0
456,"[0.17473110881146955, 0.5289959523999527, 0.3535340047346475, 0.6576422072083207, 0.7560231721078274, 0.6496715479279944, 0.28217139767930977, 0.3697120120581428, 0.17571567358549067, 0.2985362521053521]","[1.280154908127353, 0.32923217762360163]",-16.755558013916016,0.39,2296.0596645769433,-10.272194754125564,0.0,6.0,0
457,"[0.5550699664528167, 0.5749058909557709, 0.3647061627832409, 0.3306676586779681, 0.11784964452439528, 0.916857803025831, 0.6840332288672638, 0.7875231091930304, 0.2043490460318728, 0.6631833646572645]","[1.3568268671652173, 0.8374460954228211]",-36.51891326904297,0.688,3404.681847689292,-131.56797697139433,0.0,6.0,0
458,"[0.20839484890476115, 0.39303526324087956, 0.9281233921488323, 0.31867896643874516, 0.661098858252192, 0.19689892582921592, 0.5711743025681428, 0.35506101458853867, 0.32065472059355193, 0.6631833646572645]","[1.4672930331074414, 0.9487923437246758]",-39.21542739868164,0.279,3200.365969430845,-24.27247902047867,1.0,6.0,0
459,"[0.5523258586317689, 0.6696778816194084, 0.8808260526522196, 0.31867896643874516, 0.11784964452439528, 0.23169822139230722, 0.659569533072841, 0.35506101458853867, 0.3120527444826026, 0.6631833646572645]","[1.4752320531130627, 0.8376122873290436]",-25.591949462890625,0.688,3564.392276385575,-159.79316094450382,1.0,6.0,0
460,"[0.5011902312848355, 0.5295838336356472, 0.35633658311021965, 0.9157755950402996, 0.5771130237442562, 0.12343077240592393, 0.770652846524085, 0.78060207085936, 0.17643611298327208, 0.7690233588228061]","[1.3685470084227844, 0.942656505874681]",-34.54854202270508,0.067,3495.2172465133226,172.73893506630847,0.0,6.0,0
461,"[0.5537359149467003, 0.5162842003669005, 0.8811861793495235, 0.8013506537584082, 0.9674350531232736, 0.2451346541977113, 0.5862129729836747, 0.7488067160789553, 0.5887761640870863, 0.5995419822902612]","[1.4505459840157304, 0.8317114531160947]",-26.209781646728516,0.01,2505.03063406446,-25.38549468469779,0.0,6.0,0
462,"[0.5871752138804036, 0.4658314872440243, 0.40107828832214804, 0.33126577597317036, 0.7460940867439803, 0.6393422436994662, 0.268271843299248, 0.3837871561363988, 0.17640606033606235, 0.32749532700416484]","[1.3652565568622348, 1.1261034784121469]",-18.96282386779785,0.086,3026.2025325341688,31.291459556140495,0.0,6.0,0
463,"[0.552408054366378, 0.5160825876377318, 0.8811861793495235, 0.31867896643874516, 0.11784964452439528, 0.2319851530086657, 0.659569533072841, 0.35506101458853867, 0.3136704105070741, 0.664415587975363]","[1.2472319424638232, 0.8376184985603025]",-31.63851547241211,0.688,3334.7340966962643,-160.6491037149745,0.0,6.0,0
464,"[0.5393768602721059, 0.47140596767413495, 0.33781163204644216, 0.811728868797043, 0.657018828601184, 0.23169822139230722, 0.5385224693092415, 0.704713530128546, 0.1126520350872031, 0.6631833646572645]","[1.2542763572429418, 0.9564483230947827]",-29.141586303710938,0.083,2856.1190758582807,-103.37931954733205,0.0,6.0,0
465,"[0.5412056382232981, 0.5282426065621151, 0.44466301378678047, 0.8387916780627018, 0.651382663231283, 0.293560095557667, 0.7801297161620563, 0.3532556606165881, 0.422707811848558, 0.5994556433630249]","[1.3734980089032887, 1.2715472658002471]",-28.740232467651367,0.025,3148.2452370100846,62.82209180754418,0.0,6.0,0
466,"[0.7257141081948293, 0.5185000862174795, 0.8811861793495235, 0.2633094478475524, 0.11784964452439528, 0.23169822139230722, 0.659569533072841, 0.35506101458853867, 0.351138193375423, 0.6631833646572645]","[1.2365024304314944, 0.8247423959383122]",-45.67424011230469,0.688,3342.5914466724116,-78.7783575622654,0.0,6.0,0
467,"[0.7812059861261584, 0.29072160635351296, 0.40502383315402896, 0.07425568807393468, 0.651615657989992, 0.17805372425306576, 0.5712005916604079, 0.3528961858162494, 0.612551555820161, 0.27032513647835366]","[1.3063601776492075, 0.8224733033200127]",-44.79066848754883,1.0,2862.026820326731,-13.137074138002617,1.0,6.0,0
468,"[0.49590897348511054, 0.5241582148324915, 0.8811861793495235, 0.79966380570612, 0.9829516183734308, 0.17770977871462174, 0.6816552896030392, 0.2567542578437243, 0.5887761640870863, 0.8261115021892337]","[1.4511552912043677, 0.8341703558688421]",-33.66728973388672,0.012,2990.0864121487507,-232.5621504984253,0.0,6.0,0
469,"[0.5704245137801791, 0.5732240466941342, 0.8811861793495235, 0.31867896643874516, 0.11784964452439528, 0.1736632412192769, 0.5711743025681428, 0.34266836617089713, 0.313666741563808, 0.3385830411158035]","[1.2337445595447567, 0.8448489168884301]",-41.3836784362793,0.688,3033.0277741027458,-85.2784024086003,1.0,6.0,0
470,"[0.667040484759946, 0.5750441803055905, 0.8996623204677509, 0.31849802938382926, 0.12208440535301296, 0.1531181775073575, 0.6744736372298444, 0.35506101458853867, 0.3512881473617892, 0.6631833646572645]","[1.2365024304314944, 0.7164980812873959]",-45.67424011230469,0.658,3307.0850166672044,-261.4088960332713,0.0,6.0,0
471,"[0.5550738235572461, 0.5705804378097169, 0.9081553951009801, 0.3212351355951577, 0.11784964452439528, 0.234678127089411, 0.6854610366464577, 0.3746349455032919, 0.28030086594644765, 0.6631833646572645]","[1.4413334579816124, 0.8374385369146138]",-41.209659576416016,0.688,3681.0897319188525,-145.0755282723606,0.0,6.0,0
472,"[0.5565875859217443, 0.5065897072986599, 0.3123047732315316, 0.7533647294363044, 0.9862257514353664, 0.22992954900536666, 0.6355652321725755, 0.3704911227373303, 0.2739933395074705, 0.6639932937400113]","[1.4679243640838124, 0.8374460954228211]",-39.78342056274414,0.1,2963.873633629565,-84.08054833953327,0.0,6.0,0
473,"[0.16346545540818264, 0.5788667800272421, 0.8950197323012123, 0.3099003876592148, 0.050761800638425614, 0.7054625622226045, 0.39634467314241184, 0.7906796203887296, 0.1772297786451404, 0.29830276735556926]","[1.2354883006865727, 0.953806206216977]",-35.514522552490234,1.0,3230.587966380259,-224.70699030219083,1.0,6.0,0
474,"[0.5841089018982967, 0.4659103905012903, 0.4015652795098779, 0.11062600492079089, 0.652784802685132, 0.6368676857912989, 0.7675533448058087, 0.7838878865777834, 0.21788019969361963, 0.3035738856076533]","[1.459925080268639, 0.953806206216977]",-26.413610458374023,0.73,3438.5974970758957,141.3576530031837,0.0,6.0,0
475,"[0.0961064706462599, 0.5153093270141239, 0.8856876563247815, 0.8637837058100324, 0.6708229701510493, 0.6181662691585462, 0.37712077843816383, 0.7906803438331688, 0.27042875769021163, 0.7715370379067442]","[1.235099055358564, 0.9403956741574152]",-40.893795013427734,0.829,3113.00945765969,-107.5227116338175,0.0,6.0,0
476,"[0.839799493701467, 0.5353298164688574, 0.9160763008458945, 0.06892656360559662, 0.17212191272293254, 0.09662054466897585, 0.6581806717182079, 0.7764391999834646, 0.24438782359327113, 0.6626572399845077]","[1.462802028843813, 0.9325468938709304]",-61.621055603027344,1.0,4000.1286583830824,-353.3864289758458,1.0,6.0,0
477,"[0.7812059861261584, 0.2700653721861297, 0.40502383315402896, 0.35976916676988085, 0.6585775839202707, 0.17805372425306576, 0.7210187500848448, 0.2437591987822496, 0.6115621770495017, 0.28554389110852196]","[1.4732692068029052, 1.0882314079239577]",-32.19561004638672,0.155,3459.2052992439,16.13803710217661,0.0,6.0,0
478,"[0.5044395771615586, 0.5226120007466788, 0.3565041698871055, 0.8995992564512036, 0.10363696322380678, 0.8972987027661944, 0.694646313309984, 0.7731790674069401, 0.3150485497706739, 0.7724714019747543]","[1.1910521950278834, 0.8299391319499533]",-38.3045654296875,0.771,2927.2348588462664,-54.22490717246586,0.0,6.0,0
479,"[0.6682513527721298, 0.5331203874688707, 0.8812057391443376, 0.31867896643874516, 0.11784964452439528, 0.23172654066852852, 0.6733421329544879, 0.29682385857486016, 0.5836512702040665, 0.6631833646572645]","[1.4199018952968927, 0.8374460954228211]",-48.708065032958984,0.688,3160.219689321459,-108.00323084176762,0.0,6.0,0
480,"[0.5029325683412336, 0.48677046407508906, 0.8736195674256848, 0.6520981168659544, 0.6511326065350674, 0.22156365932572403, 0.37712077843816383, 0.37778787067995256, 0.28227782830591663, 0.7715370379067442]","[1.4618981825442245, 0.9427828955366788]",-24.62710189819336,0.012,3002.675861001871,-8.654847018358623,0.0,6.0,0
481,"[0.5943163988472372, 0.5050777256322513, 0.35413334888076514, 0.3430607888062859, 0.2510069615130892, 0.24616309992304242, 0.6691193716845764, 0.7912142206061533, 0.30295867367389984, 0.6630826968056549]","[1.314809447701586, 0.8374460954228211]",-36.8038330078125,0.189,3024.90362829533,-22.125873920011713,0.0,6.0,0
482,"[0.5409646385323854, 0.4672684011434851, 0.30730238486193223, 0.9051438366771739, 0.10964627916932823, 0.6166783669206473, 0.31400148667876027, 0.7906796203887296, 0.16726434830909215, 0.29830276735556926]","[1.2966261655643965, 0.8424599579151223]",-36.576045989990234,0.736,3671.805660183995,-233.54890907555597,2.0,6.0,0
483,"[0.5548518155511156, 0.5240750381704673, 0.8968776384787185, 0.31867896643874516, 0.11784964452439528, 0.2319851530086657, 0.659569533072841, 0.35506101458853867, 0.27792590769746367, 0.6631833646572645]","[1.2472319424638232, 0.8374560114324084]",-35.34648895263672,0.688,3392.0102193729285,-148.99532361386446,0.0,6.0,0
484,"[0.7086361967221316, 0.4861638473929561, 0.4003414038673946, 0.6520981168659544, 0.6511326065350674, 0.9051507074391362, 0.36219950559786185, 0.2381302297440171, 0.2064226800628115, 0.6088126994443568]","[1.4679294700528094, 1.0635296616701793]",-24.57951545715332,0.041,2921.073105736269,0.5695266616600065,0.0,6.0,0
485,"[0.5953501037170434, 0.5128960123920915, 0.3559904330323745, 0.3430607888062859, 0.25250804096691404, 0.18230768519280402, 0.6691193716845764, 0.1389319302419112, 0.30295867367389984, 0.6630873701863083]","[1.314809447701586, 0.8374460954228211]",-25.44072151184082,0.184,3098.2685009617544,-22.223179709817487,0.0,6.0,0
486,"[0.6848261800707934, 0.5289772169535142, 0.35298638185040115, 0.9157755950402996, 0.5771130237442562, 0.13195855169858495, 0.770652846524085, 0.2280566951506835, 0.17351599605252874, 0.5940403977074273]","[1.2081381669575282, 0.2634600890801409]",-39.441200256347656,0.068,2497.0269394109173,-53.08806923167282,0.0,6.0,0
487,"[0.5525466640157977, 0.5749058909557709, 0.8811861793495235, 0.31867896643874516, 0.11784964452439528, 0.17837038075039602, 0.659569533072841, 0.34104687262801137, 0.31398712113724014, 0.6567803070727234]","[1.2416124628731218, 0.8374498002011496]",-39.728546142578125,0.688,3463.2870657597073,-198.56920337393507,0.0,6.0,0
488,"[0.5333652808707725, 0.6735327656209443, 0.3549173343096512, 0.2968141521764011, 0.11365431723968161, 0.5697833466344651, 0.37050052710804804, 0.7916558620938535, 0.2761502157559168, 0.33180114002307215]","[1.4558462354684076, 0.8348039785450154]",-26.987457275390625,0.714,3344.2700112710872,-67.04291603729655,2.0,6.0,0
489,"[0.047006134664581256, 0.5130976251212601, 0.8907116516637288, 0.7881763802502495, 0.9494796867346853, 0.23163113789271753, 0.5821120921624929, 0.11826522706533898, 0.3062309920151362, 0.4971136280083073]","[1.4461464317095627, 0.8373014271117503]",-41.02048110961914,1.0,3397.924042901723,-104.85234181571354,0.0,6.0,0
490,"[0.553605461074088, 0.516115673166419, 0.8811861793495235, 0.8179053069781197, 0.9829516183734308, 0.1749946929253554, 0.6824022056533209, 0.0963387187508983, 0.5887761640870863, 0.6639046837418425]","[1.4505459840157304, 0.831920091381988]",-39.53239822387695,0.01,3036.742710349026,-50.23207456455509,0.0,6.0,0
491,"[0.5704245137801791, 0.5663258837117867, 0.8811861793495235, 0.31867896643874516, 0.11784964452439528, 0.23169822139230722, 0.7255931395991944, 0.2459240275545423, 0.313666741563808, 0.668039359864556]","[1.4736006413738176, 1.079370490544906]",-41.43647384643555,0.688,4015.174222954138,-189.25218607949267,0.0,6.0,0
492,"[0.7213510874485923, 0.8915333916225701, 0.39337913230766336, 0.8551199968042265, 0.8431554379860872, 0.9119880755167471, 0.5352627394074744, 0.5053148556320619, 0.9705673346649648, 0.5825258274782974]","[1.418966771076151, 1.2101309473652428]",-18.760286331176758,0.043,2723.1518374859174,139.27942108441033,0.0,6.0,0
493,"[0.18549143738891757, 0.43430565395210985, 0.3620209204495118, 0.9051438366771739, 0.7560231721078274, 0.6348089452339714, 0.28217139767930977, 0.8028507816787994, 0.1653400385563801, 0.6640018336918551]","[1.305082231508138, 0.32391478041777855]",-35.77671813964844,0.349,3347.300708561831,-154.20031038675745,1.0,6.0,0
494,"[0.5582666712640506, 0.5307648501886911, 0.8812162518566641, 0.31867896643874516, 0.11784964452439528, 0.1499703847205987, 0.6584380287974846, 0.35506101458853867, 0.6231104304180892, 0.6631833646572645]","[1.4199018952968927, 0.8432702877122579]",-38.64032745361328,0.688,3321.4485863186324,-89.31045593164669,0.0,6.0,0
495,"[0.5564356919134061, 0.5748482721790208, 0.8820777586045688, 0.33045857917888033, 0.1097144521699534, 0.22800293046029535, 0.6581417252936472, 0.35506101458853867, 0.2733500683774699, 0.6631833646572645]","[1.2365024304314944, 0.8249918228658905]",-42.333229064941406,0.736,3411.901812638498,-132.1330641922293,0.0,6.0,0
496,"[0.5105189343657377, 0.4869455686545567, 0.39467514520674274, 0.8993158584352816, 0.6511326065350674, 0.6181662691585462, 0.37712077843816383, 0.7906803438331688, 0.2064226800628115, 0.850281736694542]","[1.4038991932868312, 0.9355828134514658]",-23.845752716064453,0.042,3195.2609105969723,-94.33006829582246,0.0,6.0,0
497,"[0.18801785914583077, 0.4601197993967835, 0.3778953513411974, 0.660281705444601, 0.5618004788128244, 0.6394138697245704, 0.37783622234375924, 0.8068705341918191, 0.2027393535981177, 0.7715365873845879]","[1.2909606380543819, 0.8285904806474735]",-23.910234451293945,0.34,3025.318114038404,-60.11145765203645,0.0,6.0,0
498,"[0.02776003032478383, 0.2940800899444059, 0.4129559779051332, 0.7984916838500158, 0.651382663231283, 0.2934930120580773, 0.7801297161620563, 0.3532556606165881, 0.42562426784927787, 0.5246540963189704]","[1.3734980089032887, 1.2715472658002471]",-30.8333683013916,1.0,3871.411132997788,-43.556640171778156,1.0,6.0,0
499,"[0.4990362824286323, 0.5217362674476685, 0.8543893160165188, 0.751145857214965, 0.10363696322380678, 0.9051507074391362, 0.694646313309984, 0.3686669797790729, 0.3150485497706739, 0.7724718524969107]","[1.4532054261127585, 0.9392495254555444]",-44.40589904785156,0.771,3359.62150130218,58.108011595582894,0.0,6.0,0
