eval_id,x,hub,f1,f2,f3,g1,g2,g3,feasible
0,"[0.17893481367543618, 0.4672684011434851, 0.3549173343096512, 0.9051438366771739, 0.652784802685132, 0.6399131657151546, 0.37050052710804804, 0.790518245853265, 0.17735319182304865, 0.29830276735556926]","[0.6423134569639611, 1.0768760939477686]",-28.648828506469727,0.01,2518.0807980310824,-79.77996047064914,2.0,0.0,0
1,"[0.9669622001623905, 0.6358708041446514, 0.5151536963223518, 0.4483805454001032, 0.27789921550015906, 0.9198501605372782, 0.7527320970790866, 0.82589525837557, 0.33881245331376186, 0.22633305684340344]","[0.6423134569639611, 1.0768760939477686]",-39.573699951171875,0.0,2402.9590688354106,16.739684459824502,3.0,0.0,0
2,"[0.5258168433452484, 0.6631806204725954, 0.4477019015387208, 0.19539759987155403, 0.43531315595064457, 0.43091206068443144, 0.012840482366806572, 0.3651808011323914, 0.5948658710060528, 0.2999915037451498]","[0.6423134569639611, 1.0768760939477686]",-21.06226348876953,0.01,2554.3120365386494,141.40768751578332,1.0,0.0,0
3,"[0.20941612123621955, 0.7974623155214327, 0.34510057866729216, 0.5633773745025455, 0.9004495990042221, 0.8746240571921795, 0.606709676684979, 0.9468197909796484, 0.43276273961995204, 0.3193418039018624]","[0.6423134569639611, 1.0768760939477686]",-45.213966369628906,0.07,2616.8512539531534,-4.157631145781522,3.0,0.0,0
4,"[0.6959948701337834, 0.2615530463118, 0.22789197890735768, 0.5800284530205562, 0.7312406583584447, 0.3138203272623701, 0.7008408895008554, 0.4931103229848808, 0.18890636475445843, 0.5484830646246303]","[0.6423134569639611, 1.0768760939477686]",-32.37224197387695,0.01,2697.7482547676727,-32.07318548538768,1.0,0.0,0
5,"[0.6215032596259377, 0.42019325992063383, 0.46997091240616984, 0.5771775044961992, 0.0018023536068190182, 0.3721443167968299, 0.49482967791705623, 0.6756392228496231, 0.4162706429924663, 0.7940310607755042]","[0.6423134569639611, 1.0768760939477686]",-35.898887634277344,0.42,2242.0035741318384,147.75899994041845,2.0,0.0,0
6,"[0.5193842211443356, 0.49995502241119394, 0.9047040725533528, 0.05873521751558297, 0.7300645778190835, 0.32654466381127, 0.09344593349461805, 0.9897361675845034, 0.3582312185913814, 0.3142381312178827]","[0.6423134569639611, 1.0768760939477686]",-52.07240676879883,0.0,3134.758594336709,-99.72895453213295,4.0,0.0,0
7,"[0.5670497583644489, 0.7742121576308749, 0.8883954263166767, 0.1602743126680698, 0.023632428671776062, 0.4165709623150299, 0.9584644009640338, 0.6209354652000495, 0.9470620833116628, 0.29770945642086144]","[0.6423134569639611, 1.0768760939477686]",-63.582733154296875,0.42,3283.092562573861,-341.85993032965564,2.0,0.0,0
8,"[0.2816134931005958, 0.48736306607251145, 0.012857887744930352, 0.4914833323409261, 0.5640238638655345, 0.6718259817227047, 0.09288854875744723, 0.6043157467736379, 0.6013821213404011, 0.89045910829968]","[0.6423134569639611, 1.0768760939477686]",-36.01071548461914,0.02,2512.0101462055754,-116.95764112295899,3.0,0.0,0
9,"[0.9183968578705968, 0.9421208694705342, 0.6390262522229664, 0.5460602299006425, 0.23326320620013874, 0.188257161102365, 0.7877266263227836, 0.6596072674909493, 0.9172632996428407, 0.5993159922695809]","[0.6423134569639611, 1.0768760939477686]",-34.026126861572266,0.01,2912.4788688758845,-204.5200848446077,2.0,0.0,0
10,"[0.8142430618716505, 0.615508274358867, 0.7660363414662829, 0.6068143810342034, 0.6283478623630906, 0.13476145162112996, 0.40283347552957394, 0.06771436062054059, 0.8570786899866468, 0.32133769545352076]","[0.6423134569639611, 1.0768760939477686]",-8.531303405761719,0.0,1842.366634701642,114.499686236121,1.0,0.0,0
11,"[0.6557960559218892, 0.6685927884100901, 0.2799917441958927, 0.08390938896269085, 0.23169822139230722, 0.33815284273601076, 0.1283444014420535, 0.032718378196915365, 0.5547696198165065, 0.5160825876377318]","[0.6423134569639611, 1.0768760939477686]",-45.35253143310547,0.01,3196.8369193359695,-2.6116797505108025,3.0,0.0,0
12,"[0.659569533072841, 0.35506101458853867, 0.313666741563808, 0.6631833646572645, 0.47300486086298876, 0.8811861793495235, 0.31867896643874516, 0.11784964452439528, 0.8196545814372104, 0.5582973969485474]","[0.6423134569639611, 1.0768760939477686]",-17.50359344482422,0.0,1755.710816828849,149.27164547003017,1.0,0.0,0
13,"[0.9584801136956184, 0.7450348866476518, 0.2157905760841189, 0.7173945053263936, 0.34378554600189437, 0.6989151716524886, 0.8894983573045284, 0.6501660583206906, 0.8422279297235258, 0.6887947057130477]","[0.6423134569639611, 1.0768760939477686]",-23.675552368164062,0.01,1810.8078385809667,160.7368877929929,1.0,0.0,0
14,"[0.6044006058026058, 0.10168575708216332, 0.9634847481204788, 0.11363799358817561, 0.1009807921059821, 0.4093610338226653, 0.35304843378314044, 0.21652350161279854, 0.36767942473700777, 0.2671989318362714]","[0.6423134569639611, 1.0768760939477686]",-40.7098274230957,0.0,2789.0601508951813,220.5130222955224,4.0,0.0,0
15,"[0.9144561221029246, 0.5858895145468258, 0.6679799243985048, 0.7898093832755049, 0.1836603870914313, 0.3187820814455795, 0.23874477955495155, 0.12765638766488252, 0.4229460447715928, 0.758249565648491]","[0.6423134569639611, 1.0768760939477686]",-22.85169219970703,0.02,2984.723167485701,21.788233872218285,3.0,0.0,0
16,"[0.5542825390272328, 0.24062604181377323, 0.36528505670346056, 0.96536926984468, 0.12046907762387415, 0.4381450103309691, 0.7813658931947177, 0.043090690634595696, 0.03046480812489505, 0.46581253099537934]","[0.6423134569639611, 1.0768760939477686]",-48.83353042602539,0.02,3813.1700574173274,-310.7544861799364,2.0,0.0,0
17,"[0.20785494157193374, 0.5675652419333407, 0.9363122242578448, 0.8533136562599993, 0.8114328725032335, 0.3351350375860954, 0.9578419522589532, 0.07389597584523522, 0.16782365513224518, 0.2963472178481993]","[0.6423134569639611, 1.0768760939477686]",-41.63924026489258,0.01,2851.4968203488625,43.09507077192737,4.0,0.0,0
18,"[0.7178343572828981, 0.850551259756355, 0.2754808528630017, 0.7392607956370342, 0.6629613377688489, 0.7187932050275267, 0.9796258488514935, 0.6283084586743911, 0.07962933757560675, 0.32151551530824796]","[0.6423134569639611, 1.0768760939477686]",-53.595947265625,0.0,2714.4400545057983,-170.72017157700702,1.0,0.0,0
19,"[0.16146904266095086, 0.46188359707756765, 0.6419175904033568, 0.9051507074391362, 0.28879164900942544, 0.5494715578347591, 0.5770798329599061, 0.49866886134850175, 0.17791419839100442, 0.35622164118008504]","[0.6423134569639611, 1.0768760939477686]",-34.25837707519531,0.01,2757.8117809691385,-75.27726953416715,1.0,0.0,0
20,"[0.774382020078661, 0.2064226800628115, 0.7715370379067442, 0.07837290492218618, 0.8953850271326209, 0.6520981168659544, 0.7444418905939161, 0.7702414655724522, 0.21213914882577256, 0.8794320598717107]","[0.6423134569639611, 1.0768760939477686]",-42.62029266357422,0.02,2833.216705598921,55.03930560159341,2.0,0.0,0
21,"[0.20557265759667276, 0.26268325844768114, 0.02094484416240605, 0.27068090144591017, 0.5879702166328254, 0.5513756583147158, 0.41628477156613086, 0.28176023673675177, 0.9191304909520741, 0.1775164934316158]","[0.6423134569639611, 1.0768760939477686]",-39.23221206665039,0.07,2673.351073874237,7.557674429773186,2.0,0.0,0
22,"[0.4275645425413398, 0.6373601174260564, 0.42099270734434335, 0.5749995088018878, 0.5529869643862163, 0.49293616218995406, 0.5324478498483587, 0.3107930117753044, 0.9758320136707291, 0.8870121467184444]","[0.6423134569639611, 1.0768760939477686]",-21.458051681518555,0.01,1621.8674517239035,99.48995108251174,3.0,0.0,0
23,"[0.015272435183649069, 0.8647679793230478, 0.4875580786370386, 0.29526571288950065, 0.3657350555800003, 0.2030974028229966, 0.5694728969947693, 0.36880428868132864, 0.6788297965535495, 0.43523470740661496]","[0.6423134569639611, 1.0768760939477686]",-44.21868133544922,0.01,2946.755654057053,20.738577437012736,1.0,0.0,0
24,"[0.7768482879275864, 0.9936568534146455, 0.1381690550005069, 0.49465670555808827, 0.11771307998234448, 0.9461829725207951, 0.4849152370071329, 0.024923602435105274, 0.0763549914853281, 0.23483907948984994]","[0.6423134569639611, 1.0768760939477686]",-37.90608215332031,0.0,3188.7237762510704,-99.51286038756263,4.0,0.0,0
25,"[0.9919930979414978, 0.11013211899741604, 0.6220697409528387, 0.3547334554703645, 0.9761006353570684, 0.16222855752056586, 0.9159237744769517, 0.739900702350839, 0.9338325089891943, 0.5584557017778705]","[0.6423134569639611, 1.0768760939477686]",-30.92024040222168,0.43,2818.4419864311744,-156.75601786757983,4.0,0.0,0
26,"[0.9868402765278871, 0.43974028393442544, 0.6442476693303388, 0.5149392859956807, 0.8756598515631787, 0.505794352818757, 0.7854340014599015, 0.2005303566832357, 0.01645945948648464, 0.5424458861963711]","[0.6423134569639611, 1.0768760939477686]",-32.09645080566406,0.0,2681.43778202676,56.89214017769791,2.0,0.0,0
27,"[0.04618702854343115, 0.9994364677711847, 0.43132345380885195, 0.010231902156670136, 0.33099943817048805, 0.9377589260828116, 0.7373054252872605, 0.5914192820348003, 0.10844932301271404, 0.4112686884886242]","[0.6423134569639611, 1.0768760939477686]",-56.161827087402344,0.99,3645.636572639265,-91.66607698869865,3.0,0.0,0
28,"[0.7559488323569789, 0.11610473609591099, 0.8880321199869642, 0.7419162010314087, 0.5220921065907778, 0.17072977658825428, 0.6974639333086391, 0.8796672522975737, 0.9835673000846709, 0.7744687729754793]","[0.6423134569639611, 1.0768760939477686]",-42.035125732421875,0.02,2799.6976566701524,-46.81450397997753,2.0,0.0,0
29,"[0.4171774343880905, 0.9108220921659664, 0.7464710369587361, 0.11221292406831795, 0.5101225863270002, 0.3532556606165881, 0.43070700374480275, 0.4970226157004175, 0.1268760779065603, 0.7076778979003703]","[0.6423134569639611, 1.0768760939477686]",-44.84500503540039,0.0,2708.457057102499,-43.37359375375945,2.0,0.0,0
30,"[0.7424842116732404, 0.00921065799657117, 0.18956699187220505, 0.5664491371813656, 0.4590016363424163, 0.3356970836114517, 0.5333564262211142, 0.32011996751753846, 0.3918329723107977, 0.050458948610459076]","[0.6423134569639611, 1.0768760939477686]",-51.847232818603516,0.02,3153.9088027822118,-55.94526327800804,4.0,0.0,0
31,"[0.18301541483209494, 0.5118814273652947, 0.8573010008865969, 0.3995968392250302, 0.09751514963535424, 0.8418955837519252, 0.8851177060251493, 0.19316997569865946, 0.5257783000795696, 0.08535616172648453]","[0.6423134569639611, 1.0768760939477686]",-57.462852478027344,0.07,3399.86392751079,-300.81804733205456,2.0,0.0,0
32,"[0.841486558403682, 0.38328936307170336, 0.5179331099356654, 0.3151851034187104, 0.8929563307131257, 0.8267136201588152, 0.7065846822128775, 0.7476535197594388, 0.47403622225949027, 0.8166440705290728]","[0.6423134569639611, 1.0768760939477686]",-26.07138442993164,0.0,1813.9305274417757,164.59166259984994,1.0,0.0,0
33,"[0.30996375517120167, 0.3987189364419349, 0.7115105508132997, 0.8270938070133592, 0.9606887020277379, 0.8817710808483114, 0.6823799448443975, 0.40168496892501016, 0.4653517170757224, 0.9366989347480371]","[0.6423134569639611, 1.0768760939477686]",-39.169429779052734,0.02,2506.203156754935,32.07200877485786,4.0,0.0,0
34,"[0.9002654171528618, 0.14704654594174182, 0.7411145400827215, 0.5292209856627658, 0.16078650452811283, 0.9083534610543227, 0.6483341011050769, 0.5287591672457896, 0.20143090853695012, 0.7831343292771509]","[0.6423134569639611, 1.0768760939477686]",-50.93180847167969,0.02,3015.3109668756897,26.171151451205162,2.0,0.0,0
35,"[0.1496055765932932, 0.07706848791542142, 0.024011331493556054, 0.2929158759379945, 0.2864487199904745, 0.7281969713021883, 0.41225211081351676, 0.6603726714939671, 0.46770008428541465, 0.5157744326426499]","[0.6423134569639611, 1.0768760939477686]",-14.365425109863281,0.04,2117.2942686434612,171.15515516819812,2.0,0.0,0
36,"[0.6576467600079774, 0.7770490207042496, 0.9421656316593494, 0.8731312620415899, 0.993906309433891, 0.16691335878547553, 0.7825153662907529, 0.38069524000658606, 0.09368549297431539, 0.21220747485396863]","[0.6423134569639611, 1.0768760939477686]",-13.633962631225586,0.0,2218.6614588444713,-30.023933099419025,2.0,0.0,0
37,"[0.3738491444106369, 0.8351417342075574, 0.9624014436858985, 0.8918217642332203, 0.2362906836924623, 0.0935034547745921, 0.4859329784263382, 0.14461570487334963, 0.35954611893234156, 0.6571231551575867]","[0.6423134569639611, 1.0768760939477686]",-44.99790573120117,0.01,3518.6205401657176,21.14482454058637,4.0,0.0,0
38,"[0.030188469259489592, 0.4736051880661374, 0.4341822332207885, 0.24864819916465264, 0.5982968449905018, 0.5254697248274498, 0.04850513258211875, 0.3049191826586233, 0.9302937489130779, 0.1541575029427562]","[0.6423134569639611, 1.0768760939477686]",-39.55205535888672,0.11,2877.700667685883,-20.386053971719264,4.0,0.0,0
39,"[0.7571316253352183, 0.5988506638162991, 0.6385458531009636, 0.28353426632010625, 0.6181307496852578, 0.36956669018657895, 0.3799349341788377, 0.681937037573606, 0.8310576876132559, 0.6052685945074544]","[0.6423134569639611, 1.0768760939477686]",-19.99098777770996,0.02,2073.533976829782,119.76808342748106,2.0,0.0,0
40,"[0.21800593004626811, 0.3953770523791057, 0.054731143300722596, 0.3164785602685367, 0.07482644255422188, 0.25396254580418, 0.03387269818171201, 0.662682068619064, 0.720244476030497, 0.7401312499629299]","[0.6423134569639611, 1.0768760939477686]",-30.873035430908203,0.07,2547.2109537865017,118.64511945326655,3.0,0.0,0
41,"[0.21417883012053884, 0.9065322424574986, 0.3942866712901717, 0.7611131728418318, 0.08229124940952703, 0.8695515555783495, 0.6893133058623288, 0.025647897127963226, 0.562817570968351, 0.5707371869026688]","[0.6423134569639611, 1.0768760939477686]",-48.13214874267578,0.07,3486.928163913906,-69.22652875966133,3.0,0.0,0
42,"[0.006155669335288327, 0.613256681670192, 0.2906059077682427, 0.33109368071345846, 0.9314994667781543, 0.4513766078981988, 0.8026586252465906, 0.23204551611998447, 0.05919464671039454, 0.8806350809002281]","[0.6423134569639611, 1.0768760939477686]",-46.13884353637695,0.01,2992.714452080471,-43.87935080221206,3.0,0.0,0
43,"[0.6021361701813102, 0.08362765145734896, 0.12499955865727308, 0.7854702016115908, 0.4115541827996497, 0.07458742422196396, 0.9320824085782379, 0.14566874185476875, 0.3015314021630472, 0.4100234308800571]","[0.6423134569639611, 1.0768760939477686]",-51.40578842163086,0.64,3768.39583975796,-234.23620778494234,3.0,0.0,0
44,"[0.70006605596892, 0.8122050151262458, 0.29045961628587613, 0.7550132519180535, 0.6089078108765937, 0.47233225860496875, 0.4959391441876757, 0.19457688761579417, 0.2195079915141478, 0.6014041791288685]","[0.6423134569639611, 1.0768760939477686]",-27.71138572692871,0.0,2455.3192669550895,61.00720955656993,1.0,0.0,0
45,"[0.9632475898482437, 0.2075204227297318, 0.33089948499767685, 0.895368602951573, 0.2225521522559719, 0.08962073043795493, 0.6615530572198147, 0.12858287186718842, 0.7314763939923757, 0.09521030422128629]","[0.6423134569639611, 1.0768760939477686]",-40.713768005371094,0.01,3872.3654825993517,63.05103770130253,4.0,0.0,0
46,"[0.8424122866034477, 0.9295786250874855, 0.23087836206189072, 0.41791291612573434, 0.0043001907504852666, 0.5699619505238555, 0.5171815371217462, 0.13356210614198927, 0.6840174887857596, 0.3953518057604567]","[0.6423134569639611, 1.0768760939477686]",-48.61430740356445,0.01,3074.127338912807,82.1672805883054,3.0,0.0,0
47,"[0.4038284511492043, 0.1949619252207303, 0.32508812283388366, 0.8276226232184107, 0.25882907767580354, 0.6710113104026503, 0.8760714488267184, 0.8268079808374883, 0.8848800971002195, 0.8398657742651049]","[0.6423134569639611, 1.0768760939477686]",-27.955842971801758,0.11,1643.7974109435372,139.4453735146278,3.0,0.0,0
48,"[0.23050736777684355, 0.17768312108581985, 0.07519442630360906, 0.012996611642042799, 0.8380952953924874, 0.3994430020003472, 0.484130910594359, 0.9568421661505032, 0.4965961443363097, 0.13251492264908082]","[0.6423134569639611, 1.0768760939477686]",-33.00898361206055,0.92,3287.831879943534,85.64826711118621,2.0,0.0,0
49,"[0.5971018283213804, 0.7575365645348388, 0.8250134678055777, 0.5828599453946457, 0.10742835312995902, 0.5310825299332868, 0.6985947417360271, 0.79328366533945, 0.3499641877600487, 0.16381779297574706]","[0.6423134569639611, 1.0768760939477686]",-45.72307586669922,0.0,2296.342027528988,58.21565288645044,1.0,0.0,0
50,"[0.5289085298528686, 0.6641391335921067, 0.6039754852872848, 0.616537300295239, 0.4695652373439121, 0.7263363761202419, 1.0, 0.6251767062101132, 0.8903722286838572, 0.23229884334961898]","[0.6423134569639611, 1.0768760939477686]",-26.063472747802734,0.0,1544.332465849756,52.807901939274274,3.0,0.0,0
51,"[0.7546550393396221, 1.0, 0.24495460596054744, 0.6018454087467837, 0.801121751177792, 0.6174489027714388, 0.7350353049381502, 0.7723371768879865, 0.6167055098254491, 0.4144549980376752]","[0.6423134569639611, 1.0768760939477686]",-26.436304092407227,0.02,2474.0057101248594,-2.6831845134607875,2.0,0.0,0
52,"[0.8603648947119849, 0.0, 0.08412980336127547, 0.44189404920491737, 0.5722380377829965, 0.9499883721364254, 0.7011020934795147, 0.38702434047724377, 0.378461430637176, 0.5896638804126286]","[0.6423134569639611, 1.0768760939477686]",-28.05132293701172,0.14,2741.378250075196,-161.63832240776486,1.0,0.0,0
53,"[0.8596619209715143, 0.451426533924445, 0.9609904999262455, 0.5576413090066322, 0.5372641904423735, 0.7774973463472407, 0.8246330779023018, 0.6420741917921948, 0.6158857849187395, 0.7335832647072471]","[0.6423134569639611, 1.0768760939477686]",-19.994081497192383,0.01,1759.0175592368407,52.92130009228467,2.0,0.0,0
54,"[0.36973393503349145, 0.39975882346347735, 0.807744652811566, 0.5937558444742871, 0.11581249454064163, 0.4346925203865247, 0.6913411151361835, 0.7557594636062117, 0.7594886194349174, 0.1991388632782705]","[0.6423134569639611, 1.0768760939477686]",-43.237335205078125,0.0,2242.4339331727856,-90.69390670308564,1.0,0.0,0
55,"[0.5164014730410315, 0.5574801578804569, 0.8233366267351683, 0.615961556795035, 0.1441302683858459, 0.6124738821599198, 0.6521467041543968, 0.9313472821971994, 0.7287146938054009, 0.2967534026134553]","[0.6423134569639611, 1.0768760939477686]",-44.671627044677734,0.0,1939.6230791305845,156.81996699754586,1.0,0.0,0
56,"[0.8738453052025137, 0.5965159454663169, 0.0, 0.5634177328179202, 1.0, 0.5110173539585785, 1.0, 0.08330445784490088, 1.0, 1.0]","[0.6423134569639611, 1.0768760939477686]",-8.565731048583984,0.01,3277.193211179649,196.8368638895496,5.0,0.0,0
57,"[0.7827112006760613, 0.8518506692760811, 0.5706328198214627, 0.5823318983279008, 0.6939384110456338, 0.7980545913433502, 0.6120696554325683, 0.4788123342917946, 0.14174512202312708, 0.5191431809387451]","[0.6423134569639611, 1.0768760939477686]",-34.91188430786133,0.0,1934.688126197652,35.77924473170603,0.0,0.0,0
58,"[0.09894357784009734, 0.6805694970139363, 0.6979152513196188, 0.46724461530555017, 0.48415782637041016, 0.6021755557288486, 0.5594169897839057, 0.44894696008775187, 0.45403205468753244, 0.2298402980247123]","[0.6423134569639611, 1.0768760939477686]",-36.08366394042969,0.01,2472.0238445224572,65.62930782458488,2.0,0.0,0
59,"[0.6482071373558225, 0.7327943022575684, 0.6234953228436744, 0.8353729727921395, 0.5913259892904419, 0.8084327596804705, 0.6138507420491875, 0.9098183229896177, 0.1455709778455765, 0.950281798053439]","[0.6423134569639611, 1.0768760939477686]",-17.622352600097656,0.01,1640.1151289563709,165.84598106056217,2.0,0.0,0
60,"[0.6487058642333415, 0.8988182343406783, 0.6538592417345518, 0.6140947215249624, 0.6444647007389533, 0.6630812627669622, 0.7524553999070936, 0.5642544265895015, 0.01170785025408734, 0.42009521151446005]","[0.6423134569639611, 1.0768760939477686]",-37.53397750854492,0.0,2220.1715926214924,87.0664697565933,0.0,0.0,0
61,"[0.4753126272541971, 0.6421766846346701, 0.6553285348495876, 0.5158134886262091, 0.12276363141594054, 0.6925847929018609, 0.7616781420066064, 0.8056951037281592, 0.6730124513230246, 0.37948953824246706]","[0.6423134569639611, 1.0768760939477686]",-29.692489624023438,0.0,1647.133548735785,177.0304532376759,2.0,0.0,0
62,"[0.470822270485657, 0.5851433265567335, 0.964934765775878, 0.6029995278495819, 0.5224158554717157, 0.610450486845508, 0.5657125563060131, 0.6494285076976797, 1.0, 0.43259095685158605]","[0.6423134569639611, 1.0768760939477686]",-23.712961196899414,0.01,1927.547957255748,47.396828009109896,2.0,0.0,0
63,"[0.5724826041405263, 0.572523779471411, 0.5271980391655293, 0.5021858754435858, 0.45733383499618024, 0.9596098208823305, 0.6316207204839733, 0.4205945229609586, 0.02983490281086474, 0.6275680349968853]","[0.6423134569639611, 1.0768760939477686]",-33.0916748046875,0.01,1978.5336543175147,59.89989685466685,2.0,0.0,0
64,"[0.5955008599451891, 0.7599644527183147, 0.35823082308152293, 0.5515642273951538, 0.6287880002885003, 0.8530002547866671, 0.8435836434305944, 0.48783445362155076, 0.11995432753654905, 0.38995989572292766]","[0.6423134569639611, 1.0768760939477686]",-32.08426284790039,0.0,2329.108528363123,-22.552176689964767,2.0,0.0,0
65,"[0.5584505608666707, 0.5534153893410496, 0.6730698480799479, 0.7065432098875024, 0.29499344337230876, 0.768741315579284, 0.7124070804987713, 1.0, 0.8052688405652674, 0.022356229841982177]","[0.6423134569639611, 1.0768760939477686]",-45.91471862792969,0.0,2043.8629896670498,157.73625922829757,2.0,0.0,0
66,"[0.7003016769938744, 0.5449266564672857, 0.19470209394726118, 0.7938142985127281, 0.19787249703087306, 0.7912626748534384, 0.3041493093871958, 0.6635900533838123, 0.2722051688344561, 0.6654257169127261]","[0.6423134569639611, 1.0768760939477686]",-45.26839828491211,0.01,2597.1289933822627,245.89425409894358,4.0,0.0,0
67,"[0.2604689016501332, 0.41442143014728683, 0.613320893664912, 0.43630424030638976, 0.20227299644369112, 0.6646949520595241, 0.6263697881810518, 0.27062942470542567, 0.6546800452398349, 0.08828255898205503]","[0.6423134569639611, 1.0768760939477686]",-30.34221649169922,0.01,2535.734318062813,192.3644767320069,1.0,0.0,0
68,"[0.06333468400445291, 0.07315077724432938, 0.4855355775188525, 0.5163225602522102, 0.2765118810431953, 0.890040192393786, 0.49019189248316225, 0.428467742291761, 1.0, 0.265473750156887]","[0.6423134569639611, 1.0768760939477686]",-38.70685577392578,0.49,2636.3750290014445,-189.76584423731134,3.0,0.0,0
69,"[0.6137791682885235, 0.509995529884665, 0.7172433672305492, 0.8827604825870681, 0.465285322842073, 0.460710788724811, 0.6348708206909932, 0.6624378415398495, 0.47103053076897533, 0.30415750634934563]","[0.6423134569639611, 1.0768760939477686]",-22.716636657714844,0.0,2169.63115720123,-85.89354949166733,2.0,0.0,0
70,"[0.6520632239126594, 0.537519983674919, 0.7658951064899244, 0.2578310030000657, 0.6185043052977348, 0.5762130145448483, 0.5535223120161314, 0.6035422458296185, 0.0, 0.6213680068721779]","[0.6423134569639611, 1.0768760939477686]",-26.055742263793945,0.0,2258.770771590802,158.23446724951197,1.0,0.0,0
71,"[0.6600539605021278, 0.8574708705634893, 0.7893450014055342, 0.15018391949638257, 0.5831520197610504, 0.8430794419218539, 0.31687667632702105, 0.0, 0.4096512756595137, 0.7288284132526022]","[0.6423134569639611, 1.0768760939477686]",-38.54414367675781,0.0,2881.8643144259113,22.46649542857668,1.0,0.0,0
72,"[0.7547461327275644, 0.18197481865751272, 0.6481068227641016, 0.5803808814911912, 0.6658768956634631, 0.6196367302215994, 0.6755381247531033, 0.43064565766935775, 1.0, 0.8209562305047219]","[0.6423134569639611, 1.0768760939477686]",-25.829540252685547,0.01,2065.7660778333584,-78.6788157780041,2.0,0.0,0
73,"[0.63892309347942, 0.4240446480719427, 0.07734622272697418, 0.6090936483823415, 0.5978708729702851, 0.686936247729151, 0.2716779323535763, 0.0055948669737131765, 1.0, 0.0]","[0.6423134569639611, 1.0768760939477686]",-37.70016098022461,0.01,2708.8925251625847,-272.1308435464516,3.0,0.0,0
74,"[0.8133466513470433, 0.7732918018949189, 0.3744576219213142, 0.7575611900745709, 0.6604814880658291, 0.8319680319506303, 0.7747792232790894, 0.8600612487950896, 0.18632580309167274, 0.37601987104947404]","[0.6423134569639611, 1.0768760939477686]",-38.54610824584961,0.01,2234.3933495084048,135.6330838423624,2.0,0.0,0
75,"[0.8291439659888055, 0.9498580350651404, 0.583991553950456, 0.5710510604595337, 0.6683129211747316, 0.47602338133606953, 0.6333914835838484, 0.49512795660623504, 0.012925559987596653, 0.4920807069085654]","[0.6423134569639611, 1.0768760939477686]",-26.267208099365234,0.0,2443.9836011124926,111.37405492239543,1.0,0.0,0
76,"[0.5404066984966379, 0.8900071068323189, 0.6178912601428541, 0.5415071233095359, 0.7342349238350537, 0.9993546922678107, 0.5599631290294885, 0.4690833636008308, 0.18202009997477006, 0.6134288616265648]","[0.6423134569639611, 1.0768760939477686]",-38.654212951660156,0.01,2011.7245261500912,-22.48444142021725,1.0,0.0,0
77,"[0.665846000211228, 0.22003148219343566, 0.7330928257812521, 0.6582147135510903, 0.7174705904743971, 0.634757473484068, 0.9101567929240538, 0.8018646406622194, 0.3741665257322399, 0.5011221716799894]","[0.6423134569639611, 1.0768760939477686]",-36.27787780761719,0.13,2011.8175162809891,18.49647629339995,2.0,0.0,0
78,"[0.48561116108904184, 0.6543868309385337, 0.8730577516644185, 0.6286444229827808, 0.08311420757022975, 0.5630301343095497, 0.5846730411655702, 0.974685353230853, 0.6812989414882802, 0.07648751410715429]","[0.6423134569639611, 1.0768760939477686]",-53.42970657348633,0.0,2559.671941313228,85.34136522010851,1.0,0.0,0
79,"[0.3494875588099684, 0.5260142212995682, 0.8624810005481163, 0.4648132178527429, 0.2644213688996028, 0.4968545529040564, 0.5775868960504758, 0.7173020887373817, 0.4218449993348639, 0.09953038957128042]","[0.6423134569639611, 1.0768760939477686]",-35.88885498046875,0.0,2450.618083372596,22.713290632198635,1.0,0.0,0
80,"[0.709546757264148, 0.9278321739967187, 0.7021040581309824, 0.6921844682575594, 0.711970656063181, 0.8939185227174676, 0.6692844920393504, 0.4621511011739594, 0.09537391272294368, 0.5137477016112545]","[0.6423134569639611, 1.0768760939477686]",-19.724620819091797,0.0,1989.3904609666013,164.44836855795586,0.0,0.0,0
81,"[0.4606453733751307, 0.6668594293319513, 0.6170937094706214, 0.6850762076269143, 0.0, 0.32235843945033565, 0.9594105202711334, 1.0, 0.8607813190895004, 0.25646311772234687]","[0.6423134569639611, 1.0768760939477686]",-8.568034172058105,0.01,2156.7850098091144,144.96871880231961,4.0,0.0,0
82,"[0.8734240415461119, 0.6868462934581103, 0.563893658616053, 0.6271043937203452, 0.09014210545168662, 0.48634993272218163, 0.7898794671243088, 0.3680897895553993, 0.6767136596313893, 0.6811558963003895]","[0.6423134569639611, 1.0768760939477686]",-34.1652717590332,0.02,2636.167029565765,38.72352932592756,2.0,0.0,0
83,"[0.7039100236659072, 0.3308650894799796, 0.7918249672477212, 0.5645804011610922, 0.7297704991271022, 0.8936444415821712, 0.6681375033322879, 0.44480109524396116, 0.3186778379090886, 0.6032772847670231]","[0.6423134569639611, 1.0768760939477686]",-26.998641967773438,0.0,2198.410098109063,-31.65119598032976,1.0,0.0,0
84,"[0.16305743208203524, 0.217887576818153, 0.4809223197458373, 0.8166845578653048, 0.42154340877314134, 0.39091203449703704, 0.6343745511684084, 0.7192229588077094, 0.536178446351984, 0.4909699091022506]","[0.6423134569639611, 1.0768760939477686]",-20.114013671875,0.01,2515.452231784378,-141.07971084301136,1.0,0.0,0
85,"[0.6163903437053706, 0.5625992804995259, 0.40594494948904986, 0.3741709290240423, 0.894285385054557, 0.798842621868614, 0.6917772683059396, 0.6391800335789641, 0.01803528431233906, 0.42964215839941783]","[0.6423134569639611, 1.0768760939477686]",-39.419307708740234,0.0,2681.6873052508963,52.30452846630712,2.0,0.0,0
86,"[0.6408827529724141, 0.32976053951605316, 0.838314388120107, 0.5380351711229197, 0.11316848417090629, 0.8934797776584571, 0.7744798031031443, 0.9180720361637179, 1.0, 0.7117005456922457]","[0.6423134569639611, 1.0768760939477686]",-23.764171600341797,0.02,1681.7609230808496,5.222185072643498,4.0,0.0,0
87,"[0.4407263309434515, 0.41205182770410315, 0.13071261487824942, 0.5862813196876715, 0.16320698601066774, 0.7736853729159983, 0.5109062053166856, 0.6600101882151278, 1.0, 0.07291961060906685]","[0.6423134569639611, 1.0768760939477686]",-52.82389831542969,0.02,2417.807797204279,-188.56062946620546,4.0,0.0,0
88,"[0.7157935437274385, 0.7977941965557332, 0.6966172632094293, 0.7628922508558275, 0.6416256678992652, 0.7786726964801497, 0.9825517078417267, 0.7693090478944268, 0.3621671580915992, 0.4690570409458835]","[0.6423134569639611, 1.0768760939477686]",-25.522319793701172,0.0,1483.0593115445417,216.43321847742516,1.0,0.0,0
89,"[0.2573262958606389, 0.5707212607465227, 0.412681216918305, 0.3869870708552409, 0.3217746818557645, 0.4816113761985417, 0.4980185510918333, 0.6169463522753611, 0.12810947520139734, 0.5553272146309869]","[0.6423134569639611, 1.0768760939477686]",-29.880075454711914,0.0,2160.1898410492804,88.8076497763387,1.0,0.0,0
90,"[0.7183253124883613, 0.35497324635956856, 0.25244450625709247, 0.7175843825388218, 0.4977812847846979, 0.983145167654249, 0.8710721356210308, 0.7445863366312433, 0.2681245420363823, 0.7715209371830722]","[0.6423134569639611, 1.0768760939477686]",-48.43247985839844,0.02,2187.5244199525337,-19.366243293589548,3.0,0.0,0
91,"[0.7200340366667926, 0.7464172044999985, 0.5816771161396882, 0.46071458265477094, 0.5268669756137652, 0.7737506660135764, 0.47086767052013934, 0.41002050620266034, 0.35256760577772245, 0.48684881326735724]","[0.6423134569639611, 1.0768760939477686]",-8.042989730834961,0.0,1701.428361196869,94.70902638577371,0.0,0.0,0
92,"[0.4746471063939054, 0.5150298393855658, 0.8939409457550197, 0.7281557014405325, 0.14953880126800992, 0.8232094464100618, 0.5340436981501834, 0.890042340338549, 0.6349986457286171, 0.17879952825013334]","[0.6423134569639611, 1.0768760939477686]",-45.5722541809082,0.0,2742.8869582344837,-141.0416370087558,1.0,0.0,0
93,"[0.46715859041784974, 0.7570891388391342, 0.9232871274751023, 0.595477501502347, 0.20855772873135123, 0.7037016826569408, 0.7946146545335605, 0.8338611966363807, 0.6249517825642035, 0.1325807442995894]","[0.6423134569639611, 1.0768760939477686]",-44.7963752746582,0.0,2477.564802044967,1.0748431470727553,2.0,0.0,0
94,"[0.8059028154321739, 0.40822985429193465, 0.409177693937337, 0.6493897273393128, 0.6479090202349244, 0.6167282504304631, 1.0, 0.7125030026600752, 0.17660623673021672, 0.5962737377457814]","[0.6423134569639611, 1.0768760939477686]",-35.90617370605469,0.02,2297.2885718109314,-13.517936221977266,2.0,0.0,0
95,"[0.5806565981271954, 1.0, 0.9371682641111166, 0.7436448779977619, 0.6310053727210885, 0.8161365265283234, 0.6282427426892306, 0.40227051262373936, 0.3566159307197581, 0.5579229229758003]","[0.6423134569639611, 1.0768760939477686]",-21.601686477661133,0.0,1991.7552156986671,-79.38954550298519,4.0,0.0,0
96,"[0.31200302324326246, 0.892359403639767, 0.5661609293327995, 0.5606858672039456, 0.574640789531931, 0.45565966828281895, 0.7613490992958973, 0.6099462423959752, 0.0, 0.5424048726007558]","[0.6423134569639611, 1.0768760939477686]",-33.41437911987305,0.0,2709.943263309823,138.54844415662706,0.0,0.0,0
97,"[0.7457049429823219, 0.6649964677212382, 0.6236682966207079, 0.5901844991766041, 0.5616029887564465, 0.9329463518485809, 0.7814519233399898, 0.8726566687436444, 0.3865864132075684, 0.700568523082371]","[0.6423134569639611, 1.0768760939477686]",-12.139739990234375,0.0,1433.347018892447,85.11578543795545,1.0,0.0,0
98,"[0.8344962966322461, 0.8312262502541636, 0.2263376488311931, 0.9464868313108858, 0.6696201708888246, 0.7898884414527708, 0.9805541176206998, 0.38970174205200236, 0.4180073018705217, 0.4823306671552347]","[0.6423134569639611, 1.0768760939477686]",-35.28407287597656,0.0,2481.3203666942723,-65.81968155290036,1.0,0.0,0
99,"[0.3886597106367841, 0.5352989342912645, 0.8256253500682343, 0.5348743067864968, 0.0889619443105296, 0.6339497034189416, 0.8187354404878199, 0.9717877287097074, 0.42618045084223116, 0.33470581075899986]","[0.6423134569639611, 1.0768760939477686]",-50.27656173706055,0.0,2340.3398133038677,-141.1628075514697,2.0,0.0,0
100,"[0.6780469227856222, 0.33492771716256653, 0.23432503910262414, 0.6217911324271839, 0.4933332591045647, 0.6725537438484778, 0.8368805652940651, 0.7459961278427337, 0.36805731928911833, 0.5511932218518633]","[0.6423134569639611, 1.0768760939477686]",-37.00382995605469,0.02,2157.237392388936,26.04208732647561,3.0,0.0,0
101,"[0.6563023497709128, 0.7426239023366109, 0.6754173495806215, 0.4521712276153564, 0.32777896669191925, 0.7314636218996977, 0.6536924430029564, 0.5449719525987852, 0.4222905668926343, 0.47884810608061396]","[0.6423134569639611, 1.0768760939477686]",-18.69154930114746,0.0,1635.1176016300142,58.35444241290992,0.0,0.0,0
102,"[0.6566203129755056, 0.1644032985005709, 0.6996619862774275, 0.2913006632614201, 0.20548910080945096, 0.7221068835159012, 0.4460239388575438, 0.5030728802171025, 0.38313868107549964, 0.4602682612319507]","[0.6423134569639611, 1.0768760939477686]",-22.567712783813477,0.0,1937.9054688105946,179.52575069220808,0.0,0.0,0
103,"[0.5931977017008518, 0.5268340416074128, 0.7352547586469675, 0.24076542903068623, 0.0, 0.706984946056388, 0.6212032458586998, 0.7019095008528599, 0.7703722651857684, 0.32916404370066377]","[0.6423134569639611, 1.0768760939477686]",-32.75663375854492,0.02,2414.961844728301,71.24233366288414,1.0,0.0,0
104,"[0.7916240432203536, 0.684360965118442, 0.42465738863126673, 0.6483600770544824, 0.7997336597479654, 0.756015521368721, 0.2880045642037107, 0.3553348095564675, 0.4248707010642981, 0.6110396291430288]","[0.6423134569639611, 1.0768760939477686]",-32.16985321044922,0.0,1858.0287773338653,16.132789273813728,0.0,0.0,0
105,"[0.4523411952305681, 0.6481385050371797, 0.825015126170494, 0.6162403912835054, 0.11957919881216314, 0.5903270782858916, 0.38347871937055894, 0.7450784289012163, 0.6935846183820802, 0.1678050291562309]","[0.6423134569639611, 1.0768760939477686]",-45.227779388427734,0.0,2683.5806491702965,-70.85323271980633,1.0,0.0,0
106,"[0.6379438532100884, 0.7359657104276626, 0.5871320519451978, 0.6830735135018339, 0.8234478436754494, 0.8561163421001884, 0.4114305350710047, 0.47874933729472946, 0.2552004491464742, 0.5353214324803779]","[0.6423134569639611, 1.0768760939477686]",-15.456669807434082,0.0,1785.5268405092593,-0.771405617482344,1.0,0.0,0
107,"[0.5455641845566815, 0.4239341605770496, 0.7481811997457695, 0.2993739963443048, 0.5234632239847801, 0.30925854274497316, 0.8256487477551615, 0.01635383007802256, 0.6063057922528842, 0.1086674915487288]","[0.6423134569639611, 1.0768760939477686]",-36.8519172668457,0.01,2359.423383223974,-84.33815563871144,2.0,0.0,0
108,"[0.6828088603180715, 0.575863644450647, 0.7216976020376582, 0.554746955428621, 0.18032379436862322, 0.8160464436663105, 0.7220693867457841, 0.751552546903558, 0.22765991484820022, 0.49447475467680824]","[0.6423134569639611, 1.0768760939477686]",-28.52001190185547,0.0,2329.5504503810553,126.48236603739436,0.0,0.0,0
109,"[0.8292569897746582, 0.5931007152689962, 0.4658148145047282, 0.7072424724561899, 0.7570203514738265, 0.846843697202176, 0.678118427516039, 0.19765537484932819, 0.20384585058611085, 0.911435768098579]","[0.6423134569639611, 1.0768760939477686]",-19.551908493041992,0.0,2187.784796583242,90.49596039383545,1.0,0.0,0
110,"[0.915235949596467, 0.6561251781192654, 0.30938686283034145, 0.44698841293288544, 0.19205751283688502, 0.7582430469836449, 0.644268078443573, 0.6623251393248974, 0.8322349510238984, 0.6118259446355614]","[0.6423134569639611, 1.0768760939477686]",-14.51561164855957,0.01,2039.4638053854137,39.10971325267215,1.0,0.0,0
111,"[0.31332890137871694, 0.7073089075711949, 0.5269860670527808, 0.5526940028990395, 0.570855756339742, 0.4743965877319784, 0.2951997293320104, 0.0, 0.2978997841098455, 0.740561461997631]","[0.6423134569639611, 1.0768760939477686]",-33.42767333984375,0.0,2442.015707146652,-5.728220244771478,0.0,0.0,1
112,"[0.6708439615689966, 0.8597189410367073, 0.6010896289030353, 0.9911695840405118, 0.6588786190099977, 1.0, 1.0, 0.8213456084067413, 0.16688746308431562, 0.329447980534313]","[0.6423134569639611, 1.0768760939477686]",-42.56113815307617,0.0,2213.0902489459118,-62.78848452986,3.0,0.0,0
113,"[0.28499567159559774, 0.7596366535685558, 0.5662567426782319, 0.42811104336514755, 0.411958860904601, 0.5822286450953597, 0.5642204635539528, 0.36528693728219397, 0.11929761978183595, 0.6661175078179934]","[0.6423134569639611, 1.0768760939477686]",-32.7707633972168,0.0,2534.5909365345415,-1.6211610019504405,1.0,0.0,0
114,"[0.5850052975032745, 0.5084375528089402, 0.7872826869491578, 0.5616394482446868, 0.20377263712485844, 0.7089451629915972, 0.5730860094605217, 1.0, 0.6027864963054727, 0.13451790462521873]","[0.6423134569639611, 1.0768760939477686]",-42.0196647644043,0.0,2036.9298442659567,150.4497066864767,1.0,0.0,0
115,"[0.5016061320202265, 0.8995851061000927, 0.6750372482895708, 0.24059614135574156, 0.5826966320882874, 0.7865395981588855, 0.48753029151838123, 0.4758975608258151, 0.114844072093171, 0.6604989850567828]","[0.6423134569639611, 1.0768760939477686]",-34.61487579345703,0.0,2447.7329007486665,2.214224469906725,3.0,0.0,0
116,"[0.30470585952623197, 0.8211982963526328, 0.6044222910396692, 0.5693463949106667, 0.5654750128714199, 0.4222116668886433, 0.44131885435879153, 0.4648357998135084, 0.7034217358935164, 0.9050384556900294]","[0.6423134569639611, 1.0768760939477686]",-39.55720520019531,0.0,1919.6794448257674,-84.0864472898133,2.0,0.0,0
117,"[0.44501990982180367, 0.2847529258429087, 0.7899679572966607, 0.373753551749803, 0.33741323202072965, 0.5972101900578051, 0.7002832131586041, 1.0, 0.6254921842901691, 0.021437424366289183]","[0.6423134569639611, 1.0768760939477686]",-25.51934242248535,0.01,2439.630234337997,124.21276998361097,1.0,0.0,0
118,"[0.5579120938603115, 0.4692075225778917, 0.5780688764738423, 0.04868554891804794, 0.4165451427176621, 0.5754018134308996, 0.2789535671636866, 0.7531624669273361, 0.3094034054606076, 0.7116875394444269]","[0.6423134569639611, 1.0768760939477686]",-26.020610809326172,0.0,2344.5573986020186,-25.93649343224007,3.0,0.0,0
119,"[0.38160811387979493, 0.4783420070990398, 0.46657003767026106, 0.9208995953481608, 0.6496388468517619, 0.7372577507616785, 0.8993240073150874, 0.6775105656494871, 0.13353253556726252, 0.3978177110967588]","[0.6423134569639611, 1.0768760939477686]",-31.334440231323242,0.01,2078.7964715435055,78.89085925833916,5.0,0.0,0
120,"[0.9143541251182329, 0.2044734414542725, 0.2964945864460491, 0.7291306128672466, 0.6164781665385951, 0.2776599464554203, 0.736032102547886, 0.7003252632457411, 0.27503683501676396, 0.6899807364082753]","[0.6423134569639611, 1.0768760939477686]",-30.173215866088867,0.02,2369.6759069290374,87.49168678443391,2.0,0.0,0
121,"[0.18691533669540197, 0.9354591504757593, 0.5920106126754457, 0.38531353567761784, 0.7924024854088005, 0.4528082453459271, 0.5618077449828608, 0.5812021361628238, 0.5867595579258164, 0.5884910540677627]","[0.6423134569639611, 1.0768760939477686]",-33.830421447753906,0.0,2150.6854311004818,9.462575271876403,1.0,0.0,0
122,"[0.7660200050381641, 0.9954210163876551, 0.6475768734047597, 0.6022303072947683, 0.48269232794505323, 0.6856429812319145, 0.9652457085696686, 0.5306636196787232, 0.662065343481872, 0.2564819977355805]","[0.6423134569639611, 1.0768760939477686]",-36.27789306640625,0.0,2260.6849603988107,20.325314144443155,2.0,0.0,0
123,"[0.7544454967260783, 0.7559400354478986, 0.4269547276048866, 0.6358467438466422, 0.6502255885270953, 0.8088161561887862, 0.09774206049592041, 0.4110161860276934, 0.5302334972674192, 0.9419366436738703]","[0.6423134569639611, 1.0768760939477686]",-37.86021041870117,0.0,2160.621502282923,-29.771586962935885,1.0,0.0,0
124,"[0.5953705421800545, 0.8955455457848207, 0.678745793469689, 0.5435743867022256, 0.5276853794949207, 0.7780003597518627, 0.8687985780743128, 0.7771067576865722, 0.32986657748298687, 0.2707013690356472]","[0.6423134569639611, 1.0768760939477686]",-17.690092086791992,0.0,1888.5248134910753,149.8983706004238,2.0,0.0,0
125,"[0.6956560085508707, 0.7481686420927502, 0.4729586530985352, 0.41738148212948845, 0.09892123241729, 0.6160897476115312, 0.6369056242248583, 0.6972560641578207, 0.20372233139197643, 0.16256297320173882]","[0.6423134569639611, 1.0768760939477686]",-37.74221420288086,0.0,2544.9091208878804,157.85452180186388,3.0,0.0,0
126,"[0.6875613368077139, 0.8319459119916568, 0.3547134518305655, 0.9437300966612078, 0.8020320846513816, 0.364709810605873, 0.7003123754366558, 0.71398383434733, 0.0, 0.5897040857157912]","[0.6423134569639611, 1.0768760939477686]",-25.843746185302734,0.01,2828.909747500714,61.03193808464127,2.0,0.0,0
127,"[0.3152652190782416, 0.8584838334479848, 0.6239206820739459, 0.7271967054494692, 1.0, 0.3770746857484044, 0.19531132016399114, 0.335049074808067, 0.8254576186241678, 0.619570003511316]","[0.6423134569639611, 1.0768760939477686]",-31.26248550415039,0.0,2731.491987292158,-203.04890192856618,2.0,0.0,0
128,"[0.6263866568997081, 0.7316919959767896, 0.5113032187076921, 0.6270044806555053, 0.618305019935381, 1.0, 0.31687386138392026, 0.5946878617709341, 0.47390472101753284, 1.0]","[0.6423134569639611, 1.0768760939477686]",-8.884673118591309,0.01,1436.276841894033,238.5307397534043,3.0,0.0,0
129,"[0.263003170308882, 0.6654268477432327, 0.5953022372236868, 0.5398661583589057, 0.5940507777159866, 0.4319523855132681, 0.5319908419359107, 0.5420647776600696, 0.6009096700710811, 0.5509662419876606]","[0.6423134569639611, 1.0768760939477686]",-16.458341598510742,0.0,1607.8776318888977,237.01847415068696,0.0,0.0,0
130,"[0.34170697149641244, 0.4381893495087097, 0.7157100290672184, 0.5662865572061283, 0.10052949314932112, 0.5501143296860798, 0.7007753550124823, 0.6316117386037804, 0.637332751206505, 0.17682517662348604]","[0.6423134569639611, 1.0768760939477686]",-36.5551872253418,0.0,2239.531856592681,13.757302068124233,2.0,0.0,0
131,"[0.5967324454770444, 0.7398302727312813, 0.39127030092449705, 0.6695040179254189, 0.794104562213206, 0.6783480192835963, 0.11867859732093881, 0.10170502462061974, 0.6921515154251786, 0.8527971932896747]","[0.6423134569639611, 1.0768760939477686]",-32.40224838256836,0.0,2457.759106760618,128.5526592460139,1.0,0.0,0
132,"[0.5112039383381034, 0.8157018972006734, 0.8404179740631517, 0.2159425957913106, 1.0, 0.5140937179799772, 0.696191133562441, 0.7402096849062612, 0.6166210417286624, 0.42385693772738037]","[0.6423134569639611, 1.0768760939477686]",-24.171842575073242,0.01,2395.464910385399,167.86277168635363,1.0,0.0,0
133,"[0.3046905748335784, 0.8344695406907772, 0.5240037555309887, 0.5752741479020546, 0.5617872516659116, 0.4088003555673799, 0.5568845370136687, 0.0, 0.8368677764177208, 0.794234107432383]","[0.6423134569639611, 1.0768760939477686]",-34.23277282714844,0.0,2637.720747123549,177.47397712294324,2.0,0.0,0
134,"[0.1557290058400879, 0.6122422276649959, 0.5330450832766348, 0.36363937623033055, 0.7031480173337155, 0.5698210738541277, 0.12138026208026749, 0.3263989215855236, 0.2703600636187217, 0.8762350291276055]","[0.6423134569639611, 1.0768760939477686]",-40.30845642089844,0.01,2579.949530585656,-45.38681512805033,2.0,0.0,0
135,"[0.39614560225695794, 0.5726156710955137, 0.9028616611338562, 0.5482229136850005, 0.16051281882590668, 0.4481822280897769, 0.6881545859389511, 1.0, 0.8740807143253276, 0.3025535096210202]","[0.6423134569639611, 1.0768760939477686]",-41.70705032348633,0.0,2095.992492884306,-60.52923669330187,2.0,0.0,0
136,"[0.6396507809248773, 0.6238738267093308, 0.3536511005261013, 0.7677598778881329, 0.6397213020766428, 0.9839936920483182, 0.2802543712011379, 0.708863507361688, 0.4209728217800234, 0.34405542104690995]","[0.6423134569639611, 1.0768760939477686]",-34.2390022277832,0.0,1947.4391874017165,142.43482402591388,3.0,0.0,0
137,"[0.7380098554241701, 0.5981429496592213, 0.712977334038819, 0.48443389324088615, 0.020605654611610045, 0.7317414212336146, 0.7376970930155653, 0.7244556684177345, 0.5247067562877745, 0.4127744645982221]","[0.6423134569639611, 1.0768760939477686]",-30.41781234741211,0.01,2003.8056189443332,208.548375337761,1.0,0.0,0
138,"[0.3419828909501746, 0.6042951977547775, 0.0, 0.41643437328473026, 0.4834782906890521, 0.15758312045342376, 0.4763533541043173, 0.8128136639299217, 0.9515105925412438, 0.21186870814081052]","[0.6423134569639611, 1.0768760939477686]",-6.219580173492432,0.45,2750.858460654533,-0.5833955936518862,4.0,0.0,0
139,"[0.6965653771401779, 0.7716557512584387, 0.7681501199861765, 0.527469894993528, 0.9998683583996147, 1.0, 0.3235905075330248, 0.17370609843879486, 0.8116863145148128, 0.38238310637487527]","[0.6423134569639611, 1.0768760939477686]",-39.00736618041992,0.0,2130.8818709544967,2.1268322290480626,3.0,0.0,0
140,"[0.21290941471560643, 0.626466615763613, 0.7286376160804381, 0.45878220181432644, 0.4056674589230819, 0.2992763636450304, 0.43279925888803794, 0.7447449850050423, 0.587540671653414, 1.0]","[0.6423134569639611, 1.0768760939477686]",-42.5662956237793,0.02,2518.8825439352304,-128.28471151375635,2.0,0.0,0
141,"[0.6756100532081875, 0.615521676033621, 0.8241775644454286, 0.5325195912063699, 0.35169483376842586, 0.3319405581707772, 0.6555490263882259, 0.7485542802133599, 0.48721550359106275, 0.49722693380372657]","[0.6423134569639611, 1.0768760939477686]",-28.91627311706543,0.0,1972.8300889493676,-49.833129413889196,1.0,0.0,0
142,"[0.49499406586374295, 0.5541069294660774, 0.8067742625092605, 0.46072277534422035, 0.09621138725924915, 0.6311534662030976, 0.486657451581451, 1.0, 0.5796214315490401, 0.2905368035168676]","[0.6423134569639611, 1.0768760939477686]",-50.98214340209961,0.0,2183.0855980788056,148.85507299052296,1.0,0.0,0
143,"[0.32235710819448443, 0.6503161562908585, 0.5379960418416928, 0.4155318091314245, 0.3681381504942372, 0.496648411578582, 0.7545785702694517, 0.2198189006499658, 0.6622477555153101, 0.45613811982528446]","[0.6423134569639611, 1.0768760939477686]",-17.584564208984375,0.0,1861.409645582657,150.1161768290948,0.0,0.0,0
144,"[0.4472951910749502, 0.7499638736432047, 0.655124526535354, 0.7993470790299918, 0.4336994288665451, 0.1008558261935661, 0.7883270824821542, 0.6612547400388996, 0.3821357868461705, 0.6350612933850428]","[0.6423134569639611, 1.0768760939477686]",-22.58047866821289,0.0,2423.817377016941,-12.267221339046785,2.0,0.0,0
145,"[0.8329394539074859, 0.8212292397620973, 0.7519384045829182, 0.6774071318912693, 0.8645320665609528, 0.715106640988209, 0.46888209543633624, 0.6364472628395743, 0.31429202148209656, 0.6734388777184748]","[0.6423134569639611, 1.0768760939477686]",-14.193923950195312,0.0,1610.971447542526,164.8500496504471,2.0,0.0,0
146,"[0.17916539836465598, 0.604173736831211, 0.5713579209409774, 0.563924406539013, 0.1812148939330234, 0.6400761592246089, 0.6035758288167233, 0.7403596103437305, 0.5204219546724482, 0.39395657962973235]","[0.6423134569639611, 1.0768760939477686]",-28.73381233215332,0.01,2043.3574987355896,98.03026376446604,1.0,0.0,0
147,"[0.7710362299519695, 0.7088275020958023, 0.3758362949532508, 0.5334159873276114, 0.7937252731031295, 0.8177433674435627, 0.5512688017977614, 0.03305418223601906, 0.6200153371335427, 0.3354654175798559]","[0.6423134569639611, 1.0768760939477686]",-19.334617614746094,0.0,2498.5081939189768,-62.0000695850149,2.0,0.0,0
148,"[0.6091929661633009, 0.6531459937771188, 0.7812174894068578, 0.3695864849876378, 0.13398900662033045, 0.4966737780436397, 0.6347506342853744, 0.6157474078481194, 0.5539200188003828, 0.4740216634044892]","[0.6423134569639611, 1.0768760939477686]",-15.957242965698242,0.0,2019.5840144798533,36.21271185540135,0.0,0.0,0
149,"[0.5149681959813851, 0.956551606424426, 0.3622897467777748, 0.5538366575235963, 0.48003699699166263, 0.8105420325995769, 0.4689410748544359, 0.4961782162902835, 0.4331027083395139, 0.7159363820575166]","[0.6423134569639611, 1.0768760939477686]",-45.35469436645508,0.0,2085.559065101476,83.92086544653117,3.0,0.0,0
150,"[0.5029806176296533, 0.20117667356485333, 0.5751678199936757, 0.29031260761149047, 0.20788530392045906, 0.5329240924113192, 0.4704144264083023, 0.4020225715127314, 0.20594715164923394, 0.5769069088714579]","[0.6423134569639611, 1.0768760939477686]",-17.89130401611328,0.01,2325.2152198697427,74.16247403832202,1.0,0.0,0
151,"[0.14600123654403968, 0.5363917561333988, 0.5346057738682999, 0.6250490617836669, 0.0787144243575567, 0.40640087610509823, 0.5870475431171361, 0.7473423705920323, 0.5908118282281138, 0.7014292196012789]","[0.6423134569639611, 1.0768760939477686]",-23.47621726989746,0.02,2214.1373406735615,104.1061735700286,1.0,0.0,0
152,"[0.49535000690100567, 0.48440464714848125, 0.7756764530804464, 0.37165066432107363, 0.5126496544282373, 0.240211083254336, 0.33541280609341917, 0.6198966217547358, 0.6175689798455377, 0.6123920860543153]","[0.6423134569639611, 1.0768760939477686]",-20.928241729736328,0.0,2090.8362910741084,92.28684332719175,2.0,0.0,0
153,"[0.6034883165807231, 0.012470193639940315, 0.5526962475441993, 0.4716162947760153, 0.799145700277013, 0.46458319684996124, 0.4721824867268842, 0.0, 0.49671927595604914, 0.06290447293014455]","[0.6423134569639611, 1.0768760939477686]",-40.5513801574707,0.01,3169.014464373397,25.783601280506588,1.0,0.0,0
154,"[0.5685883820022583, 0.038182868975289476, 0.5504334927543727, 0.2337917311773202, 0.21733629154805406, 0.3857588920557009, 0.5382772856278136, 0.22278890502585383, 1.0, 0.22719898368030061]","[0.6423134569639611, 1.0768760939477686]",-34.944374084472656,0.37,2955.343501195959,-21.29409729806372,3.0,0.0,0
155,"[0.6793098467116281, 0.5896714700565182, 0.8244983419648851, 0.4353503930524188, 0.11407650311725112, 0.45525940598676184, 0.6223334108013736, 0.9848251925630874, 0.45448558581644805, 0.10385522664985801]","[0.6423134569639611, 1.0768760939477686]",-55.01320266723633,0.0,2548.638002997675,-63.999484363670604,1.0,0.0,0
156,"[0.6355197259206261, 0.48696134189202483, 0.8276158651490537, 0.7513111019058758, 0.3106894563774988, 0.7041666199263527, 0.8287624935598983, 1.0, 0.8239736073321549, 0.077689339467427]","[0.6423134569639611, 1.0768760939477686]",-43.848384857177734,0.0,2431.0775135477697,-25.69288471383055,2.0,0.0,0
157,"[0.8832141199036807, 0.6589529998326019, 0.4402739236541634, 0.5509004013694344, 0.8388850898847686, 0.7566788956682609, 0.23792439447289196, 0.5695981885679502, 0.18313289449797848, 0.7512667809548351]","[0.6423134569639611, 1.0768760939477686]",-38.66624069213867,0.0,2302.454320708589,177.57042849462465,0.0,0.0,0
158,"[0.4030317747587112, 0.7092530982103815, 0.8129088702576474, 0.5476080371168037, 0.3421327924968785, 0.7970648824398627, 0.63963425072784, 0.9414992339213998, 0.8526856869341156, 0.05268647839172757]","[0.6423134569639611, 1.0768760939477686]",-29.98735237121582,0.01,2626.306111366252,-6.174626588245985,3.0,0.0,0
159,"[0.5169273210093241, 0.9906314150346265, 0.656369877202473, 0.6348920594627435, 0.7006483479363202, 0.8007137375913422, 0.6699874746485799, 0.5787556456311748, 0.08747188803851354, 0.4776351026677127]","[0.6423134569639611, 1.0768760939477686]",-40.40858459472656,0.0,2363.248004796984,68.01854364253819,2.0,0.0,0
160,"[0.7308408585136168, 0.4528557022373025, 0.43925075660601814, 0.5740912764927218, 0.8642068419122125, 0.9088981062542336, 0.0, 0.42109811932548036, 0.9303134166771599, 0.4648870558262049]","[0.6423134569639611, 1.0768760939477686]",-34.77037048339844,0.01,2719.973708822229,-11.67354819190291,3.0,0.0,0
161,"[0.18881082325597098, 0.5966078886938324, 0.5782472826347209, 0.6944357638599107, 0.5290181836819867, 0.5130921491668948, 0.6861115584706096, 0.23481539582533628, 0.3303281135471835, 0.2625842959624878]","[0.6423134569639611, 1.0768760939477686]",-17.265901565551758,0.0,2319.6966601234058,157.79938507919684,2.0,0.0,0
162,"[0.4836255650138956, 0.4395225984973663, 0.1760018238757688, 0.5604364235589998, 0.21855718084683928, 1.0, 0.750141762605299, 0.9794980424528923, 0.863350093604727, 0.5420212603704639]","[0.6423134569639611, 1.0768760939477686]",-29.22433090209961,0.43,1850.943795542213,-9.260903273975089,4.0,0.0,0
163,"[0.7984840313678395, 0.827353010266833, 0.4007379965015822, 0.7000533577995526, 0.607744877031613, 0.7505871705939885, 0.03360752425345009, 0.5806677411306179, 0.4444679872588601, 0.823229527595118]","[0.6423134569639611, 1.0768760939477686]",-44.76022720336914,0.0,2551.0833295865737,-88.16949968199549,0.0,0.0,1
164,"[0.744728314480806, 0.6863993316451409, 0.8627054111608267, 0.5702822622110116, 0.3665456681838777, 0.387946226617816, 1.0, 0.726287994560963, 0.8660872048350067, 0.2854933752830126]","[0.6423134569639611, 1.0768760939477686]",-31.986221313476562,0.0,2233.5150846397687,-43.4054756216114,3.0,0.0,0
165,"[0.6736343912541526, 0.6513230070959546, 0.7035146234952478, 0.2818950478125031, 1.0, 0.37592420071786525, 0.0, 0.2524052632903518, 0.1753000225786531, 0.4983737224701346]","[0.6423134569639611, 1.0768760939477686]",-20.720489501953125,0.0,3037.414904724955,40.19929973036298,3.0,0.0,0
166,"[0.8095584681133537, 0.33401913506447267, 0.46065867088191376, 0.750528895219783, 0.5793681139009231, 0.8319196539037412, 0.8265495567074694, 0.8130931557996328, 0.3827268944898847, 0.8983106347889978]","[0.6423134569639611, 1.0768760939477686]",-32.74577331542969,0.01,1925.7231009721547,39.74803766032062,4.0,0.0,0
167,"[0.21740980394501608, 1.0, 0.5477628595169569, 0.4989551645570146, 0.47033982148100617, 0.46093433258255717, 0.1627000895093054, 0.32926721876556764, 0.731261806618596, 0.7459213615424409]","[0.6423134569639611, 1.0768760939477686]",-47.186973571777344,0.0,2706.1773862058103,198.41414637295517,4.0,0.0,0
168,"[0.543041849593857, 0.5249409522508919, 0.9254321333215236, 0.4654765482845616, 0.1282021622106184, 0.5522811061090921, 0.6889071635174092, 1.0, 0.5611775432889332, 0.1673945035273994]","[0.6423134569639611, 1.0768760939477686]",-48.026309967041016,0.0,2388.4366726507533,121.87825517087887,1.0,0.0,0
169,"[0.30494140202576, 1.0, 0.5922163231205321, 0.4125699653207256, 0.7234999427806793, 0.422292250143103, 0.8208435728064563, 0.44095089889798283, 0.5980644933161733, 0.756878135354269]","[0.6423134569639611, 1.0768760939477686]",-40.63968276977539,0.0,2334.679471005144,-91.50699295605972,1.0,0.0,0
170,"[0.399382592253105, 0.9167806436520488, 0.636069098835554, 0.4505196591519171, 0.6022873932721092, 0.3284362700935616, 0.6913648952211422, 0.4193304071617062, 0.5057318955291756, 0.7491169487198048]","[0.6423134569639611, 1.0768760939477686]",-16.365419387817383,0.0,2209.9376070717535,-55.53526192696728,0.0,0.0,1
171,"[0.7354965821367626, 1.0, 0.38187482289725666, 0.6549531521213503, 0.523984096298624, 0.7976415460520312, 0.17101981698518096, 0.5824014321236253, 0.35188714460998105, 0.6854829994064295]","[0.6423134569639611, 1.0768760939477686]",-35.75054168701172,0.0,2427.1112452489615,-40.59489764539995,2.0,0.0,0
172,"[0.05383679019887608, 0.685902500046305, 0.6513395222014121, 0.36636763870158207, 0.36722450386383804, 0.5447885734921842, 0.7290215600218686, 0.5400420860312719, 0.7595580173585178, 0.42804203148596626]","[0.6423134569639611, 1.0768760939477686]",-36.75161361694336,0.01,2505.8095889166334,-68.18702379381762,2.0,0.0,0
173,"[0.4936576254414316, 0.6427364549955753, 0.6657136968316034, 0.48865135532247755, 0.25348188803271837, 0.5003101182519211, 0.7190782987869134, 0.9791785279891861, 0.4696980880929217, 0.7288744749139844]","[0.6423134569639611, 1.0768760939477686]",-33.89058303833008,0.01,1648.1127672124103,200.30270026735178,1.0,0.0,0
174,"[0.7676322212377795, 0.48398251200151254, 0.7557991310903505, 0.8144214955864099, 0.8591421082401665, 1.0, 0.9051382144968351, 0.8580596875304088, 0.4400680072045983, 0.3205180725344662]","[0.6423134569639611, 1.0768760939477686]",-29.54529571533203,0.01,1787.9181445952981,39.267811589130986,3.0,0.0,0
175,"[0.19141876955624473, 0.594999234984617, 0.5879822792190961, 0.5502137614782486, 0.6803991272578924, 0.5349487963078051, 0.7377577464529563, 0.6257540825483765, 0.30468657486617, 0.6672951195488421]","[0.6423134569639611, 1.0768760939477686]",-23.367191314697266,0.0,2140.898148693176,83.12853156175953,0.0,0.0,0
176,"[0.8664652323382755, 0.32350039656888147, 0.564583817676273, 0.39299655116617194, 0.843244895587051, 0.8649978486089652, 0.4155244039926782, 0.5603426076109727, 0.10686339622284861, 0.5758293011430135]","[0.6423134569639611, 1.0768760939477686]",-34.02322006225586,0.0,2458.735420430969,-213.14715768853688,1.0,0.0,0
177,"[0.8670644001137315, 0.5846634974197077, 0.4557388966385393, 0.4555199141373107, 0.8258992799593661, 0.8078156260641278, 0.5278960740381871, 0.5450273013308721, 0.17884314308447452, 0.6809208257595613]","[0.6423134569639611, 1.0768760939477686]",-22.785417556762695,0.0,2109.818948528405,35.23916574433625,1.0,0.0,0
178,"[0.3100979679324781, 0.21584416088261776, 0.2599304095820871, 0.42057174541335185, 0.6731895877772434, 0.13126519661512995, 0.8771065380765363, 0.32261660631966166, 0.2957365361738824, 0.7675812500277495]","[0.6423134569639611, 1.0768760939477686]",-23.59427261352539,0.07,2794.9983501480797,-19.455165050884375,4.0,0.0,0
179,"[0.6467641895119964, 0.5340405959104811, 0.773542738204994, 0.43333890441934025, 0.617323963980112, 0.40041844195278226, 0.8192380916106484, 0.10460271200314115, 0.6204654639974623, 0.07307363684553582]","[0.6423134569639611, 1.0768760939477686]",-35.75313949584961,0.0,2150.0519640291836,-13.611872409716511,1.0,0.0,0
180,"[0.4405592356012178, 0.4363734764651605, 0.837731151771298, 0.6803753393618229, 0.11547146685156534, 0.4235649472966793, 0.5253967683209613, 1.0, 0.8438248783849005, 0.5369649263386982]","[0.6423134569639611, 1.0768760939477686]",-37.45326614379883,0.01,2093.129003944158,82.13867904066441,1.0,0.0,0
181,"[0.698000231768645, 0.569891485145574, 0.7716434231613217, 0.28864115623441505, 0.25976935497477316, 0.4797071100833645, 1.0, 1.0, 0.35337153649009995, 0.44556344841118195]","[0.6423134569639611, 1.0768760939477686]",-35.263526916503906,0.01,2177.588675742991,90.98979609644249,2.0,0.0,0
182,"[0.5699620027281, 0.7062070000244773, 0.7133614409768435, 0.6346181993092107, 0.5590506121497797, 0.6119989593113367, 0.38992005419708703, 0.6825891233838278, 0.6131831911538973, 0.7245033950853658]","[0.6423134569639611, 1.0768760939477686]",-9.6847562789917,0.0,1465.319588815145,144.22267650785312,1.0,0.0,0
183,"[0.3645275827541957, 0.6949208525237655, 0.7218195834157596, 0.34202974190368834, 0.15607169010845867, 0.39141972043391865, 0.5567201712107465, 0.9915554792706646, 0.18441982504329635, 0.5905002220135218]","[0.6423134569639611, 1.0768760939477686]",-40.258262634277344,0.01,2363.6319034478333,-95.02802655312433,2.0,0.0,0
184,"[0.8224674808126856, 0.28355311871660155, 0.6206786700474834, 0.42289066103606887, 0.8239783581727358, 0.8712117491002794, 0.4037770181131237, 0.6179859406646996, 0.12950680577489093, 0.5359839708935054]","[0.6423134569639611, 1.0768760939477686]",-46.01936721801758,0.0,2539.102165010879,-113.35418561711936,1.0,0.0,0
185,"[1.0, 0.33710610349459796, 0.27670346825520514, 0.4897715136984311, 0.6615308664405738, 0.49714127660232044, 0.4246776663931321, 1.0, 0.6129145415961882, 0.6072511956306484]","[0.6423134569639611, 1.0768760939477686]",-52.35607147216797,0.23,2642.643068412691,-34.41829394312094,2.0,0.0,0
186,"[0.7442912359951799, 0.8049180437771699, 0.40363803062444065, 0.6794066242304212, 0.641315817463782, 0.64934322374493, 0.8935297584497551, 0.4455377659546336, 0.4150839481331028, 0.5531645832904836]","[0.6423134569639611, 1.0768760939477686]",-30.341724395751953,0.0,1736.1785267369487,17.160393873619626,1.0,0.0,0
187,"[0.5125489173816421, 0.2226198948080759, 0.6085049420662682, 0.44885371250020545, 0.26831393131598685, 0.6100984616755601, 0.2750924079333816, 0.721305599725886, 0.5479830765737089, 0.10968629406728837]","[0.6423134569639611, 1.0768760939477686]",-28.192657470703125,0.0,1865.1483365730414,103.72059141206887,1.0,0.0,0
188,"[0.31416702112876016, 0.8559373886932989, 0.560179527124333, 0.44720231043516073, 0.5382851128862203, 0.4538429513436195, 0.5698153719760357, 0.5092414818772008, 0.3631733952823308, 0.7582197577390142]","[0.6423134569639611, 1.0768760939477686]",-19.232532501220703,0.0,2054.478361511855,-16.322143724504258,1.0,0.0,0
189,"[0.4370084513219198, 0.5242638473355846, 0.4049222599345576, 0.5803870271274338, 0.4747037537643117, 0.636341366542249, 0.07629846940827158, 0.0, 0.38455045338049104, 0.6318828225412473]","[0.6423134569639611, 1.0768760939477686]",-18.7247371673584,0.0,2062.3161647691477,188.73719662551548,1.0,0.0,0
190,"[0.8434486085994177, 0.4009149451861155, 0.44830518137530534, 0.4863469523085665, 0.45936342933085256, 0.6921508855677543, 0.10251736899266654, 0.8955516504953708, 0.10416547615889854, 0.6904095827161173]","[0.6423134569639611, 1.0768760939477686]",-39.90830612182617,0.01,2545.6304033463402,109.58825274685145,4.0,0.0,0
191,"[0.6465884284231237, 0.6111477136140594, 0.7618333305388905, 0.4606585216878482, 0.2634772363964843, 0.5908586893814134, 0.6728541716676473, 0.6006968433233687, 0.25776013153740807, 0.3740064917625629]","[0.6423134569639611, 1.0768760939477686]",-23.811059951782227,0.0,2034.2907998056455,103.12324451767512,1.0,0.0,0
192,"[0.4497955293919654, 0.7112913720335234, 0.5228640625556261, 0.3740265234089826, 0.33203401934115573, 0.5942737559749764, 0.8729653471471849, 0.16050143057803054, 0.5430381934734093, 0.6259992501053304]","[0.6423134569639611, 1.0768760939477686]",-30.86420440673828,0.0,1987.2239099810708,99.55822775714566,1.0,0.0,0
193,"[0.6453661550959325, 0.4988122185592949, 0.8057628234419436, 0.5380876778222665, 0.3824999968420698, 0.4478982028261464, 0.5363997533689108, 0.715851472639904, 0.7146604169296622, 0.008584238130823667]","[0.6423134569639611, 1.0768760939477686]",-46.59375762939453,0.0,2517.1122800469802,-33.336032669153894,1.0,0.0,0
194,"[0.32719148265060516, 0.9686100344426309, 0.6728205931422099, 0.4847219725678732, 0.5881025213315106, 0.6668079170189973, 0.34473368069159793, 0.7019922288346584, 0.9260248690506881, 0.9330698628802466]","[0.6423134569639611, 1.0768760939477686]",-25.63298988342285,0.01,2117.594222227764,79.30120103995577,3.0,0.0,0
195,"[0.6088416062818989, 0.506946203342774, 0.37332539792697095, 0.7396573382367647, 0.4410390903028876, 0.8453684827635242, 1.0, 0.5918955630489376, 0.9039656851820803, 0.10173289935978225]","[0.6423134569639611, 1.0768760939477686]",-28.05802345275879,0.02,2208.3398219325436,13.102201463180194,3.0,0.0,0
196,"[0.9294931527608229, 0.5175908377067354, 0.3378198904792301, 0.5819038758650253, 0.6418319872417433, 0.8268711882480688, 0.5104238856464699, 0.6259910426554941, 0.43891682334906384, 0.63091537968744]","[0.6423134569639611, 1.0768760939477686]",-24.25536346435547,0.0,2019.609216670944,91.71170202878713,0.0,0.0,0
197,"[0.23220354576288052, 0.39525263006078787, 0.7101703049687454, 0.7970032894632367, 0.22867275376146187, 0.505657413931883, 0.6021949662068325, 0.8667425156533186, 0.46343334907101685, 0.4985710118179397]","[0.6423134569639611, 1.0768760939477686]",-37.2278938293457,0.0,2070.0794898338904,238.8046374505295,1.0,0.0,0
198,"[0.4493182649651532, 0.5484021550048602, 0.8830298585989466, 0.5653466324089712, 0.16323348176422192, 0.3773026017807868, 0.6015626916849748, 0.9339599475518221, 0.6684031813556706, 0.33582754102291834]","[0.6423134569639611, 1.0768760939477686]",-41.497745513916016,0.0,2161.98900160852,137.07645924518124,1.0,0.0,0
199,"[0.5995556311154092, 0.23838953317234765, 0.6267798067915634, 0.3599345025478683, 0.36226204410797774, 0.6525834723432564, 0.6870579774634661, 1.0, 0.6067893227221809, 0.9917346433719989]","[0.6423134569639611, 1.0768760939477686]",-39.15199279785156,0.06,1769.2954153424303,9.239188409528282,2.0,0.0,0
200,"[0.41226541999516586, 0.9648398111965172, 0.6453501095962084, 0.41678027908326687, 0.6544666168988745, 0.5170834195736764, 0.5876786749506379, 0.2683131509280614, 0.5991294576977362, 0.4932112638928799]","[0.6423134569639611, 1.0768760939477686]",-43.06062698364258,0.0,2338.9180196832413,115.05109137600925,1.0,0.0,0
201,"[0.5254212454687259, 0.38686133781211735, 0.8545553226173693, 0.6111778202747157, 0.10187579622569397, 0.5239719317689248, 0.5274438463970358, 0.8409518812799133, 0.5538158617281331, 0.048073525557390855]","[0.6423134569639611, 1.0768760939477686]",-41.28569030761719,0.0,2468.036501256251,100.66625016866806,1.0,0.0,0
202,"[0.7817575911568446, 1.0, 0.5738314964325505, 0.60943794333416, 0.6190848353509197, 1.0, 0.8389106737767841, 0.5249330610865144, 0.12303971832175677, 0.6050488172881341]","[0.6423134569639611, 1.0768760939477686]",-35.09709167480469,0.0,2255.156893205238,98.6464710049639,1.0,0.0,0
203,"[0.3889976993176842, 0.4596157473773621, 0.8482326896326652, 0.588981126514036, 0.4168010276631001, 0.46155322010629674, 0.5043910437849015, 0.8511827862240747, 0.8116603971578538, 0.19856639038204874]","[0.6423134569639611, 1.0768760939477686]",-28.65072250366211,0.0,2021.9979519266924,114.34250020225898,1.0,0.0,0
204,"[0.7442477589120298, 0.7301424662102445, 0.36883899159353023, 0.6178280273799448, 0.5440439973180622, 0.7909201047997892, 0.3526912584365323, 0.3559683408534169, 0.6334827020118304, 0.9229807937435621]","[0.6423134569639611, 1.0768760939477686]",-41.85270309448242,0.01,2146.7819109042093,-84.51675272666967,2.0,0.0,0
205,"[0.46472600012206683, 0.4030996268207419, 0.7363484801437679, 0.756632296954869, 0.32048277858258944, 0.4421716397620304, 0.9102592594363976, 0.9188167509207813, 0.8292452439164427, 0.9925216398598162]","[0.6423134569639611, 1.0768760939477686]",-15.75915241241455,0.1,1926.633124692732,98.93574876201495,2.0,0.0,0
206,"[0.3519667681991103, 0.4445115105015188, 0.6101741026924319, 0.5656619115224738, 0.468307809424508, 0.3809771783519659, 0.442638669517628, 0.8019681076031246, 0.4375171040279804, 0.5674533543271217]","[0.6423134569639611, 1.0768760939477686]",-12.95472526550293,0.0,1517.3072308222272,66.65931153344422,0.0,0.0,0
207,"[0.8253183417166595, 0.39799413337869755, 0.24202035231374616, 0.8288240453320062, 0.4926950368487795, 0.7473396514808164, 0.012662976507698223, 0.7221591045514141, 0.6719372798514748, 0.8643850912346667]","[0.6423134569639611, 1.0768760939477686]",-54.09763717651367,0.01,2837.689299271243,126.19488561904711,3.0,0.0,0
208,"[0.502878274928261, 0.4303725432957192, 0.6140092593449451, 0.4849304258044697, 0.22201038766549674, 0.6003732897339865, 0.2826783496626244, 1.0, 0.6682829846629784, 0.45564574599308355]","[0.6423134569639611, 1.0768760939477686]",-36.837650299072266,0.01,1824.7675917463346,134.93219821908713,2.0,0.0,0
209,"[0.45352463312582275, 0.9135582373099411, 0.5105666356254217, 0.6803873175442305, 0.5059986812031857, 0.8858066693036845, 0.9825160978574321, 0.2571888981165398, 0.6437789093893298, 0.8105125295380795]","[0.6423134569639611, 1.0768760939477686]",-27.928089141845703,0.01,2185.120357630365,99.04244642125539,3.0,0.0,0
210,"[0.144369688563696, 1.0, 0.5065168400625909, 0.2787727953254799, 0.747346319368378, 0.40455978425408334, 0.5730048907607322, 0.18735759455439197, 0.43140269371821777, 0.40628930528685625]","[0.6423134569639611, 1.0768760939477686]",-33.77287292480469,0.0,2861.5585393310657,23.57324780347014,3.0,0.0,0
211,"[0.3447643427042438, 0.37443336786830855, 0.7357757150624258, 0.5312008657869818, 0.12771092743067286, 0.4685926602668851, 0.47241530273419624, 0.824893443922153, 0.5922193334158452, 0.8070049739223502]","[0.6423134569639611, 1.0768760939477686]",-24.525976181030273,0.1,2013.0367171652447,202.14337911918224,0.0,0.0,0
212,"[0.6201867871529557, 0.7956715887810327, 0.7079694948357529, 0.41782763078572466, 0.5431778614159022, 0.8594657802971583, 0.5717678142943946, 1.0, 0.08819398437094203, 0.8629517980720328]","[0.6423134569639611, 1.0768760939477686]",-22.59915542602539,0.0,2157.581767410884,123.52163916358049,3.0,0.0,0
213,"[0.5983010748612043, 0.4937891516700676, 0.731030907175925, 0.3697668279212575, 0.5493374081640707, 0.5337564954954186, 0.6742464528593068, 0.9403249849000007, 0.4922851731257638, 0.5423736728886438]","[0.6423134569639611, 1.0768760939477686]",-36.619415283203125,0.0,1497.587264852088,169.14056465962275,0.0,0.0,0
214,"[0.5844636760232864, 0.08432056476442856, 0.7898129824739963, 0.4329828314521994, 0.06474476900002843, 0.7788221997509519, 0.19099023228510942, 0.7331628312023887, 0.833827725877913, 0.33659538563859165]","[0.6423134569639611, 1.0768760939477686]",-32.24720001220703,0.01,2401.2994045059945,7.143801932135574,3.0,0.0,0
215,"[0.5839759121212732, 0.6420015367965874, 0.8185361141026564, 0.3912098951374773, 0.16022617071115489, 0.45357497361533716, 0.5730547984444532, 0.9036419688935856, 0.5481564112083225, 0.10525086625274141]","[0.6423134569639611, 1.0768760939477686]",-45.42080307006836,0.0,2448.216511789386,30.627709164656068,1.0,0.0,0
216,"[0.7712866372126614, 0.323657332275968, 0.4830646194668227, 0.55053872940183, 0.31893394384910456, 0.7810421770517002, 0.5565803425509942, 1.0, 0.7406859923115314, 0.3386305709819449]","[0.6423134569639611, 1.0768760939477686]",-36.6614990234375,0.02,1965.5991447893043,-111.331279970183,1.0,0.0,0
217,"[0.6082852613873017, 0.3544593090696372, 0.6187911630049963, 0.43620223587406065, 0.49942589854527, 0.5915584165457652, 0.6307246674198089, 1.0, 0.4176243941400937, 0.5849717775145226]","[0.6423134569639611, 1.0768760939477686]",-31.94976234436035,0.01,1548.2123466584085,70.23774060605885,1.0,0.0,0
218,"[0.4130448619747499, 0.42293807457013366, 0.6949140279447121, 0.4323684688489198, 0.3454169494808979, 0.4861895679886102, 0.6644327302964436, 0.997663283670342, 0.6395464616608361, 0.6003833698929776]","[0.6423134569639611, 1.0768760939477686]",-27.284748077392578,0.0,1299.8416854199013,207.6452264327179,0.0,0.0,0
219,"[0.7952121222890586, 0.28972085011268633, 0.6004417843559101, 0.45120987757160785, 0.5547174344852265, 0.8090415660116415, 0.5558568704395837, 1.0, 0.4525212180239868, 0.4322548231794754]","[0.6423134569639611, 1.0768760939477686]",-34.836212158203125,0.01,1840.8063659800962,76.21352434376743,1.0,0.0,0
220,"[0.5442763259434403, 0.687354970907628, 0.8809590293164159, 0.4065720600573411, 0.5866988288722634, 0.8336804132617919, 0.7402325397491142, 0.31863879813483365, 0.8809216779263429, 0.4947529753661932]","[0.6423134569639611, 1.0768760939477686]",-26.974227905273438,0.01,1978.2094475163722,9.365283419610819,3.0,0.0,0
221,"[0.9697860842582972, 0.4866312699138525, 0.3650626225176708, 0.577245535452829, 0.7198678118223869, 0.7864436904861977, 0.4931114886885324, 0.7612670423910716, 0.5906429439934033, 0.5440613801210832]","[0.6423134569639611, 1.0768760939477686]",-27.94419288635254,0.01,2206.1163719654487,30.12055683178957,2.0,0.0,0
222,"[0.6301271069270994, 0.3364181248872221, 0.6917257618328577, 0.5627766632956442, 0.38127198180648697, 0.8124761870888638, 0.5386308356646226, 0.9853710169433978, 0.33310186533190383, 0.3363810385345206]","[0.6423134569639611, 1.0768760939477686]",-38.879615783691406,0.0,1796.3147045450462,-50.554142485371585,0.0,0.0,1
223,"[0.42543585587352656, 0.2957645430059986, 0.7763678266343003, 0.4365437593316504, 0.3860159727301982, 0.46823150986348056, 0.7144165409085553, 1.0, 0.46630763279388643, 0.6077837968949639]","[0.6423134569639611, 1.0768760939477686]",-31.60042381286621,0.01,1586.6334086971617,233.21138934752003,0.0,0.0,0
224,"[0.6754906240698045, 0.6998727134889128, 0.3509217227172731, 0.5958255992922038, 0.692679483778644, 0.7963215484473908, 0.17559689154617067, 0.3739519876550399, 0.36003393688109964, 0.8452770783416412]","[0.6423134569639611, 1.0768760939477686]",-15.309240341186523,0.0,1982.4124476388067,165.5251005658913,1.0,0.0,0
225,"[0.19896840331578033, 0.34150853563710126, 0.5755739587156428, 0.5990826721067835, 0.45757876747230886, 0.49982754500898013, 0.4453373501614762, 0.0, 0.20242251647777576, 0.6666316506574732]","[0.6423134569639611, 1.0768760939477686]",-44.84199142456055,0.0,2350.3774639576995,-2.3313942783999266,0.0,0.0,1
226,"[0.5625394989738804, 0.4077163961842849, 0.6381924330611397, 0.6309143604859565, 0.35922654087837425, 0.820886425508257, 0.5957354320271847, 1.0, 0.19093490811374347, 0.31443550375398055]","[0.6423134569639611, 1.0768760939477686]",-37.46788787841797,0.01,1880.9083152310466,-72.05539181091319,2.0,0.0,0
227,"[0.5350724188445393, 0.3316281290138451, 0.638227190655971, 0.46498522123792824, 0.4462330057669972, 0.8334700336312271, 0.4124934674095955, 0.8338664509642472, 0.5533638055390018, 0.32272588245212436]","[0.6423134569639611, 1.0768760939477686]",-30.203750610351562,0.0,1624.1477662618322,80.07583007202234,2.0,0.0,0
228,"[0.6721537788630852, 0.7294670801534262, 0.6764382282115337, 0.35927890062300455, 0.3603653786193669, 0.6230600850164137, 0.7249058436439859, 0.003636595033046278, 0.6549456477693961, 0.5071558163094512]","[0.6423134569639611, 1.0768760939477686]",-24.399600982666016,0.0,2560.4026556374797,57.22734114751657,0.0,0.0,0
229,"[0.8408875997015841, 1.0, 0.5204979289410102, 0.8494161291484467, 0.6575164477948514, 1.0, 0.49582844958565286, 0.3496537273895926, 0.18319348788064593, 0.7297282892405306]","[0.6423134569639611, 1.0768760939477686]",-26.11029052734375,0.0,2765.3251876880367,-292.3386496055449,2.0,0.0,0
230,"[0.805360773100845, 0.9115154192009918, 0.6512517186163214, 0.5337831077224764, 0.8008477961841852, 0.8647255938284348, 0.9314532520653817, 0.3306269519794984, 0.35805655269721653, 0.5917221953927294]","[0.6423134569639611, 1.0768760939477686]",-35.35051727294922,0.0,1812.5424605999704,50.95435484304605,2.0,0.0,0
231,"[0.6315572772621372, 0.5806290055174971, 0.738610192089845, 0.43349400630878754, 0.48803991512681033, 0.5203945336532243, 0.6233278011140316, 0.030519724875438786, 0.5486041794009278, 0.08659786564057197]","[0.6423134569639611, 1.0768760939477686]",-31.83161163330078,0.0,2418.7739377594016,60.59668356347174,1.0,0.0,0
232,"[0.7226473868859857, 0.17801808610981953, 0.7241040789494548, 0.46789559724848573, 0.3891070524268787, 0.7140892627522474, 0.6848542384346907, 1.0, 0.48133794510501493, 0.6646385257408615]","[0.6423134569639611, 1.0768760939477686]",-39.30895233154297,0.02,1911.513870883455,-80.52377327615568,1.0,0.0,0
233,"[0.6357512495803015, 0.3226945073129781, 0.6452955464711697, 0.4841611827345573, 0.27654348594422484, 0.7113830876387914, 0.6173778971682362, 0.9362216166882589, 0.5433972007966027, 0.5067482448484063]","[0.6423134569639611, 1.0768760939477686]",-33.89058303833008,0.0,1482.446503603153,52.21852653400728,1.0,0.0,0
234,"[0.5959993396288957, 0.9013235810582026, 0.6550676259989152, 0.45014913272839263, 0.5227666448672009, 0.5502860054749943, 0.2370517907850358, 0.22579682765339848, 0.7362222601138709, 0.6465144482899983]","[0.6423134569639611, 1.0768760939477686]",-24.791444778442383,0.0,2006.3004030613547,59.64234586974618,2.0,0.0,0
235,"[0.8030606626393985, 0.6591716791090789, 0.4833290403858367, 0.5983191296266763, 0.7207115011808857, 0.7883681526335594, 0.0, 0.5283240107399082, 0.6189152606544239, 0.9172025013626949]","[0.6423134569639611, 1.0768760939477686]",-51.74005889892578,0.0,2166.248307261989,8.022162909268388,0.0,0.0,0
236,"[0.16976380779921585, 0.44988252292026853, 0.5306269276321546, 0.4920244418053424, 0.5262847647877167, 0.494597718678432, 0.4327648747967298, 0.13314933526588754, 0.25770799284918366, 0.7215269730885515]","[0.6423134569639611, 1.0768760939477686]",-37.88600540161133,0.0,2116.368973122912,34.66340114646073,1.0,0.0,0
237,"[0.3553560598825119, 0.4629826615639363, 0.8056215402542464, 0.4278721554158705, 0.4774948816139153, 0.4740590827088457, 0.622984747579516, 1.0, 0.2806428875667144, 0.6548943579838891]","[0.6423134569639611, 1.0768760939477686]",-31.966121673583984,0.0,1764.7963784935591,193.57618468596556,1.0,0.0,0
238,"[0.27688563049176623, 0.6320513693448896, 0.728513068641646, 0.41165293157744226, 0.5026223762312804, 0.5445386790552306, 0.5967690201036511, 1.0, 0.1333715268552668, 0.6306417396412369]","[0.6423134569639611, 1.0768760939477686]",-41.9889030456543,0.0,2230.289578337893,29.022251953767892,1.0,0.0,0
239,"[0.6926552660771148, 0.13983259000472614, 0.7171477231257833, 0.47696239875960783, 0.4786317553218602, 0.9117913726461007, 0.5748314259824134, 0.6898328314710864, 0.4150991782666898, 0.6029566129150616]","[0.6423134569639611, 1.0768760939477686]",-41.6076774597168,0.01,1962.5973474998932,-61.10495508463498,1.0,0.0,0
240,"[0.7877325858655995, 0.9413767811049293, 0.5144940700406463, 0.5825823410838524, 0.818593672430469, 0.7857902772452493, 0.24503087469284343, 0.27817077480433433, 0.6604238979195738, 0.7456931164157877]","[0.6423134569639611, 1.0768760939477686]",-29.000675201416016,0.0,2388.0545549154585,167.67032670945065,2.0,0.0,0
241,"[0.6576177286834509, 0.47411148653957713, 0.8302188602278167, 0.5320423706925715, 0.29379537901256414, 0.6346473831805057, 0.5204011438326828, 1.0, 0.39903671732938295, 0.33442557510771026]","[0.6423134569639611, 1.0768760939477686]",-55.324432373046875,0.0,2007.6340191569097,27.86617554830312,0.0,0.0,0
242,"[0.3273514130549115, 0.36327256573649686, 0.6731275226205673, 0.5716258196255346, 0.5172168556783776, 0.6208684566929018, 0.36313284731618395, 0.040237923979192576, 0.3366229523441163, 0.7685254609797433]","[0.6423134569639611, 1.0768760939477686]",-43.084716796875,0.0,2261.355524840632,-98.05146710849891,1.0,0.0,0
243,"[0.10295065321697433, 0.489229199037545, 0.7252835010356815, 0.6340657190308088, 0.5486744895922213, 0.48739930284335725, 0.27054143489254073, 0.3483847704022384, 0.32291875976116424, 0.8143135385284928]","[0.6423134569639611, 1.0768760939477686]",-36.01783752441406,0.01,2447.888812982544,94.15846493742467,4.0,0.0,0
244,"[0.266165191728182, 0.14534209974901147, 0.49860469086015824, 0.5821260177849472, 0.680608377255148, 0.6023547315480297, 0.24444272148314833, 0.10847323973004372, 0.20750650694025805, 0.7447299579216456]","[0.6423134569639611, 1.0768760939477686]",-45.73696517944336,0.0,2763.9652175415554,36.08422167116865,2.0,0.0,0
245,"[0.4026428463324439, 0.25160516756284584, 0.5100140702543623, 0.6045261363915525, 0.23944840777030238, 0.741285873052617, 0.8268409949228455, 1.0, 1.0, 1.0]","[0.6423134569639611, 1.0768760939477686]",-20.626157760620117,0.35,1329.8365023428998,94.48146497245196,4.0,0.0,0
246,"[0.7645464024059231, 0.5145757016477889, 0.5456401172877967, 0.6013911017505603, 0.6181624022441599, 0.8319598194097081, 0.20838699789508658, 0.05320550200656807, 0.5008206829169224, 0.7460513127831793]","[0.6423134569639611, 1.0768760939477686]",-23.63206672668457,0.0,1920.9253046286049,-11.764381713566308,1.0,0.0,0
247,"[0.8153449838104352, 0.5652374025403294, 0.17511424931742656, 0.6629863375942868, 0.5159140137547109, 0.9145734279281311, 0.8242204066648482, 0.5969826953686933, 0.33502226853042505, 0.5939651277161473]","[0.6423134569639611, 1.0768760939477686]",-35.551170349121094,0.01,2292.4367650181716,-140.4608301926557,2.0,0.0,0
248,"[0.6785379587716633, 0.4266915751685263, 0.8673957179638804, 0.45881374271881514, 0.4055301466356536, 0.5664209320626259, 0.5867862955604303, 1.0, 0.5236952515677404, 0.40955830743942434]","[0.6423134569639611, 1.0768760939477686]",-30.497669219970703,0.0,1885.6025526614662,134.0050232419478,0.0,0.0,0
249,"[0.29076833361710674, 0.6462295914323744, 0.6936885467788699, 0.49009898836124355, 0.5662888272995142, 0.5420388922857615, 1.0, 1.0, 0.3873982985894148, 0.6059445521321142]","[0.6423134569639611, 1.0768760939477686]",-32.64961624145508,0.01,1683.7260670025432,172.90253207176315,1.0,0.0,0
250,"[0.36822913234941734, 0.6405907628505931, 0.7377591958542237, 0.47315349058222883, 0.362920641624311, 0.4914385672063147, 0.7331109596857539, 0.24540531539099739, 0.7430961411298734, 0.3134149435700798]","[0.6423134569639611, 1.0768760939477686]",-19.58936309814453,0.0,2238.6777926787736,-27.555109340795923,1.0,0.0,0
251,"[0.7604154106254937, 0.9215770730730476, 0.5608035691928198, 0.5894531242885378, 0.6693953412168993, 0.8275082416099601, 1.0, 0.8374805867750622, 0.15427706024877935, 0.28635858509200945]","[0.6423134569639611, 1.0768760939477686]",-32.74574279785156,0.0,2319.9064541594353,-5.3141752851980755,2.0,0.0,0
252,"[0.3221205189942791, 0.6279092246080915, 0.7402315033959679, 0.37095327011929213, 0.5891300969988791, 0.45360019363481047, 0.5565292458918252, 1.0, 0.3364649924717309, 0.532499448881879]","[0.6423134569639611, 1.0768760939477686]",-37.56504440307617,0.0,1721.5073053711983,175.96619433068537,0.0,0.0,0
253,"[0.6993129006029137, 0.3813523736485733, 0.6622102672284153, 0.47619966252708007, 0.2719135706893079, 0.7523512221293006, 0.5530009925402396, 1.0, 0.5507237515415693, 0.33972165392705705]","[0.6423134569639611, 1.0768760939477686]",-38.83987808227539,0.0,1608.543901399238,93.87721006209921,2.0,0.0,0
254,"[0.2162832014916244, 0.21762495381734365, 0.7088910774021064, 0.30475479348312623, 0.3486668253660916, 0.2757533797172608, 0.6041502920004638, 0.0, 0.10728475449800334, 0.6615015587324649]","[0.6423134569639611, 1.0768760939477686]",-36.97676086425781,0.01,2647.559266260902,13.598315896538992,2.0,0.0,0
255,"[0.2604543312863532, 0.6596754488810073, 0.7092030075151118, 0.35877515472733146, 0.47553324458586216, 0.48442598112419283, 0.6401115826866312, 1.0, 0.3790187389661372, 0.5638892285279953]","[0.6423134569639611, 1.0768760939477686]",-37.56504440307617,0.0,1712.1092988519315,11.761371698562016,0.0,0.0,0
256,"[0.38556964463123494, 0.1480821591829997, 0.6764833580950219, 0.647822429335264, 0.32945522205981825, 0.603891837853352, 0.2823087811823696, 0.32438495323979066, 0.20895902745934325, 0.29424463571486703]","[0.6423134569639611, 1.0768760939477686]",-38.31649398803711,0.0,2471.898548892753,53.78357584871378,2.0,0.0,0
257,"[0.5978521435777897, 0.4491867948329968, 0.7954292917521539, 0.39452687722161894, 0.43218536565223975, 0.5511435526545907, 0.5592245724501782, 1.0, 0.49517115823003516, 0.5186474995468952]","[0.6423134569639611, 1.0768760939477686]",-26.490304946899414,0.0,1498.3262110370579,178.67597163519451,0.0,0.0,0
258,"[0.18844935683290162, 0.2948232899895284, 0.5531088578658189, 0.6708508257121225, 0.41073408880436796, 0.635314966634421, 0.4754539566798929, 0.0, 0.3173806808368206, 0.5510748161095173]","[0.6423134569639611, 1.0768760939477686]",-35.31380844116211,0.01,2655.2212036516576,21.34004954303552,2.0,0.0,0
259,"[0.8046749369524505, 0.5520713588098617, 0.5064005947354404, 0.6480554943677816, 0.7454709968026207, 0.6188022449973399, 0.0018196517672524433, 0.449332842068337, 0.5733309499881255, 1.0]","[0.6423134569639611, 1.0768760939477686]",-49.82597351074219,0.0,2192.6514182291407,-19.808534134670538,0.0,0.0,1
260,"[0.3154905942561226, 0.4074732680641371, 0.5881238392823183, 0.5566574304606324, 0.5429883844720373, 0.5307091692156746, 0.5277313871042605, 0.027261423806218266, 0.28860123025893564, 0.9196389213650675]","[0.6423134569639611, 1.0768760939477686]",-41.613494873046875,0.01,2062.920193609189,98.61676469241172,1.0,0.0,0
261,"[0.7833399331210014, 0.5796870822522575, 0.9399905507631364, 0.6338470448293639, 0.804267511451809, 1.0, 0.7577906367860646, 0.0, 0.42102505124274836, 0.0]","[0.6423134569639611, 1.0768760939477686]",-33.79273223876953,0.0,2346.796394412796,25.79719653177611,1.0,0.0,0
262,"[0.3999854381733516, 0.24970118403925834, 0.6456652691127134, 0.5142092483506527, 0.5322287675702566, 0.5472388538688551, 0.5304828469979226, 0.1510908115150909, 0.275611219186372, 0.877025925150189]","[0.6423134569639611, 1.0768760939477686]",-37.35570526123047,0.0,2017.361641873893,-0.02327651963861399,2.0,0.0,0
263,"[0.2814948914720424, 0.566967302963561, 0.6738116541337039, 0.43720092430604024, 0.22757609621882718, 0.5962367498645665, 0.7038850270332825, 1.0, 0.4175739885292519, 0.5009860281750754]","[0.6423134569639611, 1.0768760939477686]",-24.15791130065918,0.0,1730.0458157623339,69.58033072064794,1.0,0.0,0
264,"[0.8151626568703824, 0.535610065629044, 0.49920936789353143, 0.6228486442686704, 0.589833704546038, 0.8142062159548547, 0.0, 0.5451704041095684, 0.5345638233086061, 1.0]","[0.6423134569639611, 1.0768760939477686]",-34.459571838378906,0.01,2317.0552961156936,45.179746337611704,1.0,0.0,0
265,"[0.7066652600647896, 0.9139679147566288, 0.5254904102761627, 0.17057880188654048, 0.6005219232283714, 0.46428764079481216, 0.970475362436868, 0.20624011536614, 0.4334100873749113, 0.563060748213101]","[0.6423134569639611, 1.0768760939477686]",-41.35435485839844,0.0,2812.4133142314513,10.349918642435398,1.0,0.0,0
266,"[0.31294288474727594, 0.5890144011717772, 0.6421904508252618, 0.390308066721319, 0.5394700741182464, 0.33774652707445624, 0.8540472531043845, 1.0, 0.4359175777695188, 0.7945725244599761]","[0.6423134569639611, 1.0768760939477686]",-14.029932022094727,0.01,1371.7352100664286,122.98919238383976,3.0,0.0,0
267,"[0.5556823594856622, 0.6048772958587727, 0.8977000170097919, 0.5342722474800878, 0.4095157092668252, 0.7996431459994612, 0.8211867188605507, 1.0, 0.3748955670824112, 0.3297999860566705]","[0.6423134569639611, 1.0768760939477686]",-43.62590789794922,0.0,1894.5987273623625,162.49193687285984,1.0,0.0,0
268,"[0.5593075911384099, 0.38187216085278103, 0.5236250652288684, 0.541247323815605, 0.5646991247928954, 0.4532935294691089, 0.41200693904446206, 0.951960933898191, 0.776768161774767, 0.9278573194556856]","[0.6423134569639611, 1.0768760939477686]",-30.36797332763672,0.01,1457.8122174636042,172.62715904533854,3.0,0.0,0
269,"[0.7122245531772763, 0.11830821648292937, 0.6613025077641951, 0.39755807888744715, 0.3999311534407885, 0.7594815687585429, 0.5780190819958232, 0.6622948927748638, 0.4261168940072552, 0.6315578919545384]","[0.6423134569639611, 1.0768760939477686]",-19.50737190246582,0.01,1983.340282872623,69.13648127543613,1.0,0.0,0
270,"[0.45855402681908464, 0.9987266227529065, 0.7230518199895622, 0.2979725814502414, 0.5073085130093933, 0.48212961815525607, 0.8309660246376727, 0.6228844256088444, 0.5495510813123788, 0.4771777448171585]","[0.6423134569639611, 1.0768760939477686]",-32.34074020385742,0.0,2103.161261626603,170.32529048008934,1.0,0.0,0
271,"[0.683327656786563, 0.5004121641101197, 0.7057840950113085, 0.5413127757014556, 0.6319643888660157, 0.7120644814584677, 0.7032051050609901, 1.0, 0.5401152007766429, 0.3947836904429742]","[0.6423134569639611, 1.0768760939477686]",-29.61794662475586,0.0,1518.4150874492975,-28.23111239411645,0.0,0.0,1
272,"[0.304797905069855, 0.13906334836461978, 0.0, 0.3549678609242002, 0.2851035362571474, 0.6859630917460652, 0.3247608512947284, 0.32532158345352424, 0.8100231455544363, 0.11493088661227072]","[0.6423134569639611, 1.0768760939477686]",-22.111854553222656,0.01,2196.7939939390803,28.968093558559474,4.0,0.0,0
273,"[0.7402766296923582, 0.3937110942753431, 0.5150532491379108, 0.6103592328941299, 0.5244000585492995, 0.7494018170627501, 0.3331552251634529, 0.5025205842215407, 0.6018134996482529, 0.7182166845857245]","[0.6423134569639611, 1.0768760939477686]",-21.3254337310791,0.0,1715.1778137675167,22.617164079959565,0.0,0.0,0
274,"[0.32562327632536436, 0.8208916155874634, 0.6589298451126787, 0.355781390318875, 0.49354427710208454, 0.5911948097614249, 0.6713442947831875, 0.927212454006613, 0.470503408336866, 0.5643495378315432]","[0.6423134569639611, 1.0768760939477686]",-26.59624671936035,0.0,1814.7915230921396,44.66494708314352,1.0,0.0,0
275,"[0.2799879648674429, 0.6839709023986252, 0.7936293421295331, 0.30679420218142034, 0.5537239630802178, 0.3683179065363344, 0.6635908413752164, 0.9998081026892474, 0.13321431788026858, 0.22186051622514477]","[0.6423134569639611, 1.0768760939477686]",-43.31475830078125,0.0,2471.6056871993496,-142.3741593336979,1.0,0.0,0
276,"[0.43703595644779497, 0.9074019963127061, 0.54133209806995, 0.3623979923523252, 0.34002077646247947, 0.5144390255807358, 0.8259013151961461, 0.2697919374376946, 0.6354616829125763, 0.45202821130339343]","[0.6423134569639611, 1.0768760939477686]",-33.241493225097656,0.0,2352.022753958421,59.741574765043964,1.0,0.0,0
277,"[0.6221331765263172, 0.25392513767846536, 0.35716450851790843, 0.542216001958981, 0.44090518143488866, 0.35404605658725585, 0.8598140798350169, 0.49128979480935, 0.3350549408555237, 0.6004668083746045]","[0.6423134569639611, 1.0768760939477686]",-35.289772033691406,0.02,2044.2669891173064,115.09692885626143,3.0,0.0,0
278,"[0.7532281110331807, 0.6388980977372568, 0.5843613521777103, 0.6922527833640245, 0.719443574709931, 0.7256514086722179, 0.8277299395299795, 0.33414370491367185, 0.26766329356910823, 0.19255681766486116]","[0.6423134569639611, 1.0768760939477686]",-19.732831954956055,0.0,1725.6789226692567,118.87313641395406,0.0,0.0,0
279,"[0.5577527576930036, 0.4584934401073775, 0.6812298249220807, 0.6342933551683726, 0.4988828175439685, 0.6881396054882655, 0.6193717414732154, 1.0, 0.4413769635326961, 0.5844023077699504]","[0.6423134569639611, 1.0768760939477686]",-28.223665237426758,0.0,1318.7197112196461,162.96027696294135,0.0,0.0,0
280,"[0.3106951229159782, 0.5891538131864696, 0.732428946203023, 0.36982300022561054, 0.470100797308794, 0.5314307821700262, 0.2880684245470724, 1.0, 0.3990206694800906, 0.5152003383092515]","[0.6423134569639611, 1.0768760939477686]",-41.84906768798828,0.0,2023.238274448846,10.315384293388604,0.0,0.0,0
281,"[0.12839738798701913, 0.884086581645175, 0.7764112873127067, 0.29240111611099123, 0.9139841522547263, 0.45251498399177237, 0.31510105935508853, 0.8335231546990212, 0.48616009329959503, 0.5331361876872359]","[0.6423134569639611, 1.0768760939477686]",-40.8508415222168,0.0,2652.4698434807738,-27.029347507547755,2.0,0.0,0
282,"[0.3271443403086606, 0.6168384204924977, 0.5184672770784909, 0.5698777562807772, 0.3464731103688251, 0.48724998864189834, 0.09662921378478422, 1.0, 0.26709255989915276, 0.1298619672598377]","[0.6423134569639611, 1.0768760939477686]",-38.007835388183594,0.01,2432.8930511763133,-42.6864204055268,2.0,0.0,0
283,"[0.777588323808738, 0.19296064736882884, 0.5222102323819718, 0.6187191935477628, 0.4745127321685715, 0.848245515414488, 0.49344650077227503, 0.5439142241123113, 0.41504637961945035, 0.2350594258969053]","[0.6423134569639611, 1.0768760939477686]",-41.09021759033203,0.0,2312.749618190679,-16.3301372175589,1.0,0.0,0
284,"[0.5940248006441919, 0.44081026759365133, 0.8300292154684225, 0.7882183935276978, 0.5941563560918637, 0.8932824137199463, 0.3941511458757166, 0.9787408160873692, 0.3981656015938765, 0.4275110308659837]","[0.6423134569639611, 1.0768760939477686]",-43.1266975402832,0.0,2034.3637197680819,-9.552056793419467,2.0,0.0,0
285,"[0.1993702955338698, 0.49188340219375865, 0.631616356377895, 0.2308872127155785, 0.31742615442605876, 0.43247823101872385, 0.6580836811210471, 0.0, 0.0, 0.897579096441626]","[0.6423134569639611, 1.0768760939477686]",-25.975292205810547,0.02,3118.5344958037404,-241.82753793238885,2.0,0.0,0
286,"[0.4853975463297912, 0.258406712167055, 0.7735992963425589, 0.574115829896976, 0.4856697170311059, 0.7647747570431093, 0.011569468943109453, 0.0, 0.38311184587728675, 1.0]","[0.6423134569639611, 1.0768760939477686]",-51.21088409423828,0.02,2868.3915037741654,-140.0384136038627,3.0,0.0,0
287,"[0.6852067100542215, 0.5427977580671458, 0.8533761195521581, 0.5345045207316966, 0.21728782202801364, 0.46744552895028885, 0.6277028261153126, 1.0, 0.4406475168911345, 0.3202084600398001]","[0.6423134569639611, 1.0768760939477686]",-42.0196647644043,0.0,2273.8252906570865,-3.1079005571373273,1.0,0.0,0
288,"[0.30840642876741947, 0.6298428098760982, 0.686371116922167, 0.5233640514199591, 0.47786344266241826, 0.5384273160187388, 0.3315059968608096, 0.999211746657663, 0.39660811259314166, 0.5181698247976454]","[0.6423134569639611, 1.0768760939477686]",-35.108524322509766,0.0,1731.3880039236662,43.99559328576407,0.0,0.0,0
289,"[0.6936685084156383, 0.2776893236387717, 0.7493547784974774, 0.49725084903166256, 0.3082050105956649, 0.8779512708227116, 0.6572600682055535, 0.929045479618668, 0.2927059710206376, 0.35953098073445755]","[0.6423134569639611, 1.0768760939477686]",-39.12435531616211,0.01,2047.9532828730476,126.04294584278921,1.0,0.0,0
290,"[0.6264225357091885, 0.2946851532860555, 0.6759493916391345, 0.555205978231145, 0.5925267832675284, 0.7879701572072862, 0.4471541568643165, 0.1483575252039636, 0.07565577678344708, 0.6139430808083037]","[0.6423134569639611, 1.0768760939477686]",-40.273338317871094,0.0,2337.7868397882103,17.09979177627912,0.0,0.0,0
291,"[0.590445897751834, 0.29755452978324864, 0.5875797392538997, 0.5091174196570597, 0.5826291595162173, 0.7705233229636952, 0.9519085054385833, 0.0, 0.41970731023245755, 0.2831272764967822]","[0.6423134569639611, 1.0768760939477686]",-35.98690414428711,0.07,2422.671930744868,-6.5085446316912225,1.0,0.0,0
292,"[0.8266104973241971, 0.5855958211470961, 0.5076457943691879, 0.6589583698621402, 0.6900384325818283, 0.6624740525304846, 0.0272030227575386, 0.6253792280197003, 0.6397190435551482, 1.0]","[0.6423134569639611, 1.0768760939477686]",-49.18962097167969,0.0,2294.1738618299005,-1.3150420572886503,0.0,0.0,1
293,"[0.520154502225949, 0.45435133004318234, 0.8426065594702339, 0.30548262277962074, 0.1549897402949202, 0.5277154021864078, 0.8248705651920447, 0.4890703703642042, 0.5210728807759619, 0.14975747458680294]","[0.6423134569639611, 1.0768760939477686]",-43.577579498291016,0.01,2598.1812128291886,-105.95412631889951,3.0,0.0,0
294,"[0.18048479010021426, 0.5199988149559909, 0.5495418722357194, 0.6781304111846843, 0.3562947616589157, 0.45995277451804367, 0.44221131258311813, 0.841582998143576, 0.16189561358542717, 0.46759494074143637]","[0.6423134569639611, 1.0768760939477686]",-34.93627166748047,0.0,2194.7502306920237,-24.097792559301297,1.0,0.0,0
295,"[0.370048489095493, 0.7717499973254424, 0.6004170742313729, 0.46062239131057514, 0.49876936180873743, 0.44378216971491935, 0.5125796363535283, 0.5834062375570899, 0.5176863748702066, 0.6173248600730865]","[0.6423134569639611, 1.0768760939477686]",-18.859975814819336,0.0,1662.6356593468597,74.18305735900566,0.0,0.0,0
296,"[0.36268624800712534, 1.0, 0.6644938640822059, 0.5080649677186199, 0.8705773657334502, 0.2717434718588244, 0.5756788668794168, 0.7673368324745067, 0.30084645169122903, 0.7176646547526299]","[0.6423134569639611, 1.0768760939477686]",-36.89970397949219,0.0,2257.845913331315,4.8972551573085354,3.0,0.0,0
297,"[0.3778394789021588, 0.4212979531343701, 0.5073127523021868, 0.584359980198441, 0.6734719914267723, 0.6577918446396565, 0.5405653076944099, 0.0, 0.2418854432688947, 0.9547743650796825]","[0.6423134569639611, 1.0768760939477686]",-51.98651885986328,0.0,2107.0337024200303,43.630754199751635,1.0,0.0,0
298,"[0.6979253047422564, 0.2134504226651441, 0.6667086100800231, 0.7553087276807482, 0.26553670849955485, 1.0, 0.4971206095804624, 0.7883854663988727, 0.4865994642760447, 0.10240688328609797]","[0.6423134569639611, 1.0768760939477686]",-46.90287399291992,0.0,2600.340786724795,-104.50415985408489,1.0,0.0,0
299,"[0.6672398626483409, 0.5037091068484706, 0.7486377378699651, 0.5412638182117386, 0.3500458999816084, 0.8062397066147676, 0.5606492410706911, 1.0, 0.4702456751473163, 0.22547771196393665]","[0.6423134569639611, 1.0768760939477686]",-39.39033126831055,0.0,1741.5187143196695,88.84559617942404,1.0,0.0,0
300,"[0.7416036079067204, 0.4903342229281132, 0.7735204270197381, 0.6615771927314577, 0.4220908945995175, 0.8383928404528689, 0.4683779567483928, 1.0, 0.34814402201360195, 0.19322115215111432]","[0.6423134569639611, 1.0768760939477686]",-37.507659912109375,0.0,2094.6386550894636,-22.54515238213827,2.0,0.0,0
301,"[0.6587509051226158, 0.6577610930400689, 0.859723970919029, 0.5588774011030939, 0.4531711736953314, 0.5038732908650957, 0.42888526144102657, 1.0, 0.49461668675835657, 0.3123572920190486]","[0.6423134569639611, 1.0768760939477686]",-39.39033126831055,0.0,1919.78012964053,127.01031373948697,1.0,0.0,0
302,"[0.7228356089258658, 0.31771998437177823, 0.4651520635616469, 0.6789403974567568, 0.6555698136312541, 0.6585763105351164, 0.41318053183092657, 0.19384294063620655, 0.24546229644622738, 0.7273820781196382]","[0.6423134569639611, 1.0768760939477686]",-34.99007797241211,0.0,2242.681519699438,91.62945951449802,1.0,0.0,0
303,"[0.42623972649284325, 0.5044425810153059, 0.7661469515019033, 0.5509510558675115, 0.0, 0.6630683788599857, 0.7242823176372841, 0.3241409837747041, 0.7804309859521382, 0.0]","[0.6423134569639611, 1.0768760939477686]",-38.12932586669922,0.0,2914.637620827771,130.48634195516246,4.0,0.0,0
304,"[0.5198805484460194, 0.38908859563348847, 0.5856830445304726, 0.4823546563315106, 0.7460490960721817, 1.0, 0.9627794676685661, 0.0, 0.4372494060533588, 0.8331525653797694]","[0.6423134569639611, 1.0768760939477686]",-19.74770164489746,0.02,2450.657580512876,25.36070562736782,2.0,0.0,0
305,"[0.26695664425280297, 0.7306818046892263, 0.7043533973334045, 0.2669193359322768, 0.5705255652443154, 0.4113631185697289, 0.3820204663613849, 1.0, 0.4978148508996277, 0.6577723030895853]","[0.6423134569639611, 1.0768760939477686]",-31.565921783447266,0.0,2024.5735663772402,107.9152068954771,1.0,0.0,0
306,"[0.4173012036683214, 0.13306275831238104, 0.5480388592973637, 0.4001934195965956, 0.4904166061560379, 0.5109817424748503, 0.21057576396403713, 0.0, 0.11459623805693205, 0.38047610900606466]","[0.6423134569639611, 1.0768760939477686]",-36.48075866699219,0.0,2517.0723692813804,2.683518291071863,2.0,0.0,0
307,"[0.46813742962441945, 0.2753098504971684, 0.6548801050421822, 0.48896537042392746, 0.5462265834764519, 0.5825960568502025, 0.3747423492320915, 1.0, 0.4815583700959006, 0.7293944569966954]","[0.6423134569639611, 1.0768760939477686]",-48.76212692260742,0.0,1462.9977664708993,80.06489907100246,1.0,0.0,0
308,"[0.39822100049996345, 0.425477295271393, 0.6993446835191994, 0.5409823158803996, 0.4730391059085467, 0.6175368019900465, 0.4219271006653626, 1.0, 0.5291427366151785, 0.6449164175136535]","[0.6423134569639611, 1.0768760939477686]",-29.933032989501953,0.0,1480.4753182999814,119.21712275777787,0.0,0.0,0
309,"[0.5976802151219932, 0.376541417116303, 0.8035016539701533, 0.560123620928015, 0.42198923539072397, 0.6531316115629952, 0.40211774778393855, 1.0, 0.4336546617597171, 0.5087755953232798]","[0.6423134569639611, 1.0768760939477686]",-38.790565490722656,0.0,1796.2520664115395,58.77350796308053,0.0,0.0,0
310,"[0.40073152846658894, 0.29884305900986774, 0.8255165001282984, 0.6094788696596912, 0.42398207071743543, 0.6340626216805859, 0.7652003669053563, 1.0, 0.3096568132267597, 0.6393325284745529]","[0.6423134569639611, 1.0768760939477686]",-34.745567321777344,0.01,2051.094791480245,212.26657349564607,0.0,0.0,0
311,"[0.7903125874603256, 0.6091150755939796, 0.985743283601638, 0.7250673694928833, 0.5900836804785345, 1.0, 0.8934985124156916, 0.7234230831632965, 0.28293550049951993, 0.22920140313809703]","[0.6423134569639611, 1.0768760939477686]",-30.40161895751953,0.0,2248.1702638679353,9.859502662597293,2.0,0.0,0
312,"[0.4554194829048076, 0.34578982418286724, 0.4632391034013195, 0.8064327077964383, 0.5939541584562671, 0.7851096299811422, 0.24438257403581798, 0.0, 0.5566167280291712, 0.7920877613513408]","[0.6423134569639611, 1.0768760939477686]",-29.665119171142578,0.0,2612.6565402276315,20.818458550674706,3.0,0.0,0
313,"[0.44881994744835146, 0.5812510709001402, 0.8618763895121546, 0.3916646579929387, 0.4055523343642772, 0.4119380706463311, 0.7748781370370469, 0.9186542641802815, 0.2533365003963721, 0.33430582589508784]","[0.6423134569639611, 1.0768760939477686]",-38.94607925415039,0.0,1893.506930305933,115.0818954285044,1.0,0.0,0
314,"[0.8379511330019186, 0.5517816249366425, 0.3808845445750986, 0.5446952494777639, 0.7146846773505625, 0.6537564838300998, 0.2570857253596568, 0.5483162121113009, 0.5123083452277389, 0.9242906985638281]","[0.6423134569639611, 1.0768760939477686]",-42.17235565185547,0.0,2024.6477842831193,-27.533097378244747,0.0,0.0,1
315,"[0.7541682742839306, 0.13349773231281256, 0.553724972127737, 0.6267758424234284, 0.6229466300885944, 0.34424872426848774, 0.6366972682279249, 0.06256025437623576, 0.2826739477291982, 0.042605166122282434]","[0.6423134569639611, 1.0768760939477686]",-21.174352645874023,0.01,2875.665175303846,131.93358687651207,2.0,0.0,0
316,"[0.6887682919439466, 0.34549342634791497, 0.6048009533267895, 0.28983280096372327, 0.622692962591037, 0.7307670860031135, 0.14214165482250182, 0.1461660187859016, 0.2574952467006217, 0.9644857023476907]","[0.6423134569639611, 1.0768760939477686]",-36.23152542114258,0.0,2224.9593022447257,38.535012707937994,3.0,0.0,0
317,"[0.5717601959835016, 0.21051323938871488, 0.8085641281227941, 0.5270832347085639, 0.49508871727004616, 0.8215438298366515, 0.5557405420841217, 1.0, 0.606025465683874, 0.6870193723674362]","[0.6423134569639611, 1.0768760939477686]",-31.640037536621094,0.0,1672.2923986637866,106.86107810573898,1.0,0.0,0
318,"[0.5957756188868483, 0.4868558123192541, 0.6912422538524439, 0.6191890631838808, 0.26402714079691986, 0.4035994234606239, 0.4433163372676073, 0.715559776569394, 0.5578493147739175, 0.4501490164244316]","[0.6423134569639611, 1.0768760939477686]",-27.351987838745117,0.0,1721.4659915994985,58.776693037509744,0.0,0.0,0
319,"[0.5345575661636534, 0.5877807988473901, 0.7911270334907681, 0.2983707974208873, 0.769367773505789, 0.7888496328179865, 0.2884701737298359, 1.0, 0.47049717504676475, 0.5411479938882278]","[0.6423134569639611, 1.0768760939477686]",-37.56504440307617,0.0,2448.9481988855946,-266.5931122251852,1.0,0.0,0
320,"[0.8622874166136668, 0.25191446794143973, 0.3762910892093282, 0.7659487121631878, 0.0, 0.8515304228442645, 0.6406044611979174, 1.0, 0.9065801967409463, 0.09619293742636215]","[0.6423134569639611, 1.0768760939477686]",-24.77103042602539,0.04,2630.7870177187283,67.07225622758571,2.0,0.0,0
321,"[0.8004338541171151, 0.5777967160346077, 0.42114861635526396, 0.6020015052855657, 0.7425945881719749, 0.6440479957240522, 0.0771196173217259, 0.6166371797504224, 0.5515947655515708, 0.9703963029497633]","[0.6423134569639611, 1.0768760939477686]",-48.7161750793457,0.0,2273.144924928607,-68.3190437208367,0.0,0.0,1
322,"[0.7648989152237492, 0.6427715906122418, 0.5459291700308487, 0.6628398947304107, 0.4952512581854298, 0.8910354018365707, 0.7278371862003967, 0.6000457993463972, 0.4557543531048524, 0.44307344512265784]","[0.6423134569639611, 1.0768760939477686]",-20.602813720703125,0.0,1533.0233342414435,-15.231582874621836,0.0,0.0,1
323,"[0.9582643191318533, 0.3895990223026497, 0.7057806750786354, 0.6460439477524448, 0.7173724808966045, 0.711695709492248, 0.0, 0.8395900656582131, 0.22762757172882034, 0.6206196979344019]","[0.6423134569639611, 1.0768760939477686]",-30.958187103271484,0.0,2441.2220294179965,-113.45797090846929,2.0,0.0,0
324,"[0.6795238022233615, 0.465240274220317, 0.8078124526248927, 0.5461115446341052, 0.35375384827377965, 0.6090370193494384, 0.5545799360867059, 0.9465916379764056, 0.514054738006822, 0.4346603445168382]","[0.6423134569639611, 1.0768760939477686]",-32.05632400512695,0.0,1649.4873458942168,101.239977212763,0.0,0.0,0
325,"[0.6334289629374477, 0.12171836176726994, 0.6629715988891502, 0.40541854367419156, 0.3211897486093775, 1.0, 0.012490319299873553, 0.405506963194673, 0.40796648296173316, 0.21621731448420242]","[0.6423134569639611, 1.0768760939477686]",-51.92974853515625,0.01,2374.530450399108,-97.0517165184462,4.0,0.0,0
326,"[0.6652237905701069, 0.2433558508066135, 0.5771116030425185, 0.6557503414482257, 0.4929942469516518, 1.0, 0.7424587144834498, 0.843562007849804, 0.35914731504817893, 0.2590273858834981]","[0.6423134569639611, 1.0768760939477686]",-37.62776184082031,0.02,2150.5407304577307,-47.23958373241567,5.0,0.0,0
327,"[0.623854355098186, 0.2003954445843278, 0.8297395677842383, 0.4745832972431085, 0.5297619683737378, 0.7642132103155318, 1.0, 1.0, 0.622328825451838, 0.6586214717483532]","[0.6423134569639611, 1.0768760939477686]",-22.552513122558594,0.43,1952.7050992689467,141.92736379826493,1.0,0.0,0
328,"[0.34894412648659395, 0.5935431859088767, 0.7168852974972912, 0.303634384191695, 0.3657250882106768, 0.5353473087062347, 0.7202121722156734, 0.2540643137612737, 0.446479217769684, 0.38943823910463515]","[0.6423134569639611, 1.0768760939477686]",-12.844484329223633,0.0,2044.9799325054566,111.47729923627995,0.0,0.0,0
329,"[0.6434824961342903, 0.3227745996854284, 0.6593789499423756, 0.5993037043355829, 0.5705064519381233, 0.6598556084488989, 0.5180794763957173, 1.0, 0.43846374852190734, 0.5100860655285221]","[0.6423134569639611, 1.0768760939477686]",-34.836212158203125,0.0,1518.186954454045,123.34327695078866,1.0,0.0,0
330,"[0.8198741525924664, 0.5847096562427325, 0.38846921372072785, 0.6098444197506919, 0.7188047020944227, 0.6078019589469872, 0.16387928899572002, 0.7304798216084979, 0.43129593996207716, 0.8651746481579512]","[0.6423134569639611, 1.0768760939477686]",-35.13148880004883,0.0,2335.45535298195,-195.65431445308718,1.0,0.0,0
331,"[0.8394990799914442, 0.8333389431953497, 0.4898116243857779, 0.6430361302931524, 0.5845567509683836, 0.7763019368987972, 0.9217167364097715, 0.5661297123794595, 0.2844663641029672, 0.49047482664163145]","[0.6423134569639611, 1.0768760939477686]",-29.073448181152344,0.0,1850.0526511482262,49.927359440191566,0.0,0.0,0
332,"[0.3064327294925748, 0.2474401548584627, 0.9582973950632222, 0.6580912924653629, 0.3203759472022919, 0.8295766677021313, 0.6154494228651953, 0.033807653890633727, 0.443738857827283, 0.1650259715334159]","[0.6423134569639611, 1.0768760939477686]",-49.359596252441406,0.02,3383.775056005118,-118.17118501044968,3.0,0.0,0
333,"[0.7785615558001614, 0.7037089224562074, 0.9101453560671001, 0.6703647669386781, 0.8628331098782913, 0.6989807527185894, 0.750672345489412, 0.0, 0.8513515508010885, 0.21619352251186041]","[0.6423134569639611, 1.0768760939477686]",-29.93804931640625,0.0,1892.7863623623057,100.39037717631118,1.0,0.0,0
334,"[0.577069491549017, 0.4843000523414431, 0.7200600308157269, 0.5724555139091547, 0.5341516730715344, 0.7812024218098437, 0.7127528936130043, 1.0, 0.5468122706232039, 0.4494282017686669]","[0.6423134569639611, 1.0768760939477686]",-25.912015914916992,0.0,1297.575880611102,77.59129996015227,1.0,0.0,0
335,"[0.5207553691305151, 0.4071510649761419, 0.7525234028795414, 0.5713734086071521, 0.4431303206032673, 0.6794809093000753, 0.4280228625804748, 1.0, 0.3758445312189119, 0.48182249453458686]","[0.6423134569639611, 1.0768760939477686]",-33.41984939575195,0.0,1622.2367736951971,144.13146560957014,0.0,0.0,0
336,"[0.8444007091098092, 0.4070453107944383, 0.5705463579247736, 0.40955482978292673, 0.592403426047821, 0.6059748169671028, 0.8690672310840412, 0.9861922208930961, 0.3026279105835798, 0.3694608690917961]","[0.6423134569639611, 1.0768760939477686]",-39.24517822265625,0.01,2209.3565092345466,-72.46321267990425,4.0,0.0,0
337,"[0.44338354851199807, 0.37243248804216533, 0.7813701958223817, 0.6967908349393975, 0.7402909813008088, 0.4516699667172812, 0.31206324244084727, 1.0, 0.3049847145868158, 0.5722825605183925]","[0.6423134569639611, 1.0768760939477686]",-24.081605911254883,0.0,2181.3010387962845,-9.000212673570331,1.0,0.0,0
338,"[0.6364375204105092, 0.3087029697554062, 0.6733714049842051, 0.35452435024835965, 0.44115697141242405, 0.6310897999894842, 0.6994267865038333, 1.0, 0.6353851113046357, 0.5360717138502064]","[0.6423134569639611, 1.0768760939477686]",-37.017120361328125,0.01,1468.939628281462,120.75795204493579,1.0,0.0,0
339,"[0.3467669447117876, 0.4800114262567665, 0.5129368226845479, 0.5945727447176014, 0.32362242236985234, 0.7968255855448265, 0.05224022013231592, 1.0, 0.7211892422924243, 0.5318425402280705]","[0.6423134569639611, 1.0768760939477686]",-44.8365592956543,0.01,2404.1534135779234,-179.81538098670865,3.0,0.0,0
340,"[0.5121873883890076, 0.4061506661736912, 0.6489058639268495, 0.40019201709951624, 0.37377738069599625, 0.5444824849782227, 0.7695799704307076, 0.9310816877300143, 0.5376359670699764, 0.46886228273939995]","[0.6423134569639611, 1.0768760939477686]",-25.2164249420166,0.01,1425.669041983549,129.21468462052647,2.0,0.0,0
341,"[0.7447892515625973, 0.4772488969820443, 0.8494599310300627, 0.5082258365682307, 0.3930281979183795, 0.5975933333783553, 0.6877652473600163, 1.0, 0.7284119414160721, 0.5781262571835387]","[0.6423134569639611, 1.0768760939477686]",-31.582788467407227,0.0,1756.660459344178,166.8257946979065,2.0,0.0,0
342,"[0.4883105052409443, 0.24492271579673772, 0.5662632284995281, 0.38943026168919925, 0.6415726425210695, 0.7628238275772612, 0.5838714513709917, 1.0, 0.38258821847065044, 0.8708454892985279]","[0.6423134569639611, 1.0768760939477686]",-34.69736862182617,0.01,1658.364722032186,2.823866238210627,2.0,0.0,0
343,"[0.7619027087381991, 0.3662856220452487, 0.5339964891194746, 0.7478839400906526, 0.7031887996829342, 0.9651561550018418, 0.6630554359578252, 0.31239549507056846, 0.0, 0.45792594440520423]","[0.6423134569639611, 1.0768760939477686]",-21.43548583984375,0.0,2752.574319358806,-119.94740346262114,1.0,0.0,0
344,"[0.7879151792954648, 0.5377364625622892, 0.49426659629810077, 0.5948902720140923, 0.8054581739307481, 0.5747658967684743, 0.18725893313267938, 0.5445673512955587, 0.5559443774798818, 1.0]","[0.6423134569639611, 1.0768760939477686]",-39.331077575683594,0.0,2101.8022713007904,83.22701186040479,0.0,0.0,0
345,"[0.6114211108414472, 0.3918579411404981, 0.7649849513982183, 0.6000345220751069, 0.36787569217338073, 0.6939340891058657, 0.5012024981420319, 0.9975290234959491, 0.3717720520413769, 0.40996382620510724]","[0.6423134569639611, 1.0768760939477686]",-33.26771926879883,0.0,1846.7983911263996,94.77170234236814,1.0,0.0,0
346,"[0.6453639347007976, 0.7681870749915856, 0.6287081671256566, 0.6086770283613784, 0.7995245737929075, 0.6525261088677834, 0.9656133880492723, 0.28265180550637553, 0.43207483283994014, 0.5937758329372086]","[0.6423134569639611, 1.0768760939477686]",-21.392608642578125,0.0,1739.206935871339,0.7363433770024983,0.0,0.0,0
347,"[0.5656556050157165, 0.6071406554032864, 0.805143324671537, 0.7025920582151782, 0.39595237670001526, 0.6473024765176512, 0.8075159424447464, 1.0, 0.3664271942435758, 0.3051679836238982]","[0.6423134569639611, 1.0768760939477686]",-34.78148651123047,0.0,2070.6232069512616,-23.82611413256393,2.0,0.0,0
348,"[0.6505489799237809, 0.7311235750483874, 0.6758481406918334, 0.49698429966903784, 0.6602378902533863, 0.6507655743117443, 0.8914163494342213, 0.1950028175749784, 0.3686675449569348, 0.28640543260346196]","[0.6423134569639611, 1.0768760939477686]",-22.302024841308594,0.0,1760.1996429089315,97.45815029850903,0.0,0.0,0
349,"[0.7533149566665838, 0.22411808766662453, 0.6546040330937752, 0.530140307000048, 0.37367591037017783, 0.8928046968635805, 0.4551726851036484, 0.6023028499279466, 0.3791528275507959, 0.517742077387938]","[0.6423134569639611, 1.0768760939477686]",-34.81867980957031,0.0,1914.00413157749,-18.195122580461316,0.0,0.0,1
350,"[0.7030754283642617, 0.3127832102410352, 0.7533569121176252, 0.5154328357600619, 0.3347852201570049, 0.7865083912188215, 0.6396325516728296, 0.7578777146796193, 0.309340160984599, 0.5392928095632668]","[0.6423134569639611, 1.0768760939477686]",-36.276065826416016,0.0,1944.4471490042656,155.56527410554347,1.0,0.0,0
351,"[0.4905684968157506, 0.45836470414780345, 0.497285609918647, 0.4437943057422714, 0.5674420371447374, 0.546931015708281, 0.4124123188773132, 0.0, 0.1994896420791082, 0.9158743853600156]","[0.6423134569639611, 1.0768760939477686]",-30.85996437072754,0.0,1854.487173944768,21.469323480619437,3.0,0.0,0
352,"[0.5817528867846112, 0.5043198629573168, 0.7326604018112385, 0.46751665941722725, 0.5715796897563364, 0.803832821198286, 0.42499181421865473, 0.0, 0.2920732127531702, 0.5731707258873663]","[0.6423134569639611, 1.0768760939477686]",-33.42013931274414,0.0,2009.4564889297774,22.136212002946223,1.0,0.0,0
353,"[0.601865223977526, 0.8839213516172533, 0.48731784434519465, 0.3267683828014466, 0.5396060724062589, 0.5579157813658608, 0.3975181165143694, 0.35716451906152297, 0.23853928265014973, 0.3628869863602241]","[0.6423134569639611, 1.0768760939477686]",-18.562841415405273,0.0,2169.9004046339937,164.3334903372962,3.0,0.0,0
354,"[0.835255984567288, 0.3408522911060716, 0.6517701289918528, 0.6466801477642972, 0.7894031881871172, 0.8098908900923727, 0.4360655531649336, 0.14950299136248407, 0.358421392146688, 0.9542648959509848]","[0.6423134569639611, 1.0768760939477686]",-44.810482025146484,0.0,2261.2319108642964,-0.46492374183023344,1.0,0.0,0
355,"[0.4664610585187189, 1.0, 0.5369503899790208, 0.5646033377614015, 0.6844120010371519, 0.7024541091592196, 0.5345801621038266, 0.23288567106473854, 0.47845488871660197, 0.6470193124783933]","[0.6423134569639611, 1.0768760939477686]",-29.240150451660156,0.0,2379.138667143525,-92.67063745588513,3.0,0.0,0
356,"[0.7669739449576419, 0.18353489157811895, 0.7090286686641012, 0.475417517855818, 0.07047934979326288, 1.0, 0.36476508564828736, 0.7412313357769634, 0.5630364989937837, 0.31749030867003997]","[0.6423134569639611, 1.0768760939477686]",-43.490901947021484,0.0,1968.0612580021864,47.76593126927273,2.0,0.0,0
357,"[0.4412430091833308, 0.5744982239815225, 0.6656403954886881, 0.6503954191223351, 0.5367406439524145, 0.4501053870521722, 0.3428446102831814, 1.0, 0.5726222338405332, 0.3567637212110594]","[0.6423134569639611, 1.0768760939477686]",-20.937101364135742,0.0,1539.5754248049727,184.93154178774097,2.0,0.0,0
358,"[0.53717552202913, 0.4086011232293202, 0.5533918807731864, 0.6425090734718621, 0.6020799046358566, 0.4234734065033778, 0.5989338768711486, 0.0, 0.27215873999231827, 0.7933019376448409]","[0.6423134569639611, 1.0768760939477686]",-33.42767333984375,0.0,2081.538309349433,-55.275688459546416,0.0,0.0,1
359,"[0.6153996944671817, 0.37409771189921043, 0.5564820722511589, 0.6111158138074768, 0.6274591874713202, 0.4469178478468902, 0.31779080452078656, 0.0, 0.28887351328898037, 0.8004778320215431]","[0.6423134569639611, 1.0768760939477686]",-21.08677101135254,0.0,2202.3699472469625,-11.501335620652412,0.0,0.0,1
360,"[0.6425555729923595, 0.22688643608363102, 0.683685253219758, 0.504776343009763, 0.3143077377187125, 0.7924988034133887, 0.4254061324515953, 1.0, 0.414987747724548, 0.4276702395507055]","[0.6423134569639611, 1.0768760939477686]",-34.836212158203125,0.0,1631.731155090271,106.250431589264,0.0,0.0,0
361,"[0.4270770790915666, 0.5678201085438733, 0.76322506278119, 0.6612532531701452, 0.5484295518443305, 0.8827173213525207, 0.7114640105752145, 1.0, 0.5093634559011652, 0.5070680324976627]","[0.6423134569639611, 1.0768760939477686]",-37.56504440307617,0.01,1621.614931177041,63.923465182681326,1.0,0.0,0
362,"[0.4988557963472918, 0.3353755679362138, 0.6982729659774866, 0.4929378088688393, 0.5287396065450576, 0.8315469860676263, 0.46819989562640424, 0.12676242307397487, 0.18964458912640472, 0.5314215329500505]","[0.6423134569639611, 1.0768760939477686]",-37.10971450805664,0.0,2206.675533839901,-87.05833292209087,2.0,0.0,0
363,"[0.7039956422577209, 0.31609276559173244, 0.7357467425270836, 0.5242649939519743, 0.35033187857476017, 0.5707137402368239, 0.4086333158262435, 0.9272921067454858, 0.5460060236117187, 0.6496765550850102]","[0.6423134569639611, 1.0768760939477686]",-35.75186538696289,0.0,1936.188778719918,-50.365300280682334,0.0,0.0,1
364,"[0.7572674010673672, 0.17150820356505117, 0.5997825592926828, 0.39873350264410834, 1.0, 0.6349254175373169, 0.4603532333578066, 1.0, 0.4812941676466124, 0.5968699577451736]","[0.6423134569639611, 1.0768760939477686]",-40.37366485595703,0.01,2248.97668727794,-128.30988051586388,2.0,0.0,0
365,"[0.8555254311327288, 0.5458546669380139, 0.6258691568974918, 0.6264479001597236, 0.8711664434741536, 0.7227287346956942, 0.10158979263554724, 0.5604535320282409, 0.6718277355051635, 0.9762190804855634]","[0.6423134569639611, 1.0768760939477686]",-47.90401077270508,0.0,2192.9971690051666,66.37567767306555,0.0,0.0,0
366,"[0.6825006025611906, 0.9157644622303241, 0.548866059301751, 0.6769719236213236, 0.45580929846490087, 1.0, 0.8666381957654512, 0.6529400643235205, 0.022807944803361076, 0.5037998754171905]","[0.6423134569639611, 1.0768760939477686]",-42.19577407836914,0.0,2387.5317845247646,-40.98150605465344,0.0,0.0,1
367,"[0.5841129342151584, 0.3835602245867837, 0.7668460163088635, 0.4644705927767848, 0.3699256252175648, 0.6605693788008834, 0.42714604576537823, 0.9976355065961694, 0.5398550545809296, 0.6225759484047634]","[0.6423134569639611, 1.0768760939477686]",-31.919404983520508,0.0,1608.8931281432629,42.628045379210505,0.0,0.0,0
368,"[0.10560110282001574, 0.7893906633603242, 0.6905934280168899, 0.3244139331583883, 0.5904627734535726, 0.09633970713290745, 0.7530164170734692, 0.840936164179136, 0.5527604429744786, 0.7776232293200176]","[0.6423134569639611, 1.0768760939477686]",-27.38803482055664,0.0,2243.40619602419,54.55524674507927,1.0,0.0,0
369,"[0.681777638259178, 0.6719659504886496, 0.7607265421384575, 0.7301854763435758, 0.8309258693342494, 0.5675534453094611, 0.9736241318797587, 0.3933888568763377, 0.673002643664601, 0.16353993507226666]","[0.6423134569639611, 1.0768760939477686]",-19.681480407714844,0.0,1602.0090735753702,58.619381026484604,2.0,0.0,0
370,"[0.47725569403520557, 0.6856083907970346, 0.7557439096177868, 0.26178327776584265, 0.38551989557364363, 0.7824914429427, 0.2853788857694472, 1.0, 0.14334260762806697, 0.367297321703757]","[0.6423134569639611, 1.0768760939477686]",-26.241819381713867,0.0,2444.421883075123,-174.43598979244257,2.0,0.0,0
371,"[0.8884104395686161, 0.6442348734459821, 0.8642882240893006, 0.6183013251214355, 0.7034590807923689, 0.7564757772228287, 0.7434027236689226, 0.14233032980219867, 0.6879614442112495, 0.33879687153029425]","[0.6423134569639611, 1.0768760939477686]",-40.748783111572266,0.0,2087.4958523522064,149.98952298780384,1.0,0.0,0
372,"[0.6666340660379718, 0.27468874771403023, 0.7078981860433825, 0.6003983932336227, 0.3718382852904076, 0.35257736557553676, 0.5484890462548498, 0.9999682856295328, 1.0, 0.5176071822594139]","[0.6423134569639611, 1.0768760939477686]",-42.019168853759766,0.01,1937.014770143665,82.10203763457656,2.0,0.0,0
373,"[0.83707750645851, 0.5718545475883844, 0.47345551360603655, 0.647033627750019, 0.6642149649393959, 0.566642705584194, 0.22327456471324034, 0.46104961819194035, 0.7436925074198011, 1.0]","[0.6423134569639611, 1.0768760939477686]",-34.7956428527832,0.0,1975.9353997743083,-176.1335764181698,1.0,0.0,0
374,"[0.2491284915858296, 0.7146031884956612, 0.6095436362479143, 0.5915440317802962, 0.48069844729263667, 0.5012201689586753, 0.04826778193730881, 1.0, 0.0, 0.5414458152867797]","[0.6423134569639611, 1.0768760939477686]",-37.35487365722656,0.01,2454.8765159991767,31.690966041794553,1.0,0.0,0
375,"[0.7296263106790062, 0.017487985545984318, 0.5195522764256804, 0.5887164455650924, 0.3602991253326681, 0.665864204468043, 0.3407318942999708, 1.0, 0.5522274994787713, 0.5326202226610697]","[0.6423134569639611, 1.0768760939477686]",-51.4042854309082,0.01,2237.767231892487,-49.699977132824586,1.0,0.0,0
376,"[0.6863768231338153, 0.2690292474950537, 0.5954639718010609, 0.49245077461939685, 0.44273760974072496, 0.572768690070999, 0.4113974204081258, 1.0, 0.66294632560482, 0.5051650178933007]","[0.6423134569639611, 1.0768760939477686]",-36.66912841796875,0.01,1698.594110908911,-23.71015629013624,1.0,0.0,0
377,"[0.8712807014092793, 0.5740000503477253, 0.5133345975204371, 0.6454222424251681, 0.7437278876942273, 0.6728220450760639, 0.10210433604432785, 0.5458799969132353, 0.7143833164890381, 0.9947158407226496]","[0.6423134569639611, 1.0768760939477686]",-47.75086975097656,0.0,2198.7214972436727,-104.83639979545944,0.0,0.0,1
378,"[0.2789472618010418, 0.6234348322446664, 0.5535019518720558, 0.7258330160825052, 0.4745018224740717, 0.8579250572628541, 0.38074839772598496, 1.0, 0.2849308779252584, 0.5604230175776436]","[0.6423134569639611, 1.0768760939477686]",-36.46853256225586,0.02,1927.0302156326427,18.274188249029777,3.0,0.0,0
379,"[0.7270757002874475, 0.22414517500446116, 0.5907996679574846, 0.5995166237242409, 0.4152864945058837, 0.5887091912464306, 0.3535983303471589, 0.8214928551111171, 0.5571406031525445, 0.3696963606914527]","[0.6423134569639611, 1.0768760939477686]",-36.01713943481445,0.0,1851.7673274050821,32.989926590433754,2.0,0.0,0
380,"[0.6383853681492114, 0.3515893406298813, 0.7402515091198189, 0.47836010118225153, 0.46010144116618795, 0.674001012914399, 0.5325018651788247, 0.9998443765627022, 0.5080487750756807, 0.6910015567496329]","[0.6423134569639611, 1.0768760939477686]",-31.972612380981445,0.0,1596.749624722904,36.82277347950537,1.0,0.0,0
381,"[0.3647039807164541, 0.5333731435370223, 0.8739582207583789, 0.4865460676123483, 0.21153772163584497, 0.5449152485871532, 0.5995085215514168, 1.0, 0.3087975823828141, 0.4558252717103345]","[0.6423134569639611, 1.0768760939477686]",-40.19437789916992,0.0,2256.453523038989,-43.31668014213545,1.0,0.0,0
382,"[0.9187482312728096, 0.5074897913293348, 0.5902691328146646, 0.6877846894330409, 0.8466602846941033, 0.7068252619659646, 0.0, 0.47894071050045894, 0.7203147340448456, 1.0]","[0.6423134569639611, 1.0768760939477686]",-33.63365173339844,0.0,2496.580777520614,-133.59136760961712,0.0,0.0,1
383,"[0.8285499420742214, 0.8262459246427464, 0.4815901244719397, 0.6146302663735012, 0.6586386502531656, 0.4447825191669427, 0.011839390816986633, 0.616756769277022, 0.5253865626264779, 0.8605335639633025]","[0.6423134569639611, 1.0768760939477686]",-51.259132385253906,0.0,2235.2925897372997,-16.988191909748025,1.0,0.0,0
384,"[0.27080468444498657, 0.5436409336384153, 0.7812840110248066, 0.3087966254734239, 0.5093977295431188, 0.38327774004791765, 0.41988715645833036, 1.0, 0.17252522624567393, 0.35435516176062054]","[0.6423134569639611, 1.0768760939477686]",-32.63627243041992,0.0,2190.222331033117,128.76884846025263,2.0,0.0,0
385,"[0.7474555386173861, 0.43406189159681846, 0.8295451916312281, 0.47441981865946464, 0.6107648780127242, 0.8047783754017148, 0.6431881222951784, 0.0, 0.39442986099257166, 0.45577116994546235]","[0.6423134569639611, 1.0768760939477686]",-47.13268280029297,0.0,2585.6175392933956,2.8219938940055727,0.0,0.0,0
386,"[0.694940133409753, 0.4902815939122357, 0.5870883374905921, 0.5662363744701068, 0.557285712784198, 0.865491467252179, 0.48386004819223477, 0.489987898365415, 0.30379603862667803, 0.6360458931011146]","[0.6423134569639611, 1.0768760939477686]",-17.056413650512695,0.0,1531.370721226134,90.33412397952355,0.0,0.0,0
387,"[0.7972791214375916, 0.7061423910250708, 0.5368044680604498, 0.7020134800184848, 0.7254602068687296, 0.39741052485291517, 0.21512991838854675, 0.6809178059222271, 0.7657030908150052, 0.9359004295579102]","[0.6423134569639611, 1.0768760939477686]",-32.83685302734375,0.0,1842.2766300304484,-34.338439906183396,1.0,0.0,0
388,"[0.4492200517868644, 0.5377233356096501, 0.6777917653451113, 0.5258841277473477, 0.635793136119789, 0.7116833016362415, 0.6766799845684196, 1.0, 0.5443235442912135, 0.6203462880267104]","[0.6423134569639611, 1.0768760939477686]",-16.140155792236328,0.0,1296.9553730948335,93.37848775567309,2.0,0.0,0
389,"[0.7938447613131591, 0.784532420260419, 0.5310427119882289, 0.6475016624712833, 0.7450821726920669, 0.44499624681951727, 0.0, 0.6410858229279536, 0.6031149972161073, 0.8682011920240483]","[0.6423134569639611, 1.0768760939477686]",-33.86669921875,0.0,2163.5094352702604,47.84747895983847,1.0,0.0,0
390,"[0.3378506674128307, 0.41144948394131364, 0.6350340915673862, 0.37313518023005626, 0.639958310950937, 0.6436735528028833, 0.6108608098612057, 0.0, 0.5605262716031358, 0.7857566428538244]","[0.6423134569639611, 1.0768760939477686]",-27.92881202697754,0.0,2235.6774407169996,146.57135667640313,0.0,0.0,0
391,"[0.7205397886735828, 0.5717689298122758, 0.8094422581642206, 0.5930452261345867, 0.8799671713499909, 0.6731102074223289, 0.6970121540173818, 0.002455585319346103, 0.3790845887612403, 0.3058422436072756]","[0.6423134569639611, 1.0768760939477686]",-28.1424503326416,0.0,2438.766935781426,0.8713398684730009,1.0,0.0,0
392,"[0.31109235895195675, 0.7734723483416328, 0.8232356106644836, 0.4731008432880704, 0.5234179252619148, 0.641360062952857, 0.8740714142354375, 1.0, 0.3656934508710075, 0.3409417156990006]","[0.6423134569639611, 1.0768760939477686]",-43.94365692138672,0.0,2042.3869066715963,158.5418358069663,1.0,0.0,0
393,"[0.5578698857037782, 1.0, 0.7323761854110016, 0.31187767714923903, 0.45179236985122806, 0.5018874813863599, 0.5332279508501143, 0.32303662764523533, 0.5068074533739735, 0.464999832018081]","[0.6423134569639611, 1.0768760939477686]",-36.49011993408203,0.0,2382.7599561673014,64.82149203482027,2.0,0.0,0
394,"[0.79445330860544, 0.39449005119394515, 0.36282449218642865, 0.5619021521321953, 0.7533981599629158, 0.8003678878673729, 0.5369211677545651, 0.5818537261482631, 0.2536745422765822, 0.5969134436869533]","[0.6423134569639611, 1.0768760939477686]",-34.75988006591797,0.0,2118.369242421972,160.3851358719083,0.0,0.0,0
395,"[0.5118826329356614, 0.15173115842781093, 0.666081581888163, 0.46994000016544324, 0.5847128296976726, 0.7035101349038012, 0.33835386034452997, 1.0, 0.3591047393583403, 0.6556748671023868]","[0.6423134569639611, 1.0768760939477686]",-50.37629699707031,0.0,1897.782594032983,106.77700520906336,2.0,0.0,0
396,"[0.8331350104850666, 0.5329600127598209, 0.53373113792631, 0.6071487626839944, 0.7552640475508335, 0.6034604244010097, 0.04674699047168102, 0.6065447767235448, 0.5542563141103314, 0.9863522366869364]","[0.6423134569639611, 1.0768760939477686]",-49.45201110839844,0.0,2282.974047145917,101.77730915860053,0.0,0.0,0
397,"[0.7184528378663945, 0.35736469908594903, 0.6897281976583922, 0.5106323175667749, 0.5021074171625083, 0.8306482858304878, 0.7158365118785625, 0.5101306945982746, 0.2798713735485464, 0.5198150053965384]","[0.6423134569639611, 1.0768760939477686]",-33.34780502319336,0.01,2085.2599713006716,-61.11445034873503,1.0,0.0,0
398,"[0.6254126669155776, 0.07702579892014953, 0.7670619059845275, 0.35286170081366813, 0.4270407443487984, 0.6994538174993606, 0.4263561828556066, 1.0, 0.4585813471120154, 0.5925919144904929]","[0.6423134569639611, 1.0768760939477686]",-48.468990325927734,0.0,1891.638133577934,-3.282487561333994,0.0,0.0,1
399,"[0.5910181484902756, 0.5883259676316072, 0.4940829543285899, 0.5248205572231377, 0.47198803191595795, 0.33509387094089294, 0.9690841750929565, 0.0, 0.31380375107844466, 0.5960878731065258]","[0.6423134569639611, 1.0768760939477686]",-35.92676544189453,0.01,1971.6006264607722,136.10620779248242,3.0,0.0,0
400,"[0.27554574682476535, 0.41089247754762454, 0.5454248283256293, 0.5972858125957214, 0.5218060686426716, 0.2895153088130685, 0.4588820553705944, 0.0, 0.44655235519844816, 0.8889189048344773]","[0.6423134569639611, 1.0768760939477686]",-33.69462585449219,0.01,2444.6094602464177,-59.331365849598,1.0,0.0,0
401,"[0.3531230840462202, 0.4345364875057416, 0.5305118362615645, 0.5256596069049857, 0.42552639223623556, 0.585463166462697, 0.41322535666354326, 0.5448998689122578, 0.28090080678299106, 0.7273420545679123]","[0.6423134569639611, 1.0768760939477686]",-19.219337463378906,0.0,1793.584456449788,-13.473112743023364,2.0,0.0,0
402,"[0.8250244514625643, 0.7615817958941702, 0.4374365060000734, 0.5631217562139993, 0.6930267496537912, 0.5837913605457864, 0.025285955198208022, 0.4909396503580414, 0.8246445542368399, 1.0]","[0.6423134569639611, 1.0768760939477686]",-44.26969528198242,0.0,2641.3527293795814,-111.71496466386753,1.0,0.0,0
403,"[0.19451563054630683, 0.7869628554739497, 0.6703140340843958, 0.5756655810002907, 0.5389557829262712, 0.07396355941303515, 0.5607846104761, 0.543006798021572, 0.5897038793086381, 0.688988387931068]","[0.6423134569639611, 1.0768760939477686]",-33.61933135986328,0.0,2286.828806223569,76.09974185069356,1.0,0.0,0
404,"[0.6302375210265639, 0.4952751827620569, 0.6176846987364787, 0.7665464446841621, 0.5728524355744297, 0.33852164222751424, 0.5042048745796635, 0.0, 0.738742415715587, 0.6926033273900425]","[0.6423134569639611, 1.0768760939477686]",-33.43370056152344,0.0,2192.5485827112298,-79.85250956137372,1.0,0.0,0
405,"[0.33914914955885495, 0.8924577362448866, 0.5510702117226736, 0.41954808334336285, 0.31346528714485516, 0.3927187168971768, 0.7678850943353766, 0.3591879689854596, 0.6878427159304462, 0.533201686392457]","[0.6423134569639611, 1.0768760939477686]",-24.81934356689453,0.0,2317.891667890974,13.983207838872119,1.0,0.0,0
406,"[0.7987544579938121, 0.12027666272244732, 0.929406121031815, 0.4043757997561633, 0.15360697335455137, 0.7821147407346003, 0.39489692181465763, 0.9004527543966045, 0.3521299825267198, 0.26743517500480435]","[0.6423134569639611, 1.0768760939477686]",-38.90948486328125,0.0,2483.0919326245576,32.423011728249406,2.0,0.0,0
407,"[0.3294639506310265, 0.38199967124581563, 0.5858790463841964, 0.5613592390096444, 0.6286016813657547, 0.4827982823309781, 0.4989026669128778, 0.0, 0.1151320609876394, 0.7912933555913229]","[0.6423134569639611, 1.0768760939477686]",-22.85743522644043,0.0,2107.7918283365434,160.4198475451395,0.0,0.0,0
408,"[0.3419727637691888, 0.528513622718007, 0.6816941375785168, 0.3899823525803495, 0.38231423756437277, 0.38704440136112733, 0.5457640737471766, 0.8990473185970985, 0.4328920685733386, 0.477430876474847]","[0.6423134569639611, 1.0768760939477686]",-21.24887466430664,0.0,1400.251284084943,176.6772767928632,0.0,0.0,0
409,"[0.5545594748653396, 0.33314854997164406, 0.8725620532029262, 0.5285717511523539, 0.3355054439350872, 0.44734780774273586, 0.15861091123679974, 1.0, 0.38191241469937304, 0.5058234703949052]","[0.6423134569639611, 1.0768760939477686]",-38.99127960205078,0.0,2453.690184123775,134.65609299574177,1.0,0.0,0
410,"[0.7405900613105747, 0.7494621227030094, 0.2872974762078467, 0.44581613803378434, 0.6823835910248838, 0.5649771926576717, 0.06783237319935781, 0.4240217721233242, 0.09706081602872854, 0.9454132942802354]","[0.6423134569639611, 1.0768760939477686]",-53.092647552490234,0.0,2775.6568084001296,-256.4107175567392,2.0,0.0,0
411,"[0.7693872162332679, 0.5776133125599865, 0.4765797354640536, 0.6634038859388799, 0.7050372742112493, 0.6374789499981466, 0.39352742283242376, 0.5969132383605076, 0.5440508466646474, 0.8330398428325367]","[0.6423134569639611, 1.0768760939477686]",-29.4119815826416,0.0,1610.5656002217302,16.52838358564196,0.0,0.0,0
412,"[0.5033421619504579, 0.18198116406453105, 0.6396297513284124, 0.4057784030943312, 0.42201340919131725, 0.5847828506255129, 0.3767919468533859, 1.0, 0.3131175462756325, 0.7270171339622558]","[0.6423134569639611, 1.0768760939477686]",-44.83550262451172,0.01,1851.9947316123707,-21.071116526706305,4.0,0.0,0
413,"[0.358961353060413, 0.776930152043534, 0.8903032699478286, 0.3546004923277198, 0.5404474592417976, 0.43972789775846677, 0.8132766327978305, 1.0, 0.5020692901040834, 0.4338398533498108]","[0.6423134569639611, 1.0768760939477686]",-30.214431762695312,0.0,1948.7341448928444,147.84482467405127,0.0,0.0,0
414,"[0.5988450867285123, 0.5198864733013195, 0.6319356014582934, 0.4762004547730234, 0.5819203440791504, 0.7256485671850489, 0.4312663072871708, 0.10412876230919414, 0.34809276483980417, 0.6369077003334885]","[0.6423134569639611, 1.0768760939477686]",-22.087682723999023,0.0,1737.3559112353103,101.4341678094635,0.0,0.0,0
415,"[0.8072162261292176, 0.12190474055561587, 0.5423874996788333, 0.5138193256913568, 0.7658669461082529, 0.7632864166912237, 0.5253803883205515, 0.6239279377310796, 0.2655386944408056, 0.7769176920932879]","[0.6423134569639611, 1.0768760939477686]",-42.105186462402344,0.01,2383.6075551141935,179.43706340860442,2.0,0.0,0
416,"[0.3265074294817343, 0.3940957790946693, 0.7361626631057203, 0.574925629135901, 0.7989585989486505, 0.7418452391842246, 0.5828236752795144, 0.0, 0.0, 0.940618913114394]","[0.6423134569639611, 1.0768760939477686]",-24.129016876220703,0.01,2687.113329810232,-16.725702665799417,0.0,0.0,1
417,"[0.4406476716901159, 1.0, 0.7007267720828982, 0.16739407356102978, 0.4354268231412224, 0.11363421610604044, 0.5210287766186209, 0.8046487636699837, 0.3775380817139357, 0.062433451443346256]","[0.6423134569639611, 1.0768760939477686]",-45.08511734008789,0.0,3008.9174732295105,166.22376354774525,4.0,0.0,0
418,"[0.4450090877134292, 0.7163872484193855, 0.9631927233042902, 0.5373216694507134, 0.3053214823966517, 0.6876145710430275, 0.8183931276341456, 0.9467890096680339, 0.37162605915964836, 0.3673108551091438]","[0.6423134569639611, 1.0768760939477686]",-36.966060638427734,0.0,2349.2696017992166,-134.72999097254814,3.0,0.0,0
419,"[0.3096978071984776, 0.5896044316989107, 0.6378604308901988, 0.4739193200069632, 0.5002772306469905, 0.6051939041700927, 0.574702537852877, 1.0, 0.5009187793521999, 0.5296084959271058]","[0.6423134569639611, 1.0768760939477686]",-23.810077667236328,0.01,1397.6278406430924,187.06822097552285,1.0,0.0,0
420,"[0.40271345178675866, 0.5467713523462724, 0.6806291777532608, 0.44834799689029003, 0.36929510642263863, 0.45318559445010775, 0.3479748080758022, 0.9093061138862958, 0.4148204515807325, 0.5328355567560618]","[0.6423134569639611, 1.0768760939477686]",-10.722110748291016,0.0,1542.3082799524016,152.6364027278354,1.0,0.0,0
421,"[0.753952339401364, 0.2886244398853896, 0.6960322862585977, 0.5219908656093905, 0.3905995782282274, 0.5336687616867749, 0.2916237370081965, 1.0, 0.7628344288630248, 0.6686400721496898]","[0.6423134569639611, 1.0768760939477686]",-39.740257263183594,0.0,2110.414922567082,-17.442451668395677,1.0,0.0,0
422,"[0.7086099820837013, 0.3297823575140397, 0.7868005164809849, 0.44757305012287485, 0.5042043760350753, 0.4864057859280246, 0.5084504806243092, 1.0, 0.534229886367902, 0.5611386672160671]","[0.6423134569639611, 1.0768760939477686]",-26.746129989624023,0.0,1806.805981815392,147.50237990601664,0.0,0.0,0
423,"[0.4871272290821787, 0.820789784647158, 0.9381073461678104, 0.28945868036153166, 0.3393219848977745, 0.4307748525161437, 0.8107199940468989, 0.9996175073995786, 0.5484795765780582, 0.2275041773636738]","[0.6423134569639611, 1.0768760939477686]",-43.2487678527832,0.0,2525.1819914417742,-118.602706874246,2.0,0.0,0
424,"[0.48502736790460393, 0.5833448005581796, 0.409584197534072, 0.6054394820403358, 0.6093804188805283, 0.6520242890563446, 0.6321532703824353, 0.7032755837758361, 0.5606010168271818, 0.7498644082350671]","[0.6423134569639611, 1.0768760939477686]",-11.324446678161621,0.0,1192.685241843845,127.19139340134473,0.0,0.0,0
425,"[0.5978526002938053, 0.1504915912875238, 0.40637356445546485, 0.4754690023541338, 0.23399112417224602, 0.6691421246131711, 0.2678251476583885, 0.7899232060510022, 0.2690302143355973, 0.0]","[0.6423134569639611, 1.0768760939477686]",-40.18891906738281,0.01,2702.9993201224443,-125.31237338054552,4.0,0.0,0
426,"[0.2270640436138948, 0.8851826080345171, 0.6454395187403518, 0.34144226536928096, 0.6293681320229255, 0.5809137882259877, 0.5315332690921638, 1.0, 0.2682436811904847, 0.6019363982949655]","[0.6423134569639611, 1.0768760939477686]",-48.427913665771484,0.01,2460.7086460285477,-190.2048255702345,2.0,0.0,0
427,"[0.9270580433497679, 0.5889449657811354, 0.38335560751100123, 0.6166898135777705, 0.7339784915975244, 0.5448821125616483, 0.0878809546999336, 0.5891861365581419, 0.47574353072167014, 0.9585692859194405]","[0.6423134569639611, 1.0768760939477686]",-43.8717155456543,0.0,2620.7550029507647,-180.41161673989404,1.0,0.0,0
428,"[0.8591293240151036, 0.9615174055311269, 0.42905341780353595, 0.6084944756184132, 0.45848326153830715, 0.6866069157494259, 0.800861706494325, 0.5651981313204406, 0.2940485433562157, 0.41344887661504587]","[0.6423134569639611, 1.0768760939477686]",-21.39500617980957,0.0,2280.973804504052,-3.6962482751607695,0.0,0.0,1
429,"[0.60404980071745, 0.8837588374246198, 0.44787085708682467, 0.6164192035240886, 0.4845324361854405, 0.8176933898344177, 0.8910938621876744, 0.5738330787941034, 0.37572959237557496, 0.5117191215601047]","[0.6423134569639611, 1.0768760939477686]",-23.885454177856445,0.0,1837.185952585193,131.79056445924147,1.0,0.0,0
430,"[0.7385493646006197, 0.5432056341842493, 0.676475287710963, 0.5706182706036933, 0.756138967811505, 0.4381251882437924, 0.23702875210087976, 0.2805346324265648, 0.8717341411264473, 1.0]","[0.6423134569639611, 1.0768760939477686]",-35.67292022705078,0.0,1882.0180927674826,18.35039824103049,2.0,0.0,0
431,"[0.5446682729673985, 0.010411244956832402, 0.63122223259507, 0.4736788618375934, 0.45078547822733916, 0.6868151548596662, 0.33018525620411987, 0.6444033687135808, 0.39287557001581436, 0.44388363670156056]","[0.6423134569639611, 1.0768760939477686]",-31.498476028442383,0.0,2116.062318119863,158.81757196739204,0.0,0.0,0
432,"[0.6591423424877828, 0.42585110958873373, 0.42739849540662606, 0.4206324538843425, 0.8410354534017036, 0.8015777143333278, 0.1102550259080456, 0.5894517675113767, 0.47376393434170755, 0.9464339375513305]","[0.6423134569639611, 1.0768760939477686]",-51.15919876098633,0.0,2106.3737080607357,58.859395821793186,1.0,0.0,0
433,"[0.7134059070938564, 0.5445803574199735, 0.6281889068928646, 0.6436466987833508, 0.7920186878146444, 0.5901278295444126, 0.43240823361504865, 0.4758157607375759, 0.6191883944644415, 0.9535574093173574]","[0.6423134569639611, 1.0768760939477686]",-46.39737319946289,0.0,1453.5226366746801,126.05083299557285,0.0,0.0,0
434,"[0.7253805617998305, 0.6753140360383783, 0.7151679020719031, 0.5662086436299072, 0.6659277835404215, 0.7554971466346269, 0.85752620715497, 0.27707704588293114, 0.35229237134552016, 0.4529777409323204]","[0.6423134569639611, 1.0768760939477686]",-27.708900451660156,0.0,1587.244950290131,62.583294016327585,0.0,0.0,0
435,"[0.7522071654827683, 0.6624056162859805, 0.6709792102446966, 0.617944824017728, 0.7438396617615143, 0.6632624798068398, 0.8477577654529191, 0.4424397406473167, 0.414644586641676, 0.6806951582278631]","[0.6423134569639611, 1.0768760939477686]",-15.780654907226562,0.0,1217.2425280226305,219.77225499901382,0.0,0.0,0
436,"[0.5474067509128498, 0.5807752603163318, 0.7646701423329416, 0.5513589878916002, 0.687834584954774, 0.6720994552476854, 0.7443172416726425, 0.9252705954928724, 0.5067559929827331, 0.49053519109766]","[0.6423134569639611, 1.0768760939477686]",-24.000797271728516,0.0,1391.9819232003583,119.41104119160502,0.0,0.0,0
437,"[0.7601217665367043, 0.2466741613536797, 0.33247931691222526, 0.6124556761008455, 0.6613901817240008, 0.659728876857675, 0.32580844453201224, 0.6130628083553932, 0.491574025905158, 0.7346963837001131]","[0.6423134569639611, 1.0768760939477686]",-36.450538635253906,0.0,2159.0822142591455,45.38881415219231,1.0,0.0,0
438,"[0.43425668625821734, 0.17439632707512756, 0.7522898525961158, 0.5433661181498952, 0.4568580100541993, 0.6711083291046672, 0.43977044110277647, 1.0, 0.5467368465520757, 0.6819081485443017]","[0.6423134569639611, 1.0768760939477686]",-41.43214797973633,0.0,1836.2341351691707,210.2519665066083,1.0,0.0,0
439,"[0.5353012939305252, 0.17108813937378814, 0.7937310049087022, 0.37579820484425286, 0.29522471464833466, 0.938365100333272, 0.48688015566685794, 1.0, 0.48951277404888993, 0.5321514309982519]","[0.6423134569639611, 1.0768760939477686]",-47.70902633666992,0.01,1733.3114126139321,100.06821535471605,1.0,0.0,0
440,"[0.6586801514836889, 0.894032975820144, 0.4912835987685388, 0.4912485139521577, 0.0, 0.6487356683588812, 1.0, 0.2592275352170254, 0.4591199061399538, 0.17314171913242069]","[0.6423134569639611, 1.0768760939477686]",-27.714046478271484,0.0,2729.3671213170496,-81.15062513034354,2.0,0.0,0
441,"[0.5083187946691715, 0.3190493939926602, 0.835201259764988, 0.5067229051959499, 0.7571141178787258, 0.5561066158907632, 0.4938555849164766, 0.9690631374875176, 0.48244768018727086, 0.6686728524337691]","[0.6423134569639611, 1.0768760939477686]",-26.871564865112305,0.0,1776.8475163602725,129.20752478479835,0.0,0.0,0
442,"[0.6835026615876534, 0.5411458435965167, 0.5751587321536991, 0.621244583859983, 0.8052060049455803, 0.5213718300953416, 0.4720747456382744, 0.5215620540156636, 0.5525674066645742, 0.9807009234836565]","[0.6423134569639611, 1.0768760939477686]",-39.56895446777344,0.0,1400.617415485681,159.42606684485128,0.0,0.0,0
443,"[0.742189878127349, 0.14880468931233484, 0.5818885586793086, 0.4346843358338116, 0.3706692338190389, 0.9811602245919478, 0.40389748591565194, 0.4599146717943126, 0.41162375073138363, 0.46278823664871904]","[0.6423134569639611, 1.0768760939477686]",-33.6048469543457,0.0,1916.8036412686247,115.41868934728905,0.0,0.0,0
444,"[0.6320482988082858, 0.2831365921368533, 0.5825410477145956, 0.6107930462683128, 0.3720919884324713, 0.5489142677058623, 0.4403868310207, 0.8814212596606719, 0.5623187970472533, 0.7623297141201013]","[0.6423134569639611, 1.0768760939477686]",-40.205230712890625,0.01,1861.2394302399216,210.11873469351312,2.0,0.0,0
445,"[0.6053119948023793, 0.08336153912633613, 0.7938216708953463, 0.355741949602032, 0.38646348969846434, 0.874983877282694, 0.40555551852835386, 1.0, 0.5416170206931623, 0.5959336114135723]","[0.6423134569639611, 1.0768760939477686]",-41.68400955200195,0.0,1827.745990868514,147.9964320634254,1.0,0.0,0
446,"[0.15084725274233549, 0.76167622368806, 0.2971623456587282, 0.46095024704118837, 0.7698614364664439, 0.7105179574958173, 0.5949581428621055, 0.43378566851326444, 0.26933755824051064, 0.8790690355510342]","[0.6423134569639611, 1.0768760939477686]",-38.409515380859375,0.02,2513.251998395877,-134.82676363725085,2.0,0.0,0
447,"[0.06961531001242764, 0.9865269378496392, 0.6666892471692815, 0.2759125634391375, 0.8210738358693568, 0.30030732688231687, 0.6430102645626653, 0.5911461203671706, 0.5980742128569843, 0.6658444441193146]","[0.6423134569639611, 1.0768760939477686]",-41.105255126953125,0.0,2566.3662673206304,-26.366119781217606,2.0,0.0,0
448,"[0.820696900603165, 0.8673783363011286, 0.3763505756599616, 0.6146745973830763, 0.6091309952080077, 0.41687135134068504, 0.0, 0.8383447893770213, 0.5201966281805123, 0.8288564850182836]","[0.6423134569639611, 1.0768760939477686]",-38.323646545410156,0.01,2403.09321992164,-132.13047493080643,3.0,0.0,0
449,"[0.5625047579932138, 0.49914659583744375, 0.45290897787714185, 0.4842081833986565, 0.7687450165960487, 0.7228235524554408, 0.44360403951132454, 0.6161330728432539, 0.5573203457448619, 1.0]","[0.6423134569639611, 1.0768760939477686]",-37.95132827758789,0.0,1379.5265459810773,140.96336485534374,0.0,0.0,0
450,"[0.7884024159929764, 0.0, 0.5713874235991208, 0.41472366900966373, 0.4430482515362745, 1.0, 0.06804261239758257, 1.0, 0.5587924397065939, 0.5858231983584815]","[0.6423134569639611, 1.0768760939477686]",-8.539875984191895,0.01,2308.235827248975,186.7459403161828,2.0,0.0,0
451,"[0.0, 0.4724348378285374, 0.7759382730361993, 0.5296948944680683, 0.07596509313690251, 0.10286329739918008, 0.45832451420211573, 0.48246202452062203, 0.13295253941830634, 0.48273754244731343]","[0.6423134569639611, 1.0768760939477686]",-30.776336669921875,0.01,3381.12977406468,-255.43116845047558,2.0,0.0,0
452,"[0.6354685456749837, 0.6065126625259102, 0.5458699709466336, 0.5740265739467795, 0.8366893186728159, 0.6229400999465398, 0.759999612263559, 0.6179872910334615, 0.6564315330285305, 1.0]","[0.6423134569639611, 1.0768760939477686]",-22.499435424804688,0.0,1256.8067266387475,172.58007841175936,0.0,0.0,0
453,"[0.6750769615530428, 0.8676961204768573, 0.8120966085545173, 0.5145035397062527, 0.7232402200341765, 0.6279866461560276, 0.480802617353446, 0.019638034298802287, 0.7294906935925272, 0.6746234703059627]","[0.6423134569639611, 1.0768760939477686]",-35.08163833618164,0.0,2222.302325876021,140.26366674540787,2.0,0.0,0
454,"[0.6942586238420934, 0.42618257341480137, 0.7749106491413663, 0.3586654024398044, 0.6062641858135696, 0.7670459732754318, 0.5117881721615227, 0.13406008679941847, 0.43400699160891076, 1.0]","[0.6423134569639611, 1.0768760939477686]",-33.120277404785156,0.01,2200.223131213461,80.33925369369652,1.0,0.0,0
455,"[0.594747179061244, 0.5483092979315375, 0.385732398707078, 0.6023721192517221, 0.7211145015429685, 0.5838596873540904, 0.5902636620349059, 0.6602462793958068, 0.6374108347407295, 0.9863493840340628]","[0.6423134569639611, 1.0768760939477686]",-27.749622344970703,0.0,1277.615007113798,173.87183346870364,0.0,0.0,0
456,"[0.5326527440090651, 0.6469790161396334, 0.7204622897058578, 0.6961188279726767, 0.7574867480444073, 0.3738581429987888, 0.259485386672499, 0.7270566693110242, 0.6457576823238067, 1.0]","[0.6423134569639611, 1.0768760939477686]",-40.68016052246094,0.0,1629.568509856878,110.5591469078708,0.0,0.0,0
457,"[0.49342774524607547, 0.17130442222054057, 0.539401978156215, 0.4427901384018157, 0.547117393034743, 0.8295981042246297, 0.3978221163784953, 0.5093282399358782, 0.3404004195327223, 0.5106941700020757]","[0.6423134569639611, 1.0768760939477686]",-27.857364654541016,0.0,1819.920146232005,238.94114138135222,1.0,0.0,0
458,"[0.701281916908745, 0.16947027075659657, 0.6858180787681473, 0.4814690743713129, 0.1855519553007097, 0.8185910604670849, 0.5771208437954637, 0.6119085807784295, 0.5943636718069759, 0.3397394543943418]","[0.6423134569639611, 1.0768760939477686]",-27.280078887939453,0.01,2046.1335198938582,-89.83125347251246,1.0,0.0,0
459,"[0.4885689064796442, 0.4730545476931187, 0.6160497093012989, 0.510024470494526, 0.6380759663419271, 0.574127857125951, 0.5962414470665501, 0.0, 0.5514961598919789, 0.8707587474278871]","[0.6423134569639611, 1.0768760939477686]",-29.184019088745117,0.0,1910.4049229406162,206.97865954883164,1.0,0.0,0
460,"[0.44263475519454365, 0.14729983300039548, 0.7119658710016861, 0.5313379696584781, 0.18365609547853504, 0.7249939902888269, 0.3921458288198548, 0.595651893862687, 0.44882703828041176, 0.20682165707587424]","[0.6423134569639611, 1.0768760939477686]",-38.24641036987305,0.0,2507.4447030537335,-62.75790132615941,2.0,0.0,0
461,"[0.25999866321425447, 0.33909093007709634, 0.7437347790701319, 0.541890288422662, 0.42633868225861987, 0.3780677982552746, 0.5931601844477834, 0.9999997687489811, 0.33394140943629413, 0.7129012030448352]","[0.6423134569639611, 1.0768760939477686]",-16.53401756286621,0.0,2021.8909430313859,5.076469349836856,2.0,0.0,0
462,"[0.9845716310579683, 0.4705637268375703, 0.962129743333603, 0.48860214303753197, 0.7379756879527104, 0.5673279179505306, 0.41261116658047386, 0.001509081231509964, 0.6704693851006277, 0.9215915970431379]","[0.6423134569639611, 1.0768760939477686]",-39.36847686767578,0.0,2987.7751011665637,-178.80966730347052,2.0,0.0,0
463,"[0.627372766071605, 0.40741121351371856, 0.3500599893955945, 0.7357510338342828, 0.37402347751500015, 0.6099693688049892, 0.4678854210373925, 0.5098163843942028, 0.9969206597540362, 0.7131866677619748]","[0.6423134569639611, 1.0768760939477686]",-35.284507751464844,0.0,1770.8193681153646,133.59312556309303,0.0,0.0,0
464,"[0.49427990921964704, 0.16303765079545238, 0.7446702797345197, 0.43344729246254854, 0.41553505329983786, 0.8661374414896983, 0.47922213388982304, 0.12961478527052817, 0.39170055827461864, 0.0]","[0.6423134569639611, 1.0768760939477686]",-36.57272720336914,0.01,2943.1782281230685,-221.69641263847967,2.0,0.0,0
465,"[0.39684828052410304, 0.43605341927655694, 0.714640319991621, 0.5729874521913777, 0.6694233591201286, 0.6524330185438924, 0.5249573879899634, 0.0072067521970082486, 0.23453477387209282, 0.7946000397123751]","[0.6423134569639611, 1.0768760939477686]",-32.41415786743164,0.0,2188.8140539008728,29.72187373376707,0.0,0.0,0
466,"[0.9126557485180976, 0.9512321534948086, 1.0, 0.5858199313216504, 0.9044535675804807, 1.0, 0.5865663830214779, 0.14757258390471742, 0.6798001723740404, 0.0963034697007777]","[0.6423134569639611, 1.0768760939477686]",-17.220661163330078,0.0,2682.2743146706607,71.28069902874728,4.0,0.0,0
467,"[0.05247177020129325, 0.7282619611769254, 0.2694630178677797, 0.7482718242695808, 0.49440801013803287, 0.526225328575471, 0.38735281256401294, 0.8951844282045376, 0.2844940062526435, 0.4076002642191669]","[0.6423134569639611, 1.0768760939477686]",-28.744449615478516,0.04,2733.1352872233165,77.35664077809946,4.0,0.0,0
468,"[0.7697909515855826, 0.535411321091799, 0.5920510423886612, 0.38806200808719354, 0.5709968108150559, 0.47179208242068954, 0.7778751704371389, 0.49877721689587456, 0.5033163932152002, 0.7561255038339758]","[0.6423134569639611, 1.0768760939477686]",-23.261892318725586,0.0,1668.7616019702582,182.49100200403333,1.0,0.0,0
469,"[0.755944377532773, 0.17486145084997526, 0.6971939090287247, 0.4825410694377281, 0.574872241069272, 0.816539174012867, 0.5998229970675786, 0.015379137911389949, 0.3127002705529306, 0.5860748377778469]","[0.6423134569639611, 1.0768760939477686]",-46.349388122558594,0.01,2721.0491154563965,-228.90491695519114,1.0,0.0,0
470,"[0.6938749641499824, 0.6194669603723943, 0.923130932669219, 0.23748197464317505, 0.5906685296011785, 0.4926564278283763, 0.7392123798085074, 0.9133886601342961, 0.28072860126612076, 0.13142489849799624]","[0.6423134569639611, 1.0768760939477686]",-42.303138732910156,0.0,2800.054433762878,-177.22754248461405,0.0,0.0,1
471,"[0.7738251111237558, 0.45043576587546474, 0.5548973786240824, 0.7237451205608563, 0.7994704160398013, 0.5589386261138748, 0.4202049082172721, 0.6090116124974436, 0.5637056577872948, 1.0]","[0.6423134569639611, 1.0768760939477686]",-37.95132827758789,0.0,1762.7546524981951,168.15690197014726,0.0,0.0,0
472,"[0.5261470099460471, 0.45678900702166103, 0.5872105277763549, 0.6017306092996345, 0.6527440622762725, 0.4593025210940883, 0.44850871756226535, 0.7545714899869885, 0.8226922375461998, 1.0]","[0.6423134569639611, 1.0768760939477686]",-30.36797332763672,0.01,1172.3914038423607,135.9160745340145,1.0,0.0,0
473,"[0.505914572271869, 0.33884590070191284, 0.6537719693525776, 0.5905706030432278, 0.910329052812635, 0.686322304310433, 0.010366902411574995, 0.6124010482794852, 0.5520489279849623, 1.0]","[0.6423134569639611, 1.0768760939477686]",-41.2556266784668,0.0,2559.884072317119,106.35356364398612,2.0,0.0,0
474,"[0.4543070678515625, 0.06770245779029825, 0.6740041667819081, 0.40253485466470745, 0.6371534687911722, 0.5305382562442648, 0.5627308034501144, 1.0, 0.7254128648786333, 0.5872618528768568]","[0.6423134569639611, 1.0768760939477686]",-35.851531982421875,0.01,2057.673892062357,-67.068260494154,3.0,0.0,0
475,"[0.9104986647552353, 0.6123989207156314, 0.22032073736076646, 0.7284186884732942, 0.6564614468466488, 0.5741969369711281, 0.9793177254404348, 0.5808631291867986, 0.22065628985283514, 0.47582492836537504]","[0.6423134569639611, 1.0768760939477686]",-45.80967330932617,0.01,2651.922312577709,-189.86307875578098,1.0,0.0,0
476,"[0.8853939197301389, 0.5114797763283303, 0.8943752020058903, 0.7037854208043632, 0.6994771372327964, 0.7215300086378288, 1.0, 1.0, 0.0, 0.21931789013445568]","[0.6423134569639611, 1.0768760939477686]",-35.67511749267578,0.02,2414.5882302627274,-113.59668073502831,1.0,0.0,0
477,"[0.35833124395302995, 0.5967686831871943, 0.7247379644017208, 0.45024897119400453, 0.48904466628452004, 0.5191119146746649, 0.6800090452310865, 1.0, 0.627531468071078, 0.5309910735234077]","[0.6423134569639611, 1.0768760939477686]",-33.56824493408203,0.0,1413.7718852030564,78.5950689940525,0.0,0.0,0
478,"[0.5678342741880615, 0.7032635394519685, 0.6962060619848843, 0.5989064601932038, 0.5569442808280941, 0.9090877774486446, 0.7221375086363738, 0.3278454120662548, 0.39630067662220225, 0.40551142777307553]","[0.6423134569639611, 1.0768760939477686]",-17.455158233642578,0.0,1530.8090665821937,180.39876008272464,2.0,0.0,0
479,"[0.6265791888751193, 0.21375552913869308, 0.5375756261341635, 0.6080211079710088, 0.3693324295287275, 1.0, 0.34506886324440256, 1.0, 0.3771457063331747, 0.25966324873439545]","[0.6423134569639611, 1.0768760939477686]",-50.576778411865234,0.01,2056.839763716853,103.66221215778606,5.0,0.0,0
480,"[0.4864012474713008, 0.37150849242095063, 0.7378980675681678, 0.38534429237194195, 0.6712360086673845, 0.9964464381917567, 0.40273322054124194, 0.8870075448096881, 0.05180672857477564, 0.4913560877898729]","[0.6423134569639611, 1.0768760939477686]",-35.76148986816406,0.02,2421.623306111254,-205.12269614955045,2.0,0.0,0
481,"[0.8427337531439977, 0.4901946362834522, 0.6057002518123867, 0.5099909442574765, 0.6951821536214416, 0.5639250642678474, 0.2621808949786233, 0.6696857360788325, 0.8514960880826205, 1.0]","[0.6423134569639611, 1.0768760939477686]",-32.79569625854492,0.0,2032.0802038099425,-90.43584698082185,2.0,0.0,0
482,"[0.7745321248873744, 0.5668937364567963, 0.31249068505572275, 0.6908715936675061, 0.47311202641295624, 0.5600117413848694, 0.7178916904103424, 0.5567227718359774, 0.44692446524078916, 0.6536493067567034]","[0.6423134569639611, 1.0768760939477686]",-14.990025520324707,0.0,1782.666950812588,62.54292075277229,0.0,0.0,0
483,"[0.3123007780110428, 0.8870908839453133, 0.694751008761174, 0.3645482548256706, 0.6838676322628118, 0.6238741725893269, 0.972884799994255, 0.6670315957538937, 0.30481443574062816, 0.6182343300665641]","[0.6423134569639611, 1.0768760939477686]",-36.879974365234375,0.0,2286.9287255995264,168.67381646681042,0.0,0.0,0
484,"[0.5627131502246223, 0.24052334151535132, 0.34813623385699016, 0.9117561914695543, 0.13295803204531528, 0.5447649858999868, 0.4345620685295258, 0.577748109682456, 0.8916176068286449, 0.5585995890178149]","[0.6423134569639611, 1.0768760939477686]",-31.50469207763672,0.01,2299.0715203076625,-21.633286539754863,1.0,0.0,0
485,"[0.565927511231732, 0.7676066757355943, 0.6049948350279087, 0.644720083929064, 0.7681676591288074, 0.45199850494429133, 0.23840301110962264, 0.5242773089974343, 0.5456550044997678, 1.0]","[0.6423134569639611, 1.0768760939477686]",-30.99505615234375,0.0,1732.2009876669167,176.81392409813742,0.0,0.0,0
486,"[0.4898152508210308, 0.43666217619990244, 0.8303600175393622, 0.495360869349116, 0.21804001083117477, 0.6839676942829221, 0.5731968804341222, 0.9772937616990661, 0.3546338343145347, 0.29459213733586315]","[0.6423134569639611, 1.0768760939477686]",-39.98720169067383,0.0,2111.927572796274,47.229663637368986,2.0,0.0,0
487,"[0.4937327803398152, 0.5032714570572693, 0.6246077348151662, 0.49805128256608633, 0.7286980678408757, 0.3073934831836869, 0.38014143669111444, 0.6050891763333027, 0.6918632417177301, 1.0]","[0.6423134569639611, 1.0768760939477686]",-35.368980407714844,0.0,1638.217255845364,129.71681967485608,1.0,0.0,0
488,"[0.4432677848466009, 0.8831649183352032, 0.6598641187985694, 0.4142011388494169, 0.5864232057317986, 0.7832704231347414, 1.0, 0.6875635669089176, 0.33466862059667113, 0.5700111269393163]","[0.6423134569639611, 1.0768760939477686]",-38.0614128112793,0.0,2124.2672758919884,20.98918006381524,1.0,0.0,0
489,"[0.7727709696303021, 0.7344644777729323, 0.6128943656991618, 0.6371866777742254, 0.6624969869255872, 0.5653778369207699, 0.9425786575476638, 0.31310947612026147, 0.6790730012759667, 0.5524179266337937]","[0.6423134569639611, 1.0768760939477686]",-15.85526180267334,0.0,1547.2320514981736,66.94697478208869,0.0,0.0,0
490,"[0.6962453028447662, 0.46776058133359016, 0.8148789298691771, 0.6998713079556762, 0.6918560747393687, 0.8548781754343129, 0.7037655396667191, 0.16761364788691835, 0.3328900998081319, 0.41666346813144906]","[0.6423134569639611, 1.0768760939477686]",-24.34977149963379,0.0,1920.1565249929167,111.74151283324832,3.0,0.0,0
491,"[0.31648112416035745, 0.43777532079366466, 0.7144934461043942, 0.4006084536803556, 0.5789341035398037, 0.775829122294538, 0.5776321209121278, 0.06010080777301216, 0.5084466931042986, 1.0]","[0.6423134569639611, 1.0768760939477686]",-47.53931427001953,0.01,2171.6378941350595,121.10695553027864,1.0,0.0,0
492,"[0.7763192997439062, 0.36217739267749033, 0.37897434775674016, 0.7485717400468073, 0.6147728050847384, 0.3503938887060608, 0.5797749556420595, 0.7040133093722319, 0.8065269384863749, 0.8012816008304042]","[0.6423134569639611, 1.0768760939477686]",-20.610925674438477,0.0,2080.4565409113156,43.054287400312944,1.0,0.0,0
493,"[0.595603272287581, 0.07618885556148795, 0.7574868382322953, 0.4122378999151978, 0.7499840555336956, 0.6789021081503844, 0.4821296224998871, 1.0, 0.4910128566252393, 0.5384440959016262]","[0.6423134569639611, 1.0768760939477686]",-41.68400955200195,0.01,2175.791349755713,-95.85456814004704,1.0,0.0,0
494,"[0.5774041871306372, 0.3083026137969542, 0.7472530121441868, 0.4182272621269884, 0.2935708820072886, 0.7040348840964451, 0.41259269155098893, 1.0, 0.6455455776249609, 0.5644160166913942]","[0.6423134569639611, 1.0768760939477686]",-43.83016586303711,0.0,1570.2768294641942,4.115750916899799,0.0,0.0,0
495,"[0.7424231019791134, 0.26409516713210107, 0.6398296059596217, 0.4669366122869218, 0.25135214686854657, 1.0, 0.3605267190661144, 0.5185473573782133, 0.4748116128638587, 0.44433605617090305]","[0.6423134569639611, 1.0768760939477686]",-25.576499938964844,0.0,1832.1869716102944,110.71378709720435,1.0,0.0,0
496,"[0.6509424967932972, 0.18776673866085958, 0.6663137203871196, 0.392192643990532, 0.32174710984148674, 0.9016855151168404, 0.3024017877711409, 0.6948772694685934, 0.23681156629538955, 0.4855499768423466]","[0.6423134569639611, 1.0768760939477686]",-36.25955581665039,0.0,2045.9172624380676,-93.62770942750694,3.0,0.0,0
497,"[0.5959100804636154, 0.2738187362744543, 0.3717516041530002, 0.6873136842454745, 0.26365887508308045, 0.5833800396591505, 0.5492151454450541, 0.5137256358259434, 0.7756902998728229, 0.6221589955284788]","[0.6423134569639611, 1.0768760939477686]",-25.584531784057617,0.0,1549.984722145123,129.25455921113917,0.0,0.0,0
498,"[0.36032464079196413, 0.47040005149613845, 0.7130405184523235, 0.5339899741162073, 0.42366173780056354, 0.2847914777725958, 0.8361932870600995, 0.1416323508099545, 0.6317424336796371, 0.24723878837943436]","[0.6423134569639611, 1.0768760939477686]",-32.947357177734375,0.01,2132.56782070222,129.279858770369,3.0,0.0,0
499,"[1.0, 0.27223838431553704, 0.23661296632149717, 0.8690637622054659, 0.9276515798542371, 0.5831353772247146, 0.402027934408955, 0.8609237640916308, 0.20354702091351293, 0.40083135993867286]","[0.6423134569639611, 1.0768760939477686]",-43.150123596191406,0.03,3219.1274303594323,-74.88886677233222,3.0,0.0,0
