eval_id,x,hub,f1,f2,f3,g1,g2,g3,feasible
0,"[0.17893481367543618, 0.4672684011434851, 0.3549173343096512, 0.9051438366771739, 0.652784802685132, 0.6399131657151546, 0.37050052710804804, 0.790518245853265, 0.17735319182304865, 0.29830276735556926]","[1.459925080268639, 0.953806206216977]",-28.648828506469727,0.374,3432.371450185038,-79.77996047064914,1.0,1.0,0
1,"[0.7527320970790866, 0.82589525837557, 0.33881245331376186, 0.22633305684340344, 0.43091206068443144, 0.5151536963223518, 0.4483805454001032, 0.27789921550015906, 0.5258168433452484, 0.6631806204725954]","[0.4477019015387208, 1.1825904005661956]",-24.107568740844727,0.232,2486.0137388641115,86.91327509857234,0.0,0.0,0
2,"[0.19539759987155403, 0.43531315595064457, 0.20941612123621955, 0.7974623155214327, 0.34510057866729216, 0.5948658710060528, 0.2999915037451498, 0.8746240571921795, 0.606709676684979, 0.9468197909796484]","[1.2163813698099761, 1.350674398506333]",-26.336448669433594,0.314,3570.5206127663387,-4.157631145781522,2.0,1.0,0
3,"[0.3193418039018624, 0.3138203272623701, 0.7008408895008554, 0.4931103229848808, 0.18890636475445843, 0.6959948701337834, 0.2615530463118, 0.22789197890735768, 0.5800284530205562, 0.7312406583584447]","[1.3107516298129689, 0.5582164751952449]",-37.75590133666992,0.339,2985.9666146379886,26.8130143537999,2.0,1.0,0
4,"[0.42019325992063383, 0.46997091240616984, 0.5771775044961992, 0.0018023536068190182, 0.5193842211443356, 0.49482967791705623, 0.6756392228496231, 0.4162706429924663, 0.7940310607755042, 0.32654466381127]","[1.046722966747309, 1.3570561088300293]",-30.19530487060547,1.0,3075.714056997288,74.12217734375517,1.0,1.0,0
5,"[0.9897361675845034, 0.3582312185913814, 0.3142381312178827, 0.4165709623150299, 0.9584644009640338, 0.05873521751558297, 0.7300645778190835, 0.5670497583644489, 0.7742121576308749, 0.8883954263166767]","[1.080137156334035, 1.4205931249674941]",-22.29152488708496,0.1,3619.928703779304,130.0661899632894,2.0,2.0,0
6,"[0.023632428671776062, 0.2816134931005958, 0.48736306607251145, 0.012857887744930352, 0.4914833323409261, 0.29770945642086144, 0.6718259817227047, 0.09288854875744723, 0.6043157467736379, 0.6013821213404011]","[1.4452295541498401, 1.3775952868058952]",-43.888031005859375,1.0,4236.486485575914,-116.95764112295899,0.0,1.0,0
7,"[0.188257161102365, 0.7877266263227836, 0.6596072674909493, 0.9172632996428407, 0.5993159922695809, 0.9421208694705342, 0.6390262522229664, 0.5460602299006425, 0.23326320620013874, 0.8142430618716505]","[0.615508274358867, 1.201416737764787]",-35.904380798339844,0.34,2731.375016092384,-11.822068991965807,2.0,1.0,0
8,"[0.7660363414662829, 0.6068143810342034, 0.6283478623630906, 0.6557960559218892, 0.6685927884100901, 0.06771436062054059, 0.8570786899866468, 0.32133769545352076, 0.33815284273601076, 0.1283444014420535]","[0.032718378196915365, 1.0419546944813454]",-29.972270965576172,0.007,2447.4125635992145,198.35166501427608,1.0,0.0,0
9,"[0.5547696198165065, 0.5160825876377318, 0.8811861793495235, 0.31867896643874516, 0.11784964452439528, 0.23169822139230722, 0.659569533072841, 0.35506101458853867, 0.313666741563808, 0.6631833646572645]","[1.2365024304314944, 0.8374460954228211]",-31.63851547241211,0.688,3324.1372006033835,-164.5212605117652,1.0,1.0,0
10,"[0.9584801136956184, 0.7450348866476518, 0.2157905760841189, 0.7173945053263936, 0.34378554600189437, 0.6989151716524886, 0.8894983573045284, 0.6501660583206906, 0.8422279297235258, 0.6887947057130477]","[1.2046805169113326, 0.15252863562324498]",-23.675552368164062,0.254,2453.4792707372185,160.7368877929929,2.0,0.0,0
11,"[0.35304843378314044, 0.21652350161279854, 0.36767942473700777, 0.2671989318362714, 0.3187820814455795, 0.9634847481204788, 0.11363799358817561, 0.1009807921059821, 0.9144561221029246, 0.5858895145468258]","[0.6679799243985048, 1.0638281938324412]",-39.33777618408203,0.253,2328.086855561892,87.22955635348495,3.0,0.0,0
12,"[0.7898093832755049, 0.1836603870914313, 0.5542825390272328, 0.24062604181377323, 0.36528505670346056, 0.4229460447715928, 0.758249565648491, 0.4381450103309691, 0.7813658931947177, 0.043090690634595696]","[1.0152324040624476, 0.18070361643581123]",-47.85207748413086,0.354,2552.117592376883,149.53896636960633,4.0,0.0,0
13,"[0.46581253099537934, 0.3351350375860954, 0.9578419522589532, 0.07389597584523522, 0.16782365513224518, 0.20785494157193374, 0.5675652419333407, 0.9363122242578448, 0.8533136562599993, 0.8114328725032335]","[0.7178343572828981, 1.3593966025137634]",-49.76247024536133,1.0,3318.9908521104744,80.59893153773376,3.0,2.0,0
14,"[0.850551259756355, 0.2754808528630017, 0.7392607956370342, 0.6629613377688489, 0.16146904266095086, 0.9796258488514935, 0.6283084586743911, 0.07962933757560675, 0.32151551530824796, 0.5494715578347591]","[1.288539916479953, 0.9628763856050353]",-44.238059997558594,0.45,3331.098640759599,20.978322791562334,1.0,2.0,0
15,"[0.49866886134850175, 0.17791419839100442, 0.35622164118008504, 0.6520981168659544, 0.7444418905939161, 0.9051507074391362, 0.28879164900942544, 0.774382020078661, 0.2064226800628115, 0.7715370379067442]","[1.039186452461093, 0.31820872323865884]",-38.87884521484375,0.377,3124.2976933721734,-70.27883156182429,2.0,0.0,0
16,"[0.8953850271326209, 0.20557265759667276, 0.26268325844768114, 0.02094484416240605, 0.27068090144591017, 0.8794320598717107, 0.5513756583147158, 0.41628477156613086, 0.28176023673675177, 0.9191304909520741]","[1.088758246715808, 0.6413468138120098]",-42.356258392333984,1.0,2882.428328163326,7.557674429773186,2.0,2.0,0
17,"[0.49293616218995406, 0.5324478498483587, 0.3107930117753044, 0.9758320136707291, 0.8870121467184444, 0.6373601174260564, 0.42099270734434335, 0.5749995088018878, 0.5529869643862163, 0.015272435183649069]","[0.8647679793230478, 1.2847364484973847]",-26.707189559936523,0.104,3590.014937003162,-68.86788322714995,1.0,1.0,0
18,"[0.4875580786370386, 0.29526571288950065, 0.3657350555800003, 0.7768482879275864, 0.9936568534146455, 0.36880428868132864, 0.6788297965535495, 0.43523470740661496, 0.9461829725207951, 0.4849152370071329]","[0.024923602435105274, 1.2473283527790442]",-36.15690612792969,0.12,3417.921039904258,20.738577437012736,0.0,0.0,0
19,"[0.0763549914853281, 0.23483907948984994, 0.16222855752056586, 0.9159237744769517, 0.739900702350839, 0.11771307998234448, 0.9919930979414978, 0.11013211899741604, 0.6220697409528387, 0.3547334554703645]","[1.4880503176785342, 0.8376835526668058]",-45.39712905883789,0.993,4033.4286392990607,108.32219997701395,3.0,1.0,0
20,"[0.9868402765278871, 0.43974028393442544, 0.6442476693303388, 0.5149392859956807, 0.8756598515631787, 0.505794352818757, 0.7854340014599015, 0.2005303566832357, 0.01645945948648464, 0.5424458861963711]","[0.9377589260828116, 1.4997182338855923]",-32.09645080566406,0.026,3541.1495025316367,56.89214017769791,0.0,1.0,0
21,"[0.7373054252872605, 0.5914192820348003, 0.10844932301271404, 0.4112686884886242, 0.17072977658825428, 0.43132345380885195, 0.010231902156670136, 0.33099943817048805, 0.7559488323569789, 0.11610473609591099]","[1.4440160599934821, 1.3195008784463607]",-31.8443546295166,0.742,4497.143140598838,-120.89254749020512,1.0,1.0,0
22,"[0.7419162010314087, 0.5220921065907778, 0.4171774343880905, 0.9108220921659664, 0.7464710369587361, 0.9835673000846709, 0.7744687729754793, 0.3532556606165881, 0.43070700374480275, 0.4970226157004175]","[0.1268760779065603, 1.2550612931635001]",-36.504920959472656,0.034,3031.590358140759,-43.37359375375945,0.0,0.0,1
23,"[0.7076778979003703, 0.3356970836114517, 0.5333564262211142, 0.32011996751753846, 0.3918329723107977, 0.7424842116732404, 0.00921065799657117, 0.18956699187220505, 0.5664491371813656, 0.4590016363424163]","[0.18301541483209494, 1.4209477918759625]",-30.16351318359375,0.099,3305.2463726203036,36.70055258706839,2.0,0.0,0
24,"[0.5118814273652947, 0.8573010008865969, 0.3995968392250302, 0.09751514963535424, 0.841486558403682, 0.8851177060251493, 0.19316997569865946, 0.5257783000795696, 0.08535616172648453, 0.8267136201588152]","[0.7065846822128775, 1.2589665549678326]",-48.34306716918945,0.817,3720.9341113147134,-305.89370416357235,2.0,1.0,0
25,"[0.7476535197594388, 0.47403622225949027, 0.8166440705290728, 0.8817710808483114, 0.6823799448443975, 0.3151851034187104, 0.8929563307131257, 0.30996375517120167, 0.3987189364419349, 0.7115105508132997]","[1.4135469035066797, 0.6980275756135836]",-30.54159164428711,0.013,2394.498211896021,136.68806997338763,2.0,1.0,0
26,"[0.9606887020277379, 0.9002654171528618, 0.14704654594174182, 0.7411145400827215, 0.5292209856627658, 0.9366989347480371, 0.9083534610543227, 0.6483341011050769, 0.5287591672457896, 0.20143090853695012]","[0.7831343292771509, 1.0748027882966467]",-35.923622131347656,0.513,2766.368337081068,140.76513653968897,4.0,3.0,0
27,"[0.7281969713021883, 0.41225211081351676, 0.6603726714939671, 0.46770008428541465, 0.5157744326426499, 0.07706848791542142, 0.024011331493556054, 0.2929158759379945, 0.2864487199904745, 0.6576467600079774]","[0.7770490207042496, 1.3912576831453765]",-29.745269775390625,0.036,3067.1550756233387,-69.29860929430612,1.0,1.0,0
28,"[0.9421656316593494, 0.8731312620415899, 0.993906309433891, 0.3738491444106369, 0.8351417342075574, 0.38069524000658606, 0.09368549297431539, 0.21220747485396863, 0.0935034547745921, 0.4859329784263382]","[1.072307852436675, 1.3377326463498305]",-38.28579330444336,0.06,3131.7168649483556,1.8409082103700882,2.0,1.0,0
29,"[0.35954611893234156, 0.6571231551575867, 0.5254697248274498, 0.04850513258211875, 0.3049191826586233, 0.2362906836924623, 0.030188469259489592, 0.4736051880661374, 0.4341822332207885, 0.24864819916465264]","[1.299148422495251, 0.2312362544141343]",-29.48998260498047,1.0,2828.0063796595286,158.65554204088915,1.0,0.0,0
30,"[0.7571316253352183, 0.5988506638162991, 0.6385458531009636, 0.28353426632010625, 0.6181307496852578, 0.36956669018657895, 0.3799349341788377, 0.681937037573606, 0.8310576876132559, 0.6052685945074544]","[0.25396254580418, 1.197688526189553]",-19.99098777770996,0.14,2028.3085568025438,119.76808342748106,1.0,0.0,0
31,"[0.03387269818171201, 0.662682068619064, 0.720244476030497, 0.7401312499629299, 0.8695515555783495, 0.054731143300722596, 0.3164785602685367, 0.07482644255422188, 0.21417883012053884, 0.9065322424574986]","[1.1971433356450858, 0.03847184569194484]",-47.129425048828125,1.0,3422.8583148483444,38.15113586781675,3.0,1.0,0
32,"[0.7611131728418318, 0.08229124940952703, 0.006155669335288327, 0.613256681670192, 0.2906059077682427, 0.562817570968351, 0.5707371869026688, 0.4513766078981988, 0.8026586252465906, 0.23204551611998447]","[0.05919464671039454, 1.4657497333890772]",-39.98060607910156,1.0,3702.903784294373,16.0434744372032,0.0,0.0,0
33,"[0.8806350809002281, 0.07458742422196396, 0.9320824085782379, 0.14566874185476875, 0.3015314021630472, 0.6021361701813102, 0.08362765145734896, 0.12499955865727308, 0.7854702016115908, 0.4115541827996497]","[1.35003302798446, 0.7084983879074531]",-56.52992630004883,1.0,3957.8861157284614,-412.6557135302752,3.0,1.0,0
34,"[0.8122050151262458, 0.29045961628587613, 0.7550132519180535, 0.6089078108765937, 0.9632475898482437, 0.4959391441876757, 0.19457688761579417, 0.2195079915141478, 0.6014041791288685, 0.08962073043795493]","[0.6615530572198147, 1.1654497424988384]",-31.953475952148438,0.129,2980.724557145739,-129.70515746079013,1.0,1.0,0
35,"[0.12858287186718842, 0.7314763939923757, 0.09521030422128629, 0.5699619505238555, 0.5171815371217462, 0.895368602951573, 0.2225521522559719, 0.8424122866034477, 0.9295786250874855, 0.23087836206189072]","[0.41791291612573434, 1.3420087443928799]",-40.209964752197266,0.831,3099.986057177045,147.67650005284588,2.0,0.0,0
36,"[0.0043001907504852666, 0.4038284511492043, 0.1949619252207303, 0.32508812283388366, 0.8276226232184107, 0.3953518057604567, 0.6710113104026503, 0.8760714488267184, 0.8268079808374883, 0.8848800971002195]","[0.8398657742651049, 1.1152536838884217]",-25.163639068603516,1.0,2507.4768213749094,20.103654674073823,3.0,1.0,0
37,"[0.3994430020003472, 0.484130910594359, 0.9568421661505032, 0.4965961443363097, 0.13251492264908082, 0.17768312108581985, 0.07519442630360906, 0.012996611642042799, 0.8380952953924874, 0.5971018283213804]","[1.3787682822674194, 1.0478921126040406]",-55.021522521972656,0.591,4083.763101123155,30.4171781222648,1.0,1.0,0
38,"[0.8250134678055777, 0.5828599453946457, 0.10742835312995902, 0.8712075744884107, 0.8940306698397861, 0.79328366533945, 0.3499641877600487, 0.16381779297574706, 0.26650062593238233, 0.30608634300284987]","[0.2899974830836338, 1.19232528765645]",-37.73383712768555,0.747,3359.888937831285,175.8444406502147,2.0,0.0,0
39,"[0.10368010753270052, 0.7979429078588656, 0.49373414724032827, 0.2153195271485615, 0.9877562857569903, 0.4297612930140656, 0.4138198863286343, 0.9987729501752127, 0.5439146577146111, 0.4957244334967964]","[1.2733532079624863, 0.1729038018567342]",-53.048675537109375,0.77,3212.790436818893,-14.113179765457517,1.0,0.0,0
40,"[0.716135524315577, 0.9265763828646507, 0.3525112870284548, 0.9446171043542214, 0.2829551262065978, 0.9120736349889094, 0.586668750518576, 0.6755103035703888, 0.9781358594533898, 0.9356865558408266]","[1.435918558786387, 0.25122151225093126]",-28.576072692871094,0.14,3230.5670897769974,-144.39668179884774,3.0,1.0,0
41,"[0.9762467026410432, 0.16651737808920697, 0.11153341754909052, 0.5951806393739761, 0.8472292340199105, 0.753517706913019, 0.5401208121935621, 0.7245877983606205, 0.5782871366069361, 0.7697291933269581]","[0.762139086122917, 1.2707328339053825]",-21.887664794921875,0.728,2629.2507060085577,35.282176959331736,4.0,2.0,0
42,"[0.18878064680754914, 0.5091940832753937, 0.8819028684025597, 0.44215445593765246, 0.6023637298660838, 0.3471792790332324, 0.8588457797698037, 0.10210216325630683, 0.8435291936572402, 0.855161877800188]","[1.1115179427843849, 0.7542788560556952]",-50.05387496948242,0.34,3216.2335511898036,137.3893685122098,2.0,1.0,0
43,"[0.5151548407681276, 0.3557522738346047, 0.7488579702300604, 0.48435065818854983, 0.6746453961518705, 0.8940779162131687, 0.23498961995322054, 0.419580930338459, 0.976586484833995, 0.6718489551105283]","[1.3581474071938417, 1.4321585634226728]",-28.002779006958008,0.067,3407.102320047834,105.21589521986516,1.0,1.0,0
44,"[0.633303004964886, 0.2842264265315978, 0.5315023647330197, 0.16828799503434966, 0.6790112450880074, 0.5874149048515857, 0.23079608369978155, 0.05905631897829, 0.7083692223653099, 0.028343139334361833]","[0.617824345855178, 1.2038270759152134]",-33.73711395263672,0.424,3400.426608387051,0.8818607689647706,2.0,1.0,0
45,"[0.5889658881432593, 0.8624856673584459, 0.37440426122847836, 0.5928292560660468, 0.20942917933874872, 0.12870168473469945, 0.2589351675039948, 0.4493700221843081, 0.9805186398602482, 0.16238519618917013]","[0.7747330486829124, 1.191227849765339]",-49.19136047363281,0.276,3112.7472715075687,-252.89821358349326,0.0,1.0,0
46,"[0.9269667072846148, 0.531556426498312, 0.5070854352124422, 0.8115158779645404, 0.9065365526896961, 0.06655933206506481, 0.7572363648024241, 0.4065989313758811, 0.5091038982398773, 0.23860277166153243]","[1.3172396119005512, 1.3606962736847152]",-25.555286407470703,0.011,3538.4802565667082,-36.75083454054874,1.0,1.0,0
47,"[0.0932556167095393, 0.6834897381142566, 0.6088586050511545, 0.7963263969226773, 0.05541820375084594, 0.8057203967146486, 0.8606094137766368, 0.45377265711836035, 0.28418447481174003, 0.7499650752203063]","[1.414339598242053, 0.6715334561847421]",-33.77790069580078,1.0,3426.5498739036125,139.6978914776418,3.0,1.0,0
48,"[0.732673900343337, 0.2885492360637769, 0.9641909194355908, 0.2734455081289784, 0.8778101871478206, 0.7136426366346105, 0.7655390330287417, 0.3521042640297445, 0.5838583952545342, 0.6082916064372581]","[1.4613069482627232, 1.066079682499568]",-44.98564529418945,0.151,3034.63520824074,-46.89954670157658,1.0,1.0,0
49,"[0.7068938596677737, 0.3410494410080632, 0.4004563457975292, 0.06312328594757288, 0.5771130237442562, 0.17805372425306576, 0.8101457296942176, 0.2280566951506835, 0.22304648289323237, 0.924136868277313]","[0.789535267507927, 1.0643976984426988]",-46.862892150878906,1.0,2916.086570696259,-184.90394436526793,1.0,1.0,0
50,"[0.6888409975636447, 0.518929568265899, 0.648522333829194, 0.8202753053859198, 0.6127568545807167, 0.17902305990318332, 0.4120791562621173, 0.5667482214707961, 0.7059892470814016, 0.5576345118477017]","[0.32595234285504215, 1.0392844470144673]",-25.23627281188965,0.01,2133.6139389047157,190.4866327869529,2.0,0.0,0
51,"[0.8385226630163858, 1.0, 0.6348265196312289, 0.39488691039736024, 1.0, 0.0, 0.16554384034885047, 0.7891604626948794, 0.8689247817183192, 0.4301481633370411]","[1.2273782769599442, 0.5869577650399157]",-36.53779983520508,0.042,2561.6634809836673,-133.42409487704657,2.0,1.0,0
52,"[0.6857920692076639, 0.30897533419552853, 0.32131011832745304, 0.47634645319082775, 0.4682430927940869, 0.5294583956407928, 0.0, 0.42279781081601653, 0.6326070695864243, 0.3401811124886913]","[1.0882183857631726, 0.09102346624076785]",-34.77037048339844,0.104,2722.7272397974607,-28.942113129128643,2.0,0.0,0
53,"[0.5416335533931635, 0.5929317732813733, 0.6557221711224605, 0.43418200026482306, 0.3917711077336353, 0.06466763101143427, 0.5860326143935889, 0.15096491676925977, 0.5430742855827024, 0.9066347053757644]","[0.3652714344816322, 1.1867953083030875]",-38.425743103027344,0.043,2324.1803502292023,13.58495015163578,0.0,0.0,0
54,"[0.3314681495354382, 0.6973746333666506, 0.6039374353823073, 0.598207629562581, 0.16995921474259812, 0.0, 0.44136696152539506, 0.22155313098451496, 1.0, 0.7009168044933887]","[0.5856724605385509, 1.1094262840467246]",-33.18229675292969,0.409,2983.1071930305334,-146.0769366498967,2.0,0.0,0
55,"[0.632517078712493, 0.0763466042439986, 0.5911185694051178, 0.4303319702237295, 0.5193930573545176, 0.2305190661201309, 0.62062310568677, 0.3329159996105137, 0.6172506555636897, 0.7388604692054168]","[0.3353360327674097, 1.0632165991551947]",-20.442890167236328,0.993,2191.2640560632644,67.92027253452116,1.0,0.0,0
56,"[0.14538108540790512, 0.5050090149338955, 0.6538487719675682, 0.29574899868476345, 0.6972540296791866, 0.328318435539424, 0.09620924881133806, 0.6037914715483933, 0.6373816579108256, 0.0]","[0.9140728819953435, 0.6042988393338233]",-39.03147888183594,0.517,2677.6393455073207,-106.28852808477461,3.0,0.0,0
57,"[0.1885418316460696, 0.5114727762441584, 0.6238298762259983, 0.0, 0.0, 0.0, 0.0, 0.407175015422532, 0.08693238448386151, 0.00023621378973848195]","[1.356609816968148, 0.2508011211999435]",-5.860568046569824,1.0,2949.7054373101255,107.50782711263986,4.0,0.0,0
58,"[0.2367097478012512, 0.41509727401571767, 0.39636278042869505, 0.3001096801752108, 0.4122789549410064, 0.6722463362564647, 0.8214465889481981, 0.10159410885628224, 0.5555072764425677, 1.0]","[0.5245641610537141, 1.2934333261798032]",-47.342803955078125,0.214,2203.58861310514,30.59535183898018,0.0,0.0,0
59,"[0.5405727805124407, 0.5014694059913645, 0.6254643075253312, 0.41551788845220744, 0.682732523055713, 0.2619360519378161, 0.766846594861208, 0.0, 0.5693559957227157, 1.0]","[0.4892809040928833, 0.8408856726383541]",-35.7103271484375,0.035,1913.5340625952126,-106.9694830576417,1.0,0.0,0
60,"[0.626453066152417, 0.4739508627317927, 0.6780835467134885, 0.8180013111287779, 0.7461038596694466, 0.47181047277830196, 0.5823673456126114, 0.12456018605022891, 0.5241442231855593, 0.44980158373240026]","[0.2737276240261326, 1.0818251793045925]",-27.92812156677246,0.013,2139.670067575443,79.63203405015278,1.0,0.0,0
61,"[0.6338907991429248, 1.0, 0.3897417327015547, 0.3818020444117559, 0.48985129570293223, 0.5905400912693054, 0.8103999267388855, 0.1557540005817276, 0.6823141698586415, 1.0]","[0.5264614442821114, 1.0426434083980387]",-43.45684051513672,0.053,2642.8634898863297,-195.11974019394063,2.0,1.0,0
62,"[0.5902454270592428, 0.49482913838178394, 0.4521539740874337, 0.9042367515205771, 0.7540241987228914, 0.5033897901337013, 0.3595182205823127, 0.8356304386870714, 0.5517712556609129, 0.4893886369206442]","[0.9833562636545186, 0.12032297156049689]",-5.178042411804199,0.023,2156.601471910225,-19.082567544230415,1.0,0.0,0
63,"[0.39667144921739844, 0.3863836457292623, 0.4325249466924558, 0.33025524319597244, 0.46865922751477324, 0.6002572280269249, 0.6755915296209961, 0.1417491892237908, 0.517030134271308, 1.0]","[0.521999620323351, 1.1873267552711633]",-14.325213432312012,0.086,1834.8674031281191,125.27873681078678,0.0,0.0,0
64,"[0.4857676215420206, 0.7389625375833949, 0.7282432570668714, 0.8306988970287692, 0.49829514070867525, 0.5333703537939245, 0.6228514423710779, 0.14994562294742472, 0.4136795681636535, 1.0]","[0.2980998840961336, 1.1177735935537416]",-25.11501693725586,0.013,2432.550261587644,-128.6696921957344,2.0,0.0,0
65,"[0.6096505123921416, 0.456173877540033, 0.5925229557832294, 0.9171510030940667, 0.32933708514848015, 0.1936811879817114, 0.4196582206665152, 0.18658708528429688, 0.49207556909773653, 0.1354369469233488]","[0.191231268826769, 0.8461947265385549]",-25.800716400146484,0.086,2478.7712456109416,221.10265136700625,1.0,0.0,0
66,"[0.3301081238648623, 0.4289492245513252, 0.48196155380311395, 0.2217127472298213, 0.4534962973112065, 0.8545819978253512, 0.3575728133811413, 0.0, 0.9234218567490845, 0.7467477995370367]","[0.5132778071705357, 0.90020323065216]",-31.20855712890625,0.243,2013.9702146365753,37.98965442670959,2.0,0.0,0
67,"[0.5714638186996948, 0.45834126311311685, 0.5893526625312464, 0.4689521936717774, 0.6935805903074869, 0.4267355602962407, 0.6476278146543334, 0.24474805824808307, 0.5956751134330733, 0.7108153505617778]","[0.2930987413996595, 0.9900758125434035]",-11.563202857971191,0.017,1762.1617396647825,163.6255004998116,2.0,0.0,0
68,"[0.44897300011099134, 0.621564830848356, 0.5402733350001138, 0.5004274211669354, 0.5908834922223914, 0.4491649811630213, 0.6559818586224027, 0.3743028956184881, 0.5264996694754543, 0.6670534007563423]","[0.3684205119396807, 1.10050464292286]",-5.491833209991455,0.024,1496.5280523064578,197.63747443884517,1.0,0.0,0
69,"[0.5907835386686049, 0.5951743473038268, 0.330894133608002, 0.7026349396006755, 0.9532736435749705, 0.955486199783383, 0.8173658787014619, 0.2694800608008765, 0.12442547130960094, 0.7149694199174585]","[0.2700296806428503, 1.4173483275529921]",-47.44786834716797,0.086,3467.118591805952,21.685478529252237,1.0,0.0,0
70,"[0.36477954364235826, 0.37888839965756815, 0.45073105448639755, 0.2795742462520122, 0.5232019759303813, 0.5566534858252233, 0.8117334270817123, 0.0, 0.560076508073427, 0.9087701373273707]","[0.49870133243350645, 1.2298903716023135]",-19.66640281677246,0.145,2333.2289797141866,109.87804188518152,1.0,0.0,0
71,"[0.417694365651369, 0.5779192670733018, 0.7426909788011067, 0.4249757058266186, 0.38644674795105316, 0.6862093974096861, 0.2912487736611122, 0.7775136618931328, 0.17303989161744796, 0.24517024783397012]","[0.1792123676614551, 1.0650690689306994]",-14.10097599029541,0.05,2477.5543027432614,115.70849115274049,2.0,0.0,0
72,"[0.5508133560174797, 0.4617389229032681, 0.4052692887144749, 0.45216388923150624, 0.4789439192828979, 0.5382377010973726, 0.6620179369580413, 0.39875551028360445, 0.49866209982919574, 0.7098058033916044]","[0.2796136907650816, 1.145549319803554]",-10.990357398986816,0.04,1498.5134952636176,167.34973116286818,0.0,0.0,0
73,"[0.33230186361649194, 0.2933567076620664, 0.3372518058743678, 0.6556171536976083, 0.12576413762458014, 0.34085494838144925, 0.1127454067945457, 0.5425415944359516, 0.10492338861836574, 0.6171278380276028]","[0.7546473332978708, 0.81272239463564]",-25.664621353149414,0.636,2528.251410067776,-84.24227000217712,1.0,0.0,0
74,"[0.5624350220020344, 0.6921552546007023, 0.6856435186208077, 0.8294489330390669, 0.542436906522476, 0.0001516112332337859, 0.4508468149632706, 0.29587711653331183, 0.34981756640681516, 0.9055249966500349]","[0.531078810254964, 0.8613763238404597]",-10.905861854553223,0.009,1859.3913576725859,-3.979044061635534,1.0,0.0,0
75,"[0.6242917876983491, 0.48701654479545553, 0.6359204576192329, 0.6787865019535927, 0.47446429673256285, 0.1655744431237241, 0.5624061036881199, 0.04863720985898829, 0.4924209968545198, 0.4393158795094915]","[0.4570503923443074, 0.8392597862157917]",-19.743179321289062,0.013,1726.5101252725417,56.14527564862365,1.0,0.0,0
76,"[0.6649884374877829, 0.621551121714978, 0.5646297453765398, 0.38758107320821117, 0.4823847672855819, 0.2275996914850539, 0.7779763877468655, 0.7700433154585545, 0.3388814644306857, 0.4711003901129181]","[0.17416309101732871, 1.1699178011722173]",-23.40674591064453,0.049,2313.321971905313,156.2150751105262,0.0,0.0,0
77,"[1.0, 0.781178157137387, 0.49910007341463064, 0.3875576014068855, 0.6672631390467166, 0.509512852309052, 0.31976324304194875, 0.3984802779225451, 0.6062954104122723, 0.45764129870374326]","[0.015982913432161343, 1.1718212230930676]",-27.697998046875,0.049,2598.775186274128,-45.107385417069054,0.0,0.0,1
78,"[0.6660846658574706, 0.5008846162097885, 0.484304333223437, 0.5876208192980884, 0.5571679261365096, 0.7519192743492094, 0.28225011176834186, 0.33181662979624815, 0.5157907488526043, 0.9129720223530706]","[0.4469611691594557, 1.119368676015433]",-24.457897186279297,0.013,1567.4683666279363,164.89069990520903,0.0,0.0,0
79,"[0.6757684482833829, 0.5922561624955088, 0.7961477236458062, 0.5730234395825595, 0.7258838020359213, 0.6002691188733122, 0.05239034932742237, 0.2525134249378789, 0.1376788521694347, 0.5526302266888106]","[0.5304550116201755, 0.8304063015145088]",-22.49350929260254,0.007,1646.522037117494,136.75970623504247,2.0,0.0,0
80,"[0.6283189864082984, 0.5583260836179657, 0.4823762733688365, 0.8399667319294734, 0.5191219204896617, 0.7148349088333031, 0.6840753290185494, 0.40646457095551436, 0.6724982613423343, 0.6517411355821416]","[0.19080328436921942, 1.231197703967393]",-4.551496982574463,0.013,2083.693035491107,167.30422379181482,1.0,0.0,0
81,"[0.15561445486578546, 0.887358435228268, 0.49787900372127225, 0.3597078817424462, 0.41321412541928804, 0.2832342938157947, 0.32205408837930294, 0.4910316256462748, 0.551438256598643, 0.11603412871329634]","[0.3411627983330842, 1.0863342401889924]",-44.59675216674805,0.477,2924.4778060333633,0.671500876635946,1.0,0.0,0
82,"[0.6969799729828244, 0.3415390288050613, 0.03554436799693983, 0.3542058554628391, 0.46305159476330965, 0.7290355037565468, 0.43912267797660154, 0.2565549554655176, 0.7685846443121648, 0.9420680339810205]","[0.33442183019673294, 1.0847784256489725]",-35.8315544128418,1.0,2332.220033569056,-89.33334383718773,2.0,0.0,0
83,"[0.6665000019080479, 0.4067823178372703, 0.037398325989287315, 0.52361095878706, 0.40942771940162603, 0.6317821919007974, 0.41401753840284794, 0.37947786352996205, 0.807663444182076, 0.8337778686279225]","[0.27735627740298835, 1.4082803831871016]",-35.520790100097656,1.0,2738.564427650266,56.78287781041007,1.0,0.0,0
84,"[0.130800490099924, 0.43020330788803, 0.4530597443186119, 0.4317367366256465, 0.4607869708728562, 0.46720408635908706, 0.33621794083777734, 0.13332994644669405, 0.5889360973113535, 0.5761773770012264]","[0.5108928234241027, 0.8705292306687732]",-39.1476936340332,0.602,1824.8691669793266,199.11960771258822,1.0,0.0,0
85,"[0.5430717788074163, 0.5580732303526502, 0.31998293887818474, 0.7399679550790247, 0.4901188652742866, 0.6330157913413117, 0.3291672120457851, 0.44943438279354614, 0.990359141644142, 0.1311819396888659]","[0.2684210102732582, 1.0387827578599946]",-31.972105026245117,0.099,2744.976307325133,-96.86756277574779,1.0,0.0,0
86,"[0.6852787063194689, 0.17915646807446134, 0.3647309393767894, 0.593853695149822, 0.4443935621811271, 0.5206777081578202, 0.5809343012529486, 0.23770568611786877, 0.6807774521576117, 0.8822352253612942]","[0.3291729713150096, 1.0337061445607458]",-33.46914291381836,0.374,2361.8466946706385,-55.27196101948658,1.0,0.0,0
87,"[0.7336926398099125, 0.30259197918655256, 0.043304869577348006, 0.7626486475286789, 0.22046594293493477, 0.6687427396600824, 0.796383462456486, 0.41926878750689384, 0.17691615795848184, 0.8861147927052927]","[0.19848474723280204, 1.5]",-53.40456771850586,1.0,3559.71267259311,49.26795508909271,2.0,0.0,0
88,"[0.6395459816997489, 0.7743169862601345, 0.43253676345417885, 0.5526606261058554, 0.5893066640449633, 0.2950610551761821, 0.45160681750442055, 0.7828017251735443, 0.9581618090302634, 0.09807685859110721]","[1.182153214812419, 0.2511538123170114]",-27.267505645751953,0.03,2587.931403801113,-86.81302698441743,1.0,0.0,0
89,"[0.9997524503176091, 0.331261967474443, 0.859476965079162, 0.8777735712129602, 0.4088786827238127, 0.3758308065463529, 0.3855998005687644, 0.2717768450268374, 0.3461021755957323, 0.7032686604840352]","[0.305838152750044, 0.977660280093925]",-18.798416137695312,0.086,2270.8897293154923,124.4275436776163,1.0,0.0,0
90,"[0.6869256441695936, 0.47418469401554214, 0.3899023906301935, 0.614117615218551, 0.5577004552819056, 0.5734233815299655, 0.5504228926908792, 0.29658954286184375, 0.1909342911035985, 0.9231582310355512]","[0.3421709622310099, 1.1190450482053371]",-14.63393783569336,0.045,2322.30098857483,-104.63091179497354,1.0,0.0,0
91,"[0.48630852627580234, 0.38219406074611, 0.15240051119006776, 0.7363874016549903, 0.20487644002274705, 0.3592102668724035, 0.5965498412692376, 0.3128911263599469, 0.9331813938034511, 0.6413061502288806]","[0.6193658488636676, 0.7399411594585702]",-48.14236068725586,0.49,2129.464488325097,-52.79499905088147,1.0,0.0,0
92,"[0.7546761133816905, 0.30400247935210084, 0.4126238521644705, 0.623255575970743, 0.2195789804298431, 0.8154364740355996, 0.3589332555940807, 0.27813117807273185, 0.3766246845031215, 0.8554485158245608]","[0.4088513644694425, 1.0861181377717792]",-37.52961730957031,0.245,2605.8339423024354,26.36994503246305,2.0,0.0,0
93,"[0.15935230393043545, 0.5251157403815343, 0.649799408116319, 0.40922409466147, 0.4086305674570231, 0.3306681101552628, 0.38726981952498024, 0.09794265892185651, 0.27200655427956505, 0.47907907824851914]","[0.6450107746753034, 1.017887979448552]",-32.24008560180664,0.461,2422.9014807643634,4.808578750816963,0.0,0.0,0
94,"[0.776782364541901, 0.598168318967405, 0.5167779701093, 0.4173041708453451, 0.7571999733563228, 0.7470240885581461, 0.36167814048393826, 0.3035206823260339, 0.4559573930956844, 0.6153332681353718]","[0.39058560864971326, 0.6432603164884442]",-16.463815689086914,0.034,1506.2835632274737,85.27935295783823,3.0,0.0,0
95,"[0.9280901620369225, 0.23973998552085737, 0.9648141636544072, 0.2586575959154164, 0.6940559081123778, 0.6456750743117811, 0.7455253276546451, 0.3227419788153546, 0.5237787238587038, 0.42905905300695335]","[0.29269053638397724, 1.0676413468524262]",-35.741825103759766,0.209,2673.8948507233813,-118.91643898136442,1.0,0.0,0
96,"[0.3147945099438167, 0.44259218548949586, 0.9752604981289589, 0.5341165269300282, 0.6370409020521279, 0.19355805268617382, 0.3323123006505385, 0.773981990259648, 0.3090471185903879, 0.2842359357447014]","[1.1371898358766563, 0.39562131275754964]",-21.201900482177734,0.1,2188.1528820379344,94.6098671221427,2.0,1.0,0
97,"[0.6115154366584703, 0.44752363942807405, 0.6488077908690164, 0.500086594439978, 0.5056256541220607, 0.21116267937797017, 0.5302113188473552, 0.25491312363885005, 0.31288357177572884, 0.7389272856409946]","[0.3988462609521573, 1.0186153633485344]",-7.471653461456299,0.024,1579.9636548611456,156.18833637027274,0.0,0.0,0
98,"[0.18457067489092507, 0.37657746628760264, 0.8873387025693774, 0.4360851874493649, 0.5740642096883266, 0.5763344463058763, 0.8510874351987939, 0.23217944359988982, 0.66650607526868, 0.8913675687599482]","[0.5640396459352843, 1.0858325441761545]",-32.66048812866211,0.351,2472.8364130323334,-71.22461697337775,0.0,0.0,1
99,"[0.19525495013947755, 0.4735120697760441, 0.6113683883287689, 0.542699931590307, 0.46266242199454644, 0.2798682664973453, 0.5933035580820032, 0.004151472637335833, 0.5043830695219312, 1.0]","[0.5615300355694172, 0.9241567173412162]",-44.30897903442383,0.314,2487.43687689631,64.22383572462127,1.0,0.0,0
100,"[0.7615666822232203, 0.36897394665060995, 0.3662323475726073, 0.5404483667795805, 0.2889385084224908, 0.5584468056733656, 0.5402547022889271, 0.46195925216804135, 0.8772942574059405, 0.2174770527340507]","[0.08539439736064831, 1.3179000261214902]",-37.231353759765625,0.131,2890.5236573595143,121.42891333886692,0.0,0.0,0
101,"[0.21901245335650601, 0.35827155083762074, 0.4491772163725447, 0.30384516355465896, 0.3811172466368174, 0.6428876639596117, 0.6208997405587583, 0.444429756017729, 0.5980094256449767, 1.0]","[0.4896861606581766, 0.9589210024817011]",-38.53136444091797,0.246,1387.1077830836596,153.59425793186853,1.0,0.0,0
102,"[0.26010820773477034, 0.5523662646240896, 0.50191329393817, 0.3806675561678921, 0.3752785956291193, 0.22548207276883914, 0.8819358088613931, 0.287704995919045, 0.36691481255609537, 0.696253028701359]","[0.3844795673533414, 1.063573356310754]",-37.66651153564453,0.169,1939.9536690968896,10.624862697823687,1.0,0.0,0
103,"[0.863074420784611, 0.40652240448703436, 0.6751163083594638, 0.4635829858407043, 0.7153754781958162, 0.09486195924049942, 0.6539119962208383, 0.36749334665541955, 0.25804959264341976, 0.49312325533207263]","[0.41471929710516203, 0.7416576033204534]",-26.831071853637695,0.039,1895.9191887661332,32.13055238352479,2.0,0.0,0
104,"[0.21847009871395384, 0.5789587904242046, 0.5135208982232867, 0.41827633858482155, 0.3914600018580639, 0.1567592307869765, 0.5802181231372877, 0.293466729588955, 0.36386137493801307, 0.45364584936281394]","[0.3249938157221155, 0.9280400277458543]",-25.10144805908203,0.248,1927.991829280304,95.8288674001841,1.0,0.0,0
105,"[0.7024687116770967, 0.7428650488297647, 0.5457189192871739, 0.48055397693129526, 0.2407448699472307, 0.16039624565064717, 0.3393621200183926, 0.3042138001387626, 0.5757981026878647, 0.2998219769360494]","[0.3787264324614866, 1.1263886910944003]",-36.05608367919922,0.206,2546.556688638331,-53.777583628856576,0.0,0.0,1
106,"[0.43109408940023447, 0.3705289467936619, 0.43406495282404356, 0.28047608699965715, 0.30282729503271283, 0.6179665736124128, 0.4689983225916421, 0.41083190227889804, 0.670113084626432, 0.9368336553746682]","[0.4152042122531969, 1.1669448527253248]",-29.361692428588867,0.145,1550.1181901594648,108.43421840781266,1.0,0.0,0
107,"[0.7263793708710883, 0.6623563078087625, 0.11016794823588785, 0.6798787462041659, 0.22054783289239807, 0.36251585168306016, 0.8069303590574456, 0.6103264283847136, 0.23272572827604826, 0.8976382042240193]","[0.1511864525308238, 0.7495150386930024]",-39.6087532043457,0.731,2244.2454894718994,22.221096155954626,2.0,0.0,0
108,"[0.6058272881684822, 0.44327246954381716, 0.6234515716793082, 0.7547540470033671, 1.0, 0.8266764941678318, 0.6992473820137549, 0.12395196975551925, 0.23433496704762213, 0.5440984531556969]","[0.19045157470274504, 1.244892920612638]",-37.217506408691406,0.026,3079.332492065998,-33.891187660200615,0.0,0.0,1
109,"[0.9080720655815134, 0.7157206263292122, 0.33881856463299626, 0.2973819200876981, 0.3190580874574378, 0.34462539028366695, 0.3302795625216026, 0.6386382038504544, 0.8734998184955349, 0.23930969580042652]","[1.3674077212595916, 0.08184722574293177]",-30.313945770263672,0.118,2945.5398843821035,-69.47289009059494,2.0,0.0,0
110,"[0.7822267235360648, 0.5634424816916126, 0.5433767334119085, 0.5549698556479966, 0.40338997258445297, 0.48840889651601793, 0.5888826246599861, 0.6405690903883748, 0.5667698256525945, 0.33529681613828954]","[0.6761449328684299, 0.589197847132771]",-20.469640731811523,0.04,1024.72907719559,212.53306387877404,1.0,0.0,0
111,"[0.10467169122146332, 0.6449244572727793, 0.36254588102138874, 0.29606677523353975, 0.4617653839142002, 0.5529812288127727, 0.4301331744458727, 0.4481758907900032, 0.75449495082128, 0.936572991514065]","[0.42764609601525405, 1.2128776789701199]",-48.913604736328125,0.766,2273.017750722183,-158.30892717308654,0.0,0.0,1
112,"[0.5418557266281309, 0.6181269431924158, 0.3778217458290776, 0.4843398466086281, 0.21466601986389922, 0.6606288178490719, 0.4931020518038435, 0.4026139262790456, 0.894752411134523, 0.6940528453979056]","[0.49043072206236854, 1.0711362465389682]",-25.38303565979004,0.258,1978.8400710477058,-54.78366504953294,0.0,0.0,1
113,"[0.5471704555330468, 0.6753183442282548, 0.4642353175078692, 0.4940170648023323, 0.34416374774625264, 0.15705180430773155, 0.4803525347132852, 0.8812077097905636, 0.8330260710337647, 0.07678337270024146]","[0.7748016755564345, 0.27877693037754836]",-33.328514099121094,0.075,1923.9979932692809,157.59604208704627,1.0,0.0,0
114,"[0.6799697252457292, 0.3589074091758177, 0.27882113965423394, 0.4348845257295855, 0.2670338554210745, 0.5210032757332689, 0.8571529263010091, 0.4426360987352255, 0.4579701020746252, 0.8732104796763916]","[0.40554718092208514, 1.0642397346521866]",-25.337480545043945,0.162,1869.5898476784646,96.55779093805378,2.0,0.0,0
115,"[0.17805385449024344, 0.5187918229628963, 0.10639111746422214, 0.37400794419588895, 0.280565138760566, 0.3839100984264821, 0.7328022838093233, 0.5711841569254364, 0.2504554211322187, 0.4898463803207629]","[0.5906968314686759, 0.632139216926095]",-26.11075782775879,0.754,1734.4794149730114,6.311485563732447,1.0,0.0,0
116,"[0.5132167953672025, 0.564112187443476, 0.3882377588264019, 0.26240128721356437, 0.3897187067288793, 0.42713831854854417, 0.3534922707127977, 0.32701253835294275, 0.8081252625508599, 1.0]","[0.47913253458641925, 1.0365357876666048]",-25.2496280670166,0.166,1721.0835177393387,102.79915647023032,0.0,0.0,0
117,"[0.4878351112590129, 0.4915583599793091, 0.240439273132632, 0.48659621738153225, 0.23598089497343627, 0.4129111075950271, 0.48332541767335835, 0.602261776380314, 0.9041747692773567, 0.33414169576393893]","[0.43437762888583753, 0.697700324256714]",-28.75982093811035,0.215,1642.3037257497347,134.48004655727516,1.0,0.0,0
118,"[0.22734491451120026, 0.5804650967320742, 0.368332304765273, 0.7222385147801087, 0.030804311523394325, 0.46450119026228726, 0.6413092643886473, 0.4597972393672556, 0.1467335832001898, 0.5547842838173268]","[0.42867611793193094, 0.9411555731175824]",-40.83341979980469,1.0,2408.5092415487443,16.89261687924781,1.0,0.0,0
119,"[0.23141509722504153, 0.4374854966832785, 0.23282704603446802, 0.6713422658915192, 0.3831282709915383, 0.6518428634476383, 0.9246604853616606, 0.05735049412320868, 0.46065607949567233, 0.5767755857340737]","[0.4330514463017285, 1.1113273824161423]",-31.209646224975586,0.225,2582.2194119429964,-30.112124285659718,1.0,0.0,0
120,"[0.3542849722870278, 0.3443527376191397, 0.3919593249391634, 0.6999261854444839, 0.16641843231242803, 0.45055250929872687, 0.5140051360613904, 0.3097294950436217, 0.7884823478098651, 0.46221407709871776]","[0.24780164889374753, 1.0325402044125562]",-20.25920867919922,0.429,2263.807717385833,144.95895606396527,1.0,0.0,0
121,"[0.6912622726019624, 0.5854668229240204, 0.3823488209252173, 0.5617254485579563, 0.3325058698811529, 0.17577685415843364, 0.45808894682898355, 0.4009567784649265, 0.981588726628616, 0.5706398994126258]","[0.47723176601716266, 1.0054842868605192]",-40.52486801147461,0.084,2059.0462708271166,-42.75062799308347,0.0,0.0,1
122,"[0.5604249326722635, 0.8458945612201944, 0.39658332112193595, 0.43732708474349935, 0.6355739292606442, 1.0, 0.2722968003637964, 0.3769600854889629, 0.1691545795487751, 0.6177636722834594]","[0.3279891352507152, 1.0557289233293072]",-33.930171966552734,0.041,2640.073482297864,-100.93328655844402,2.0,0.0,0
123,"[0.6020305092822417, 0.6667627952583404, 0.3297089966265559, 0.3745967967170062, 0.32056463892575754, 0.00931306744794891, 0.8313202643822099, 0.508270991093117, 0.726039136736551, 0.726463125079112]","[0.3659944457951485, 0.4033060965477565]",-34.171810150146484,0.099,1922.1794454427936,161.9445317702573,1.0,0.0,0
124,"[0.16440391053798575, 0.5209071928170341, 0.6084176570107032, 0.3090888990354317, 0.31249037417034364, 0.4988970636628396, 0.6765952775459975, 0.12033597508793485, 0.4463363804845781, 0.8939355166095603]","[0.5434009676823841, 0.95154176519909]",-37.48250198364258,0.437,2372.0316916275547,-4.55786323521545,2.0,0.0,0
125,"[0.7331717974027046, 0.4370582442193416, 0.8903528958241937, 0.74653634032446, 0.30665890437414445, 0.5497796921002421, 0.3946592043093861, 0.3984363298385799, 0.500028643778367, 0.4962678976886552]","[0.6616534699883099, 0.7441867677663448]",-32.254722595214844,0.107,1544.9457240676245,166.14280685441076,1.0,0.0,0
126,"[0.6254427809686476, 0.451907368728067, 0.445691859927057, 0.3649720257024484, 0.25214713062526645, 0.038617203553719094, 0.49843909462669206, 0.338323108873271, 0.10995014894658789, 0.8880919431036831]","[0.3702558759258193, 0.6752377513663305]",-41.896297454833984,0.185,1851.1258480357976,-15.058295398338657,2.0,0.0,0
127,"[0.8267075164457313, 0.42443534407393807, 0.9839578411287688, 0.3950926623624792, 0.5738007366872836, 0.8322803219416086, 0.5732264559685359, 0.3532398540509938, 0.7933098917605295, 0.9549927453835328]","[0.4092322782728895, 1.0381470912120643]",-23.43365478515625,0.042,2387.8153735552737,-118.04776617622355,1.0,0.0,0
128,"[0.1290686545868985, 0.5672326952779881, 0.5743060240590101, 0.33262176584366854, 0.3219922236547844, 0.44606023490877733, 0.7900182859530662, 0.1417907903874035, 0.4654341365566171, 0.9743588997942503]","[0.4638960180684698, 1.253898695825231]",-42.95270538330078,0.615,2715.2850092880694,-88.78496391586202,1.0,0.0,0
129,"[0.5648213695045723, 0.4324666777359386, 0.3538968327871543, 0.36866220689154106, 0.15138466640012094, 0.28312198251907117, 0.5338882221889327, 0.3082097308256669, 0.4957281767759619, 0.6493152740865425]","[0.24492476125732202, 1.2253248254762632]",-28.698841094970703,0.495,2207.462070487435,128.09267551226736,1.0,0.0,0
130,"[0.7453793186890816, 0.478128443697734, 0.7084223920128657, 0.7000080919782905, 0.8897223974700589, 0.6398540580896513, 0.7531999405655412, 0.20758474178778338, 0.5050090172534019, 0.6016871874946029]","[0.42843482887838524, 1.1005630754476579]",-20.882247924804688,0.013,2050.5024319844383,14.879962309693042,1.0,0.0,0
131,"[0.26568325739033527, 0.7442565636065128, 0.42279634612981154, 0.37593004606050856, 0.38946849986692844, 0.41533746146857264, 0.4144312334323197, 0.21863265700600074, 0.7388141401371531, 0.8054259785572221]","[0.44258202657827833, 1.0878375858522393]",-37.75590133666992,0.164,2208.6920170985823,138.7115978636701,0.0,0.0,0
132,"[0.8587881725442499, 0.7471231862781555, 0.7086991815599434, 0.3682077860001944, 0.36642213411424474, 0.0, 0.15946209861045102, 0.3757688925881093, 0.6891201633395934, 0.4278565676544545]","[0.5366539767135509, 0.9685108373217148]",-33.07309341430664,0.063,2246.8003316221443,-72.4502705870558,2.0,0.0,0
133,"[0.6952302712242376, 0.3693194466681471, 0.5823008462759781, 0.5136016419685929, 0.3813669386642379, 0.9357269999941072, 0.28268767318929783, 0.2576231026056832, 0.29556127739155585, 0.9963296450619035]","[0.46427763543411377, 1.1436456534102704]",-38.14297103881836,0.062,2280.923694540338,121.20369312201095,0.0,0.0,0
134,"[0.3747106113049143, 0.4748498478459657, 0.8560024255883628, 0.32982607614453874, 0.4831849024026403, 0.18636884046728777, 0.6465604922072078, 0.29170199067470637, 0.8127534978326575, 0.7855378377402987]","[0.46010524551168963, 0.9481477497064958]",-40.034305572509766,0.086,2371.4196210397668,19.957211654646244,1.0,0.0,0
135,"[0.8485757933096885, 0.745212741948691, 0.8955079820926677, 0.7545523416271968, 0.2948190520035318, 0.40099290529937826, 0.49752730538218287, 0.7717072438813886, 0.3334995075102478, 0.10053510482360342]","[1.2108634085295644, 0.16692776377929575]",-42.843894958496094,0.121,2527.5664307657744,59.10178059842747,2.0,0.0,0
136,"[0.20751521809690315, 0.6622522893012603, 0.49501465779491804, 0.4371604661366391, 0.6034385698768499, 0.2164315950811304, 0.2380169140619848, 0.12224050579104952, 0.6483327222286062, 0.6568968399740285]","[0.6796604687458947, 0.9466533120296117]",-38.510658264160156,0.28,2325.0427619659067,-25.494732001708428,1.0,0.0,0
137,"[0.7780924725871368, 0.7024847560261286, 0.49430727043537165, 0.43137076781686295, 0.26038465353888973, 0.23973082982102592, 0.05536954533318084, 0.7163888310370342, 0.6512082993345698, 0.0]","[0.8941705903714295, 0.2073814444158928]",-28.24782371520996,0.168,2323.3167522694134,100.99097814309081,2.0,0.0,0
138,"[0.5721902623944051, 0.4158414352619276, 0.34442923887178273, 0.48381741592481875, 0.09322353304904776, 0.1265085529885029, 0.14068934693018204, 0.5472854489366443, 0.15496049242734172, 0.6943084998003747]","[0.7281579597215795, 0.6873472983357407]",-31.844253540039062,0.854,2124.438687078669,136.2379949425154,2.0,0.0,0
139,"[0.6259175113650343, 0.6884615645943092, 0.22049465008878413, 0.5384564824769104, 0.7224389356314291, 0.0, 0.6323247128618403, 0.5072813253919293, 0.43727656059118347, 0.543084374546706]","[0.6425443588238003, 0.5122661811679287]",-35.90896224975586,0.244,1801.5225359500594,92.85194384446189,2.0,0.0,0
140,"[0.8128054161214358, 0.5699001747701963, 0.9232851907657053, 0.048745848893464234, 0.07372634955406507, 0.623973441200503, 0.5636307462262808, 0.4443541627626462, 0.09395925665974872, 0.6455806001263119]","[1.3622155755857457, 0.5228482343676072]",-33.25149154663086,1.0,3270.2021347048367,-99.45719045107973,3.0,1.0,0
141,"[0.6110459226364916, 0.39474182558891113, 0.4813194498694883, 0.7652896532120371, 0.7155551846718239, 0.9912880449027811, 0.5361444179849324, 0.19764912669429494, 0.1977723109901252, 0.8874002351966401]","[0.4304755140361861, 1.2312924757983934]",-39.24573516845703,0.042,2594.6072528079626,6.403059637094174,0.0,0.0,0
142,"[0.8122082235383702, 0.4615075310032285, 0.402002081318927, 0.3544999770339782, 0.3798821459487648, 0.10579886390135437, 0.5972168771867092, 0.558475505084576, 0.2968767615932311, 0.7753675687554357]","[0.2794024339105383, 0.9291309807026712]",-38.04714584350586,0.068,2020.8407685757788,133.65854934951557,2.0,0.0,0
143,"[0.8312135280301374, 0.23837778347329328, 0.705376687678736, 0.7510985410610695, 0.3106135458497105, 0.9718126604572848, 0.1964557541240335, 0.0452530547689038, 0.2520990196904607, 0.48298787072180727]","[0.6901849357053436, 0.8495439246822176]",-40.35124969482422,0.211,2854.1821501437335,-101.06138737049179,2.0,1.0,0
144,"[0.774373917744807, 0.8438114809291561, 0.3282803873254948, 0.7038747563646449, 0.3617974669513963, 0.2955690270627636, 0.3317010793740779, 0.2286245426535475, 0.7924298405554298, 0.8486923228678794]","[0.5402674273923063, 1.0402710133332964]",-29.76494026184082,0.089,2616.1011213132347,121.54164304468398,0.0,0.0,0
145,"[0.6667715610340073, 0.617283594223535, 0.9665735385943203, 0.9357377382696394, 0.5191770635425169, 0.4042012045488369, 0.5936512087599932, 0.23748345489139033, 0.5659316747139248, 0.31136652782080804]","[0.795608909148913, 0.944824980824057]",-8.961559295654297,0.01,2346.2519179009273,-38.60188903447329,3.0,0.0,0
146,"[0.07644757256849248, 0.5349061001623062, 0.529849679082663, 0.6740439224882583, 0.6092246627858744, 0.5732869945117129, 0.40028487912788213, 0.3454124987869738, 0.22964237585941077, 0.49543274471122883]","[0.32688422899759784, 1.081346030471884]",-29.351900100708008,0.992,2361.97541077774,160.15948624857492,1.0,0.0,0
147,"[0.627973459170157, 0.9201911982302436, 0.32551630567652534, 0.8548143389109553, 0.26998272626688113, 0.9979522578720479, 0.30767148981289966, 0.34986875790231065, 1.0, 0.7712397860390696]","[0.433599270938871, 1.208540500748207]",-43.84141540527344,0.155,3263.8948368504257,-126.07975626472057,1.0,1.0,0
148,"[0.2460492868068913, 0.3563874480023054, 0.7433102859053842, 0.42806140214658533, 0.4713737251151497, 0.7275511672388338, 0.7557316937933823, 0.36871136956641887, 0.5399216402028901, 0.8746982431761713]","[0.5245488999068807, 0.9866488068706719]",-31.565677642822266,0.199,1649.0044707288055,62.20191634605328,1.0,0.0,0
149,"[0.8803981470783355, 0.45680818871922707, 0.7512437079113179, 0.8464965847796941, 0.2756808792153027, 0.7693218426707154, 0.3663212800392898, 0.6188661613662493, 0.0, 0.4452988643770588]","[0.6416499969940154, 0.4125246882850066]",-30.876380920410156,0.148,2134.3753737238894,-77.32498382062067,4.0,0.0,0
150,"[0.42553653252696483, 0.2317914149377186, 0.30850714036040344, 0.4497542200099707, 0.34417046318599076, 0.32063969991191305, 0.6584704384099834, 0.4938929538466835, 0.7695061410119297, 0.39168628366828656]","[1.3889318778871786, 0.523033099309168]",-29.15431022644043,0.224,2689.047025283415,71.97051982512903,1.0,1.0,0
151,"[0.2645748049255397, 0.6889941587988532, 0.38084636677582245, 0.5614343087121839, 0.33012907031534855, 0.6351373207673755, 0.37812392089677427, 0.548645710833754, 0.9079519174102316, 0.9240788563441069]","[0.31888478182378804, 1.0387498427833937]",-28.331222534179688,0.164,1900.7618031421,10.48019008888636,2.0,0.0,0
152,"[0.7717809945552982, 0.30593669290824044, 0.6936569951756905, 0.7258462760613568, 0.24535367613471348, 0.8523636546949279, 0.2950900775589786, 0.35490176731832535, 0.36990793051105714, 0.5447440615702726]","[0.3799090289784045, 0.9738035438304575]",-35.483177185058594,0.199,2574.3784034637492,192.80846740513095,1.0,0.0,0
153,"[0.49476207367599223, 0.5149927894762356, 0.30945249295088545, 0.6143051944231098, 0.5579162638344269, 0.40504234906461434, 0.6147283873318768, 0.6395900843582358, 0.5257799827628342, 0.6111164219793495]","[0.7282396477279818, 0.3527666045879378]",-14.937074661254883,0.104,1215.7586645055017,180.208754877368,1.0,0.0,0
154,"[0.2591717700211555, 0.23395311744830724, 0.3840188680682494, 0.2913542450886293, 0.2675096917888094, 0.978048836232227, 0.07754359596489023, 0.6867415874420331, 0.4005832843424447, 0.799796453422901]","[0.5457520179254077, 0.7341684384118662]",-36.2842903137207,0.221,1897.01962559686,-18.57173913197022,3.0,0.0,0
155,"[0.8534198365272447, 0.8986019989543993, 0.48902205348441774, 0.656343529476819, 0.36185758377692023, 0.3263677100014017, 0.6831260444126723, 0.679552654082857, 0.2671323751611772, 0.8567255801134094]","[0.41105193888423835, 0.2885711817026281]",-44.71840286254883,0.065,2380.619302985383,-90.97330937855509,2.0,0.0,0
156,"[0.22991735530712284, 0.6448368860089981, 0.5649396299100604, 0.3223480815637642, 0.5787098544873869, 0.3238872680383364, 0.7583990523958537, 0.7773389199920889, 0.4499142908748853, 0.7155549455084668]","[0.46421243264289624, 1.108511973500261]",-36.14226150512695,0.227,1689.4907566230795,146.50120523685,0.0,0.0,0
157,"[0.9988456814212534, 0.8558725430177683, 0.5837804767729997, 0.5745114582689625, 0.8336105624535602, 0.26123160294588804, 0.6905152412217992, 0.7857010493834692, 0.12010715401128481, 0.46156836154073666]","[0.04527399508427006, 1.045357464625479]",-33.36896896362305,0.007,3007.384026005592,-131.37395166772376,2.0,0.0,0
158,"[0.8052672794051982, 0.5938279875029155, 0.40283205796865595, 0.8112992940442963, 0.17350474704279295, 0.8405740349530051, 0.299422601834107, 0.22976175470429264, 0.8932886317395531, 0.9414374705508388]","[0.4937403336749107, 1.0448154743089573]",-35.67292022705078,0.394,2542.840634706304,163.56990188450396,3.0,0.0,0
159,"[0.2797231824142508, 0.6548348996343106, 0.2741041816190333, 0.43907091665658093, 0.39459770561069174, 0.06774976309028566, 0.7217153125115386, 0.6795433668191249, 0.8503232484573491, 0.1801497949585345]","[0.5011412722212146, 0.49202531457086685]",-31.311126708984375,0.15,2092.123668344176,-15.858828115105325,2.0,0.0,0
160,"[0.16934494531527533, 0.23101711498310215, 0.4012322788035198, 0.6639834460739503, 0.7741577511355613, 0.0814779320312623, 0.2807159644433824, 0.3614165169575578, 0.7583115695270138, 0.6672598525087737]","[0.587920553856904, 0.8394145724606225]",-43.22977828979492,0.417,1878.3949037150792,13.786836274454316,3.0,0.0,0
161,"[0.3296874303503579, 0.6744138126868982, 0.41047765799243957, 0.4137127945989969, 0.4629717809524404, 0.2475130054190913, 0.3241046976357272, 0.35188255125698814, 0.7351059791981926, 0.7721654822765771]","[0.42915709850097267, 1.0537236227726712]",-36.50676727294922,0.086,1876.381916687936,149.26276088601068,0.0,0.0,0
162,"[0.3504934009147254, 0.9899050536530711, 0.44365260362563924, 0.49263530822304386, 0.4082601704463966, 0.8388193974531406, 0.5169663118335169, 0.7208738894951273, 0.971217710130839, 0.852118007322537]","[0.2686865420166917, 0.7105323617849907]",-38.313087463378906,0.074,1793.9642482609456,153.20472332082545,1.0,0.0,0
163,"[0.6629606544284283, 0.4104409967072357, 0.4901998988002933, 0.7838276923342222, 0.7657604524032483, 0.8240387909122397, 0.6185409137538684, 0.2760229562818725, 0.2669580200098693, 0.6592634633924876]","[0.27590111607304624, 1.2875333693662618]",-31.70818328857422,0.036,2948.4509164766946,-71.68517219899195,1.0,0.0,0
164,"[0.14289737196886068, 0.1289668682135566, 0.2872309907341817, 0.7355188479036034, 0.686296255117057, 0.4073545989220424, 0.404719945089307, 0.600326500451214, 0.05733999846062342, 0.00016013592475881406]","[1.1317894186583635, 0.6091627069871073]",-8.800415992736816,0.615,2814.9811355707657,228.37113842798067,1.0,1.0,0
165,"[0.7343842855949287, 0.891109976435397, 0.35013667108253343, 0.9107911340812025, 0.9122955005794728, 0.3982748100440892, 0.17063180957011798, 0.30207979239662314, 0.24718153058338033, 0.7370157801898715]","[0.1290009002407952, 0.794759719238218]",-33.67137908935547,0.074,2716.7477284214883,120.26918429829678,3.0,0.0,0
166,"[0.16761167808484795, 0.7589376217302738, 0.5840473834665832, 0.314255357614758, 0.619851068162763, 0.17955813227606593, 0.5174445664977012, 0.7092179637512245, 0.6785868120517763, 0.6862796822207744]","[0.44989000954268155, 0.7405806470320997]",-30.98575210571289,0.425,1780.48685307653,181.13172555519125,1.0,0.0,0
167,"[0.614033753372896, 0.6438354224239984, 0.4516233251012747, 0.7137074660976703, 0.04622136106101455, 0.7473883591087978, 0.5153927820218401, 0.06261939348870872, 0.03127831152083938, 0.9114772654195836]","[0.3043010348745977, 0.8314484342215619]",-52.22749328613281,1.0,2630.180467123551,-137.8325604590728,3.0,0.0,0
168,"[0.4557896724058911, 0.3616179685862132, 0.7885238909148611, 0.42740431185746824, 0.7149895163193561, 0.0302831464549354, 0.8752068738618404, 0.20299252585078034, 0.6398535791931476, 0.6538923631147118]","[0.3089863809553008, 1.1824935748352294]",-46.67713165283203,0.065,2792.985246236328,-155.28716970427365,1.0,0.0,0
169,"[0.7484871858175242, 0.2622096185040426, 0.7305843545747699, 0.8854093634785005, 0.23810423950464035, 0.45722619499178474, 0.6400013362897544, 0.6168006597874474, 0.9903265122177981, 0.4432808070386511]","[0.42578880158863286, 0.75697569464353]",-45.56270217895508,0.211,2166.133358443928,-15.623312665206129,3.0,1.0,0
170,"[0.15717890735720347, 0.7544971653308684, 0.5626433038192439, 0.30191955391093134, 0.7014908779917092, 0.5406196894985732, 0.4369340776104941, 0.6987204238951541, 0.35539706231188195, 0.8657563843839042]","[0.4461410977000984, 1.1955925254176123]",-36.859981536865234,0.47,2708.4177988558777,-110.01103943218095,0.0,0.0,1
171,"[0.2784955348028045, 0.3261319689014299, 0.8571251126697244, 0.43638248684283154, 0.36434592339920735, 0.2968674111288858, 0.7188127016037791, 0.32156507272468593, 0.4692558049930666, 0.5260988300398924]","[0.2461248566170017, 1.0189448288939065]",-17.667713165283203,0.145,2130.842211022167,99.06367009107629,1.0,0.0,0
172,"[0.5208079591422184, 0.3661067504585965, 0.6545356815805318, 0.526745338622808, 0.638696934710514, 0.37552021909865846, 0.6795468215615978, 0.24790231821552663, 0.3362193345672334, 0.6488186516799986]","[0.30202676423639685, 1.140148159465465]",-25.583650588989258,0.063,2053.4471749596655,185.75591422694333,0.0,0.0,0
173,"[0.8227586182193888, 0.5018192998771891, 0.5263136926406582, 0.47792205720485964, 0.13670759580048839, 0.41545188259202337, 0.28909277776548487, 0.6822248161870218, 0.5697381713561622, 0.834484938839899]","[0.33202304602436555, 0.8608165856183032]",-29.002784729003906,0.573,2016.6749702963277,47.91194882925757,2.0,0.0,0
174,"[0.3611939772817851, 0.8459479825917252, 0.36794977720027344, 0.5204508306740854, 0.37047563706387243, 0.9788111829712289, 0.6916052090138941, 0.6351127294177801, 0.299274502994984, 0.530327188875505]","[0.6152833333080414, 0.3104641469431567]",-46.50382614135742,0.065,2108.371614556885,77.30844843222437,3.0,0.0,0
175,"[0.8456910560339547, 0.45802289088620657, 0.8959201325568499, 0.5071597562855162, 0.6997580409854649, 0.8347039358840369, 0.2251644547198071, 0.47450254004739034, 0.5770181364938277, 0.5244272922302196]","[0.5144013280392172, 0.9311561479203267]",-29.289627075195312,0.017,2408.7423396862673,-80.74572781206109,2.0,0.0,0
176,"[0.6135554776311773, 0.9059967003865728, 0.42221239705188796, 0.41711517478158755, 0.8732429441286754, 0.3727727320939888, 0.4542850479756859, 0.599065731931244, 0.37860245591694996, 0.8001950433278888]","[0.21565208118609527, 0.7447352368369712]",-24.255783081054688,0.034,2201.4001308450597,-75.54137063459274,2.0,0.0,0
177,"[0.5500833459431222, 0.8333347885712472, 0.3375214115941134, 0.16575693872820133, 0.3606667926259762, 0.6174652324802934, 0.4324251296929905, 0.32211838374549356, 0.8016059059762971, 0.7031023487763811]","[0.45288840528970087, 1.03482916469134]",-33.43088150024414,0.431,2454.6269765839493,-94.45619458330015,1.0,0.0,0
178,"[0.5976559857718213, 0.26397227550071156, 0.5132243578023388, 0.352669691400667, 0.5294573304876966, 1.0, 0.6713481372518519, 0.2845110504352748, 0.49411566339547097, 1.0]","[0.48527613873499537, 1.1304960532023762]",-20.225341796875,0.164,1817.773825318475,138.33671117071356,0.0,0.0,0
179,"[0.11929437671841343, 0.3974802853463746, 0.5379260339094855, 0.1830324694694025, 0.6312322129937028, 0.9422045553629879, 0.9504362317676007, 0.6845195484829195, 0.5370945415022901, 1.0]","[0.20577791118571698, 1.0344546566909485]",-17.82878303527832,0.675,2099.5243758316915,-146.2440237234871,2.0,0.0,0
180,"[0.3748652189197761, 0.48082415666771705, 0.4432371375554768, 0.3766592961208913, 0.39764885045247045, 0.2638970167413237, 0.3526176639220304, 0.6565974659596396, 0.9929378721865059, 0.7167253658544622]","[0.6124546088690571, 0.683769240528094]",-31.50469207763672,0.058,1613.888798467183,126.24072384343914,1.0,0.0,0
181,"[0.3088470217659233, 0.6230165241567835, 0.5436176613101273, 0.4624319376679413, 0.4494373460474458, 0.0846399982144955, 0.5594728297481945, 0.1081872238277399, 0.7494830954153461, 0.8308002511017324]","[0.4549109423527822, 1.1679836190933335]",-24.605525970458984,0.104,2270.8472080337606,114.75322717615981,0.0,0.0,0
182,"[0.312073963809604, 0.3196918931909562, 0.3854575829348674, 0.6051212633445371, 0.46562169599433423, 0.25604040168238046, 0.4849254570867166, 0.38929406494846563, 0.9481080253947707, 0.7863147362754866]","[0.3460050724958427, 1.1057434122628564]",-39.4960823059082,0.101,1866.603712769485,58.56454061311729,1.0,0.0,0
183,"[0.23082806283511426, 0.4795087653287891, 0.3981929118581383, 0.4410389997707932, 0.4278427391911565, 0.5882005625428296, 0.5215192557489037, 0.17297639647193455, 0.3062386332668365, 1.0]","[0.634703343915494, 1.127624226300309]",-42.94966125488281,0.226,2192.8126450494356,18.701079235607978,1.0,0.0,0
184,"[0.29763596821983007, 0.9549571297000912, 0.4406997354064565, 0.49275639302798346, 0.6397905422086393, 0.0, 0.9083277017450788, 0.210848358689942, 0.5382600641812396, 0.7563730990943192]","[0.26827014317040876, 0.9685800990193966]",-39.6220588684082,0.118,2711.8248343974437,-172.66644873400753,3.0,1.0,0
185,"[0.7114742699859355, 0.7396239941470593, 0.3246523155341691, 0.5246243753959036, 0.6829737719674355, 0.05774430999379833, 0.49745961655829835, 0.7691280335317086, 0.0, 0.06470325215237094]","[1.1082291939113278, 0.13636621368190782]",-4.985952854156494,0.094,2562.1475513102887,203.1041910098146,1.0,0.0,0
186,"[0.5182085861770493, 0.9995304476307315, 0.18192184328888272, 0.28585461487517955, 0.30195351724053704, 0.06556722906561101, 0.3679201500312385, 0.7522520401403775, 0.9777993453733231, 0.7554348072167126]","[0.18412866279630125, 0.9437233221290332]",-35.8818473815918,0.36,2850.3320882286616,51.878894966870774,3.0,0.0,0
187,"[0.927377794427923, 0.7867348651815745, 0.7711838047612256, 0.39742442649218135, 0.4616847987616526, 0.08505117781530404, 0.41316544958719237, 0.13027596561512306, 0.34762768590864535, 0.6071214571857139]","[0.5299345080977202, 0.8707791532115746]",-25.456029891967773,0.041,2273.5186823086024,-19.013094216796617,2.0,0.0,0
188,"[0.21553286077655626, 0.7387889622285926, 0.3766365426715058, 0.34058099507338585, 0.8025234205730304, 0.14872254329705292, 0.3915253440137155, 0.1286007447221941, 0.5955430824052044, 0.37638320523292806]","[0.7127656436321984, 1.0050818386947002]",-39.668941497802734,0.256,2793.666041406439,142.82023335045477,0.0,0.0,0
189,"[0.15603804472190316, 0.45568874193224623, 0.3468152818217337, 0.4375263786629252, 0.21699225445491738, 0.7736714636237333, 0.4902341521544202, 0.4400593165439595, 0.6746650446779185, 0.9890749931593396]","[0.6861263794447796, 0.6297171290752571]",-35.31318664550781,0.473,1800.126455212414,52.20387455430486,3.0,0.0,0
190,"[0.4654116373829672, 0.27092965765525545, 0.6368677335190134, 0.7190852095371352, 0.8024118962766233, 0.07437015257178728, 0.7566268818110045, 0.07489519135569801, 0.7103965658823191, 0.7743403479059094]","[0.47680302563846294, 1.1246992374491198]",-50.32294464111328,0.154,2982.5671361741256,76.94506147525519,2.0,0.0,0
191,"[1.0, 0.5048029591589795, 0.3034234737944087, 0.33469376888556046, 0.2860043589694373, 0.31609834553456, 0.5449660949117013, 0.5299495649208625, 0.38286187495699125, 0.38740090566815377]","[0.7874973223889483, 0.41210026806856864]",-30.180644989013672,0.135,1566.6359785935215,170.4999384324105,1.0,0.0,0
192,"[0.3292845218505064, 0.6021098396864517, 0.436326704959963, 0.5964678582029921, 0.5887495307767696, 0.2137934522991496, 0.8919182012263522, 0.44083770770684233, 1.0, 0.6484897133600201]","[0.579907997314939, 0.74119095316552]",-31.690832138061523,0.086,1437.161724215154,71.62020844714345,1.0,0.0,0
193,"[0.816204586545087, 0.6553793672708262, 0.46223540590142986, 0.508230123793227, 0.32914531551086423, 0.214107066097857, 0.5698266409735837, 0.8812579656907893, 0.8155681378945293, 0.05994434803405252]","[0.7407096910918787, 0.29786802460634443]",-25.26511001586914,0.087,2066.3152621242352,118.34893132218053,2.0,0.0,0
194,"[0.4284276063421961, 0.6216064288540407, 0.3658867469497558, 0.42004950739844354, 0.5423711376250976, 0.3732002727064958, 0.4788908041282968, 0.5685800452440581, 0.768708344239047, 0.680533250445107]","[0.3691269781440385, 1.0232723938725747]",-17.154977798461914,0.063,1732.5188390790677,0.6869280902227217,1.0,0.0,0
195,"[0.5619502281538692, 0.714038279949493, 0.4052785638556309, 0.30793173474701707, 0.35181733651898955, 0.4120127178468201, 0.5452479485693845, 0.5246799041486043, 0.7690203550501586, 0.6130392331190044]","[0.3227507542203738, 1.0237085421291965]",-22.95315170288086,0.105,1525.985309225295,79.87875287695618,1.0,0.0,0
196,"[0.2334973622575159, 0.5273856533416776, 0.6935715386316813, 0.6758820398301726, 0.39485272501236274, 0.8022084073571354, 0.4608513331058591, 0.12662524063361988, 0.28194425282911695, 0.9997787501994783]","[0.5669697127728923, 1.1076785535292095]",-35.75223922729492,0.221,2162.473057492753,-8.535907001739645,1.0,0.0,0
197,"[0.15966507144207204, 0.6176813207724972, 0.3190559268608081, 0.3847910206430952, 0.37094443356944007, 0.5266691157185225, 0.9845702593421171, 0.177479619909028, 0.500093258631184, 1.0]","[0.34711612750699233, 1.3188568058608936]",-45.956146240234375,0.461,2704.964545163826,-125.81146617115581,1.0,0.0,0
198,"[0.6046504917818563, 0.7108666672350055, 0.46224231306208585, 0.48853574341908884, 0.8779932663553385, 0.963088185450551, 0.3380748142736814, 0.20293693881548983, 0.16342132859223307, 0.6353991164381998]","[0.3023464476412497, 1.4939576318102312]",-31.578590393066406,0.015,2848.14589060154,172.89418347481967,1.0,0.0,0
199,"[0.24917459549908247, 0.6085973554822584, 0.3954467433140192, 0.333135288831586, 0.4371669542274599, 0.518892641959555, 0.5261565418290058, 0.4454494645983313, 0.80677069871117, 0.826647964168827]","[0.3166231600096038, 1.2238325042016258]",-36.94483184814453,0.194,2020.7343136033257,75.47907950257272,0.0,0.0,0
200,"[0.638381748492344, 0.7145535291710379, 0.3920136364430082, 0.3531591451347077, 0.20585327465550976, 0.20634222660655843, 0.5309192538324068, 0.3106730356285376, 0.929873828397804, 0.3486834249895158]","[0.49813919964210834, 1.0116496759915752]",-40.249717712402344,0.285,2474.2999840545053,-64.66556137717419,0.0,0.0,1
201,"[0.4033630903636565, 0.6507606408425687, 0.5565421631903708, 0.468293218583153, 0.41794529752052145, 0.2435779400852257, 0.8842767973014146, 0.6850985387593677, 0.5033556996162633, 0.8207247768264456]","[0.44558808684482876, 0.8226945243084053]",-22.910417556762695,0.04,1480.803662007119,-71.19075704494202,1.0,0.0,0
202,"[0.3218302964284922, 0.7056290514425758, 0.6074548940299059, 0.36504226108454074, 0.6929530021070444, 0.46675373406591786, 0.4095762253309849, 0.39600921626178703, 0.0544482873656454, 0.6635973805162086]","[0.33113132282814733, 1.1387466377498596]",-18.46189308166504,0.097,2765.7920079512787,86.82305384178633,2.0,0.0,0
203,"[0.5164253619294676, 0.6216371762254351, 0.45362909009040636, 0.5397087100507413, 0.7702050716046569, 0.36349873950788714, 0.2506110100819981, 0.18716257864640515, 0.5515505740054787, 0.9072027179891503]","[0.3274582305736165, 1.1203691290391269]",-11.268109321594238,0.019,2397.6352410644463,-5.189343682911044,1.0,0.0,0
204,"[0.7438157650066712, 0.5732888333315316, 0.35043732381437265, 0.3966253049686771, 0.358514949136142, 0.24380663836064786, 0.6914049662370251, 0.2686503696381872, 0.7518435882390927, 0.511078181639497]","[0.46082633052330296, 0.9255842494906132]",-19.00974464416504,0.074,2087.3565446796365,-59.19006352862783,1.0,0.0,0
205,"[1.0, 0.7733706564364264, 0.5524159426598793, 0.3360405821657361, 1.0, 0.2038894139702399, 0.7945076482686306, 0.6785701116147518, 1.0, 0.0]","[1.2546994069964539, 0.009898433491054449]",-25.959333419799805,0.083,2880.6130968776065,-87.81229179350032,5.0,0.0,0
206,"[0.27685387886572876, 0.7745224690533183, 0.40166565461448367, 0.2793412453642048, 0.4710026306683787, 0.33994938293475596, 0.433792456178206, 0.526221191552344, 0.5935739389691387, 0.2617611923483384]","[0.3045181838632355, 1.2558975849580025]",-24.19602394104004,0.148,2641.3877608807356,19.26705998853683,0.0,0.0,0
207,"[0.31814122873849204, 0.20844335743897402, 0.7840866126147066, 0.5164116541543656, 0.4265754565747023, 0.37444645979610136, 0.5409097982153707, 0.44061006066621905, 0.40855903640134195, 0.6331917261152203]","[0.5292729267255618, 1.0611661804540276]",-21.053401947021484,0.279,2245.147039647396,-80.26023575901087,0.0,0.0,1
208,"[0.040593064562680296, 0.3982449534758967, 0.7339236215635884, 0.35939276429869504, 0.41961074957598316, 0.5379826751603947, 0.23029094640828773, 0.32805060244578615, 0.5479315213752564, 0.8888896504981262]","[0.6186807638383983, 0.9739719250698898]",-46.787960052490234,1.0,2585.4938861612864,-279.58618371601244,1.0,0.0,0
209,"[0.2718535124136592, 0.07906254901042825, 0.3471567616634116, 0.11384203337021963, 0.0031895939985285868, 0.9374494272701936, 0.22059660460404362, 0.31241264187227913, 0.0, 1.0]","[0.41683388797175275, 0.8359819065337031]",-28.838600158691406,1.0,2479.470666333374,-120.19871130390322,4.0,0.0,0
210,"[0.484752739740047, 0.34689553385610417, 0.4974271894142089, 0.6513902701971059, 0.997229640573826, 1.0, 0.6111719188522071, 0.12018003991685156, 0.17602852995255205, 0.8229069474274651]","[0.5490105425341038, 1.1189005823056992]",-54.143394470214844,0.074,2936.9019148986013,-20.96289741988602,1.0,1.0,0
211,"[0.2624421522195048, 0.3136672586532934, 0.5663762309384763, 0.37135032014937475, 0.49252017658671887, 0.781916085046054, 0.5939420894015907, 0.18990558608181338, 0.48094628980107706, 1.0]","[0.5189350959896757, 1.1410986626100308]",-44.810482025146484,0.166,1887.64856334486,40.55612509328836,0.0,0.0,0
212,"[0.7774344283499026, 0.8296355944254076, 0.6231669018058114, 0.4491265903201571, 0.9277190449904085, 0.22038827824517337, 0.3418019955629351, 0.2132569712514295, 0.8935670864161003, 0.3163976048734273]","[0.36304781249006307, 1.0932101396592615]",-23.917829513549805,0.024,2125.9276556940786,83.13498958617632,1.0,0.0,0
213,"[0.43033712786354456, 0.4890204417236171, 0.3205373402670238, 0.4165989615077298, 0.31986165344502254, 0.6688361009873335, 0.1816811152741128, 0.6092809744990384, 0.40654813832646514, 0.44517608322586694]","[0.4403045603357475, 0.8639395755805642]",-23.388763427734375,0.099,1374.6217722257636,78.39438137166727,1.0,0.0,0
214,"[0.221265802034627, 0.4153938156267231, 0.6092105194251529, 0.20305205094640547, 0.29057361701562306, 0.11163278237275223, 0.23620358910962508, 0.3844639800999004, 0.3726757028266067, 0.468308237544199]","[0.31460627463288215, 1.0174311517709793]",-15.149908065795898,0.29,2343.9436629048405,35.94142953770364,2.0,0.0,0
215,"[0.3756521710950248, 0.3502334238627683, 0.5591578851969867, 0.46443817394990133, 0.8867860024074244, 0.01629985247653177, 0.9213293053558556, 0.32530055836639443, 0.7407014450444315, 0.40186076669190596]","[0.46303919699909685, 1.0520532071995015]",-43.15231704711914,0.074,2513.7589553986777,-104.16879380404225,1.0,0.0,0
216,"[0.21120913466350164, 0.4233390376103618, 0.8583928045858344, 0.3673428675684195, 0.3689275949159084, 0.46084555313816533, 0.2936721937564984, 0.27366557049573426, 0.7175616082254133, 1.0]","[0.260946959574262, 1.2198793481433723]",-45.70998001098633,0.269,2555.7612864790317,-198.13753730861293,1.0,0.0,0
217,"[0.9123176504775956, 0.43187401587458446, 0.19540776087130104, 0.38649170163626945, 0.25119256834640336, 0.40287195512558466, 0.49263925806778913, 0.5346529567264106, 0.3609389313841244, 0.42287509229593345]","[0.39319702918355237, 0.9375241604012703]",-18.4389705657959,0.314,2247.2235210795498,43.793881517226765,1.0,0.0,0
218,"[0.6646333974810836, 0.44060942360183486, 0.49411957884443175, 0.5337692471049026, 0.37913938585819207, 0.0, 0.03335173265259036, 0.8553298230136075, 1.0, 0.19108376888183534]","[0.9990423819868893, 0.2989587063091765]",-15.11371898651123,0.054,2780.752927235851,1.9938541113015447,1.0,0.0,0
219,"[0.49365418590608273, 0.6357614018622787, 0.4627022808581443, 0.4710012000915181, 0.4133699953912478, 0.37888227206083686, 0.4739227970994566, 0.4948091201569915, 0.4460108958080725, 0.3952126956419837]","[0.5370635278949952, 0.8916559378795849]",-4.278486728668213,0.035,1280.0393660700324,169.5026977289677,1.0,0.0,0
220,"[0.6720112708163442, 0.30123449104313793, 0.2758802498457404, 0.4806872912079943, 0.3545551142056449, 0.6179917943597336, 0.19333623286520213, 0.39385807484582475, 1.0, 0.25649815673564047]","[0.2686965607835961, 1.1467698393621175]",-37.372798919677734,0.148,2301.942807682292,114.23630505879981,1.0,0.0,0
221,"[0.8352925652866013, 0.2578906484165526, 0.4018650703666809, 0.790938290395377, 0.4216062099250093, 0.2716812242024766, 0.3658792176391402, 0.24828235308634541, 0.3550861216831043, 0.7922330651465136]","[0.45848332000483194, 1.080153993330118]",-27.676027297973633,0.173,2384.655048471546,94.55953371900128,0.0,0.0,0
222,"[0.09766124955932891, 0.4870508387176315, 0.006034716886416837, 0.9999951289878413, 0.2991548932225574, 0.5008076989231579, 0.16716873345657707, 0.25708785188319044, 0.3629583299567842, 0.7950771017015189]","[0.7706569507391636, 0.8919275366347188]",-37.772274017333984,1.0,3561.2184154671127,-181.9528566366468,1.0,0.0,0
223,"[0.3207037900448431, 0.4923928696182078, 0.37820118501745864, 0.48591242143259483, 0.4855245450601627, 0.21356630336774005, 0.560585466525947, 0.22969946977731068, 0.8376332763233206, 0.9297819886369091]","[0.5747184321398684, 1.1314319996730955]",-35.699825286865234,0.099,1665.8544726753892,152.47113535926246,0.0,0.0,0
224,"[0.14117306085946338, 0.822230910813191, 0.48244476526179064, 0.3706957784313745, 0.6291059093046263, 0.34784981808433574, 0.27665234594650717, 0.9012853759630836, 0.7259553118720462, 0.4382085290381393]","[0.9917547803881144, 0.30232433940237174]",-43.5323371887207,0.543,2433.684494364007,-94.52081413661932,1.0,0.0,0
225,"[0.2551925116529273, 0.40635123177446575, 0.7418685917857923, 0.3659398012741154, 0.5981133946100883, 0.2715131013921315, 0.6196471413930192, 0.34795101005452067, 0.5081411699897256, 0.8916728014294542]","[0.5095044374284521, 1.305826136899072]",-31.071077346801758,0.177,2574.7233971385745,54.330353860454125,0.0,0.0,0
226,"[0.5802573328092021, 0.499775544629054, 0.4539833236804624, 0.5337325474267458, 0.39981978735243595, 0.49283602709516666, 0.7746233371121516, 0.395442584421158, 0.4392647559622414, 0.46299628977697593]","[0.5252757280136985, 1.0866086954460414]",-11.894445419311523,0.041,1424.3481101423122,133.7449078210637,0.0,0.0,0
227,"[0.6829747606918377, 0.2984478862886399, 0.7382992132487786, 0.48640929220120577, 0.5181594105814588, 0.7977559688682574, 0.5401018795089889, 0.45458687896962, 0.38966745563027216, 0.9189904298575728]","[0.40790806002666374, 1.092515480422381]",-38.39097213745117,0.117,2097.745146812723,-88.99958019556902,0.0,0.0,1
228,"[0.35101856723948566, 0.747973338260718, 0.31257129252791027, 0.48416100571632303, 0.3396689915226197, 0.7334014585702463, 0.4986841205941255, 0.3798187686876016, 0.6853112473588902, 0.518165297957269]","[0.7010372111943812, 0.9564104234768293]",-15.631325721740723,0.1,1947.309235972351,17.043443892699088,1.0,0.0,0
229,"[0.9941891157831924, 0.8577977857387633, 0.3778996770291045, 0.8202678228399546, 0.32745262944937814, 0.11564134104227167, 1.0, 0.3603704745435556, 0.6974344141526123, 0.3305809803450516]","[0.02579367437057215, 1.3607900579325383]",-27.28510093688965,0.091,4056.151186305165,154.3576547904772,3.0,1.0,0
230,"[0.3553159079280185, 0.6652662570691434, 0.42912496741514605, 0.25878459293869577, 0.2185350914649295, 0.3105119448179804, 0.3233943158300996, 0.39288405413811983, 0.864092014517831, 0.21885036107834294]","[0.7951327862832267, 0.9777699983253895]",-25.244291305541992,0.248,2617.8475633782255,67.6641275143725,2.0,1.0,0
231,"[0.6878995562250965, 0.38956027701960766, 0.7109759794532547, 0.43678676330644883, 0.6032244462540048, 0.17518875895534433, 0.9512088684645325, 0.2677836421513739, 0.19036989273331284, 0.6851435003283955]","[0.47408096291395774, 1.2798366649562531]",-41.902400970458984,0.046,2430.981870954733,92.95640379890233,0.0,0.0,0
232,"[0.24207301813678211, 0.7008629511274885, 0.4778599938330028, 0.7764293797353985, 0.8745956464888248, 0.514055763557127, 0.5453693969400845, 0.47398082096863203, 0.5323701316729458, 0.0867999630390271]","[0.2838977469721862, 1.0407857738941866]",-41.51961898803711,0.204,2557.7067642078723,124.20732453058633,2.0,0.0,0
233,"[0.9274627624164563, 0.645123978849912, 0.49684857617707623, 0.6120448505978114, 0.49817438286217436, 0.9975127328586803, 0.44591592922427564, 0.33443597209314946, 0.5365239593231581, 0.5002905849721846]","[0.38050411642993953, 1.0896308484084043]",-14.989933967590332,0.012,2491.715080267049,91.23915481225237,2.0,1.0,0
234,"[0.48026364148952005, 0.4325811446118488, 0.6380533752631379, 0.4581204609115892, 0.37754384964431725, 0.2006307258249411, 0.258890027756939, 0.08507204039541029, 0.9368417205365691, 0.4199936653620837]","[0.27039906392604646, 1.302100339178711]",-35.5288200378418,0.054,2291.4353686963386,126.52696819940203,0.0,0.0,0
235,"[0.44955801806685597, 0.8127856731610736, 0.45266433652593946, 0.7445667996508097, 0.3411965846216887, 0.16114303529667492, 0.0034652675531049834, 0.2842264937795108, 0.8105632004474479, 0.6457131326895083]","[0.8362117171833948, 0.5945688299778945]",-37.07734680175781,0.077,2612.9218826770257,46.79763521883373,2.0,0.0,0
236,"[0.2681738793472764, 0.37547640648163527, 0.5399497354046389, 0.49409442453438807, 0.5661349837459069, 0.8178310269898157, 0.542636428269952, 0.3304249719200332, 0.2415452188311162, 0.9765985422701169]","[0.4611940846198561, 1.117505878697086]",-26.008115768432617,0.158,1961.9553960923672,85.31566761328688,0.0,0.0,0
237,"[0.5658425502314353, 0.5637481224290215, 0.6164848027976138, 0.6635791157839674, 0.4100890537856608, 0.3469957601228207, 0.24306305306372064, 0.3412049763956206, 0.4478588950751217, 0.6717908271475108]","[0.6582441610954679, 0.8761526627461225]",-14.750643730163574,0.036,1552.021551523626,167.04708889310092,1.0,0.0,0
238,"[0.1935957510793954, 0.6341602029734297, 0.43434048029546635, 0.5070079417749681, 0.8479779096393232, 0.43024598175159245, 0.48714475646336713, 0.5998438068771572, 0.8816041793696555, 0.4127433263579427]","[0.726201664646428, 0.6161474219722495]",-40.65797424316406,0.324,1999.5461921638773,-125.31713532308191,1.0,0.0,0
239,"[0.8679480833961081, 0.8943317243395038, 0.5347667670577588, 0.3875382911451931, 0.6089494606862743, 0.2850251070053278, 0.5283440055923673, 0.2723302737201995, 0.9531349853645905, 0.8239472816758668]","[1.5, 1.5]",-38.2541389465332,0.049,3939.7675195567886,-155.90448542034005,0.0,1.0,0
240,"[0.2840687056570626, 0.408765918329143, 0.41855677075790915, 0.7443841943468131, 0.4111251642535611, 0.23026982032690746, 0.14062962918845093, 0.0, 0.8518847125481083, 0.9726276218424431]","[0.8009209607843162, 1.022000788672143]",-31.531105041503906,0.136,2635.671098519511,17.052275625912444,2.0,1.0,0
241,"[0.2834716401890036, 0.4404374998293667, 0.5469751467135322, 0.3842219413330154, 0.5806966109043206, 0.30792805899875925, 0.837121775900047, 0.5089828975199268, 0.9250851363953644, 0.48891285439448373]","[0.5060217637195746, 1.1602241935263287]",-22.68809700012207,0.14,1808.139121186276,186.59712503120468,0.0,0.0,0
242,"[0.12750638464122188, 0.6986855810961679, 0.476386785601079, 0.4653153015297998, 0.7176114818559431, 0.6022992350878128, 0.5081661452939971, 0.5983928951803121, 0.8055232159116308, 0.35377574518812316]","[0.5673066791971041, 0.8222574606022818]",-36.89564895629883,0.627,1758.5510024548823,-7.2408868811488105,1.0,0.0,0
243,"[0.30997049331630233, 0.3506930778208102, 0.5104492363766567, 0.4130430751431544, 0.5783715671697569, 0.3674142796081809, 0.2775817305561567, 0.5946919199597677, 0.8513396738494623, 0.9996699340546109]","[0.5144053369842909, 0.9358346216863415]",-29.42171287536621,0.104,1497.5434940878888,87.61544751399421,1.0,0.0,0
244,"[0.20547160627385525, 0.8814196833429473, 0.5367799242775371, 0.3198065529637687, 0.5703344506003802, 0.5110293734813557, 0.9591186046391502, 0.995896477419749, 0.7082404110959942, 0.49749269073841285]","[0.5853786017214745, 0.6680039759948623]",-38.86927795410156,0.285,2242.98614998244,-127.92555595126629,2.0,1.0,0
245,"[0.7305883311399173, 0.400207449603272, 0.45554772469551874, 0.6513370158029493, 0.5033922933624949, 0.18248512242561757, 0.5726515559876454, 0.5329626121345811, 0.18904454922342637, 0.06999866927785796]","[0.49651132629165534, 0.9564834943677966]",-36.55154800415039,0.041,1881.6305085065114,138.49932015922172,1.0,0.0,0
246,"[0.6214523784272322, 0.5290903417988208, 0.5373661637239436, 0.3898058186272363, 0.45461110388453635, 0.25861201611080437, 0.253402217764837, 0.5161649962625098, 0.7221570188174296, 0.909276989713618]","[0.46364197300071125, 1.0730150567913594]",-20.728656768798828,0.045,1617.9899137854652,97.8201208179471,0.0,0.0,0
247,"[0.2688489077413586, 0.47905082648893293, 0.48545465867362, 0.47696939593809856, 0.22396431818995471, 0.542561086000532, 0.7763988146724525, 0.18259602040478284, 0.698411439700317, 0.6556904653295242]","[0.32678344045113955, 1.3654619718662993]",-26.589313507080078,0.236,2474.7173684165123,121.97605688939353,0.0,0.0,0
248,"[0.5013508520753743, 0.6231395582673591, 0.48311554438712856, 0.4896803539607785, 0.6512011984668602, 0.33855279530722676, 0.30213063919402583, 0.3887615367472285, 0.5944357662069117, 0.39391436100055194]","[0.4700645959282802, 0.9293757617135967]",-15.468226432800293,0.013,1362.997125786397,162.97149184927056,1.0,0.0,0
249,"[0.7196083796800189, 0.41103073860252537, 0.41730070837928135, 0.49038953723013, 0.39179823054682195, 0.2225916524959727, 0.8312424927153624, 0.7620867630930921, 0.333117858134799, 0.5739346432499892]","[0.7451023847008464, 0.5529391847622738]",-23.548372268676758,0.043,1842.204101343648,136.2688577333587,1.0,0.0,0
250,"[0.6729749155250935, 0.368276673947896, 0.8345868057841838, 0.49019222687951325, 0.32667667903992637, 0.22822218369583602, 0.814125284392435, 0.3299278760028955, 0.0, 0.5433387313363649]","[0.36909551148527464, 0.9690357330834986]",-23.29782485961914,0.093,2300.698311272488,-66.24921085440405,1.0,0.0,0
251,"[0.6207292963873589, 0.4720498800422005, 0.637431524263901, 0.5794838897212715, 0.6523871364728573, 0.9470290012088998, 0.6305098986917543, 0.36923191620052087, 0.14706531736067385, 0.9511101830351962]","[0.4823127818978974, 1.1827633538820985]",-23.6519832611084,0.014,1989.6584856460772,198.80083264586196,0.0,0.0,0
252,"[0.4192983567245131, 0.39863231180448316, 0.4450911303191211, 0.48609968553867544, 0.8232903577373508, 0.7675089830493047, 0.46704835219958407, 0.7432681756542879, 0.5850848942473242, 0.35365462168803913]","[0.5020907199740868, 0.5802154480666808]",-12.844159126281738,0.041,1259.1546676176172,193.0070895193508,1.0,0.0,0
253,"[0.10845213893721165, 0.4804260059237081, 0.4247797204678968, 0.5360926594503512, 0.24575503838114862, 0.4549507468414476, 0.40858833810016154, 0.7057781650299727, 0.08832198238355413, 0.5252681606783597]","[0.6181099433420658, 0.8715535884596162]",-27.166059494018555,0.742,2083.8313658991106,-5.100007316140307,1.0,0.0,0
254,"[0.3401984417341592, 0.7273058365055881, 0.3018779201619635, 0.25120659106163407, 0.6837182272501136, 0.0, 0.8023188194396166, 0.7810818725053005, 0.6635952694205628, 0.9246222929880258]","[0.22460280897754692, 0.7553608931675154]",-38.415157318115234,0.189,2307.127783528845,38.75549971197833,2.0,0.0,0
255,"[0.5210990222601941, 0.514798541369592, 0.4183255936934782, 0.4257928709016037, 0.6587121811650457, 0.39759291317405937, 0.4273074194348174, 0.5086442428006307, 0.858266614929047, 0.3900461324015607]","[0.5603792777932181, 1.0123924237617117]",-13.315019607543945,0.034,1414.4854296595895,201.37530551787933,0.0,0.0,0
256,"[0.7232398436814402, 0.28724424278273436, 0.7193278811666967, 0.5469589463539297, 0.5988359902759645, 0.43196577991809987, 0.7318735419168358, 0.41903792617355506, 0.1811507069146657, 0.3292596370599721]","[0.35255165654748727, 0.9878501797182632]",-29.15518569946289,0.131,1823.282104943009,229.48894071065166,1.0,0.0,0
257,"[0.3291424561459862, 0.3882186060329452, 0.8298689771289064, 0.42860018040212433, 0.49526640502689084, 0.01574551853789631, 0.6752004779330859, 0.2496343159622688, 0.9914384477449878, 0.856677985791353]","[0.5160118122471381, 1.3648853682818887]",-43.011024475097656,0.087,3184.24304427111,1.4211395001503888,1.0,1.0,0
258,"[0.1602108451058149, 0.19719057090964953, 0.44721494322297667, 0.4669818363113961, 0.7714059231385249, 0.3041246675606752, 0.7661593446915026, 0.6843069254182537, 0.4891128833415358, 0.3054282126708168]","[0.4280622216496371, 0.9224117783011061]",-32.86003112792969,0.459,2353.186626340839,-74.98400529852267,2.0,0.0,0
259,"[0.5453855002620066, 0.5582759230807534, 0.45301157636015066, 0.36305827065324514, 0.2883101016452777, 0.27208123026644443, 0.3160158207585751, 0.09609771641614218, 1.0, 0.6558505374451613]","[0.25855353692252575, 1.2543209331239427]",-29.14446258544922,0.131,2176.118926267235,175.6897903630247,1.0,0.0,0
260,"[1.0, 0.7011929725209883, 0.4999463698568071, 0.7124169401917403, 0.6162110511529576, 0.33557726309461705, 0.26317090375757374, 0.4772485968859377, 0.28511387405716965, 0.21877246907749084]","[0.7739768970101379, 0.315839989622563]",-5.682792663574219,0.011,1166.0449907683937,210.92218608827525,1.0,0.0,0
261,"[0.4280637611468858, 0.8009504162403914, 0.3104825511370838, 0.8531912957066728, 0.2171270512824494, 0.1819902598893456, 0.333228179605217, 0.2585447845865992, 0.1367118049905743, 0.28457224688640276]","[0.490110536787413, 0.5295274959392157]",-16.077253341674805,0.253,1888.831373045542,90.47523156689402,2.0,0.0,0
262,"[0.4452984351017349, 0.49015723514970727, 0.5393222112789596, 0.4773813674060941, 0.4970075016312342, 0.4145923898314314, 0.5211189183498671, 0.4086179658630443, 0.9679188858420048, 0.9150477551394434]","[0.5193952129776062, 1.091450105614796]",-26.554899215698242,0.024,1317.7615470830472,158.0071220801444,0.0,0.0,0
263,"[0.856578922493539, 0.9409071519085693, 0.5896477917967773, 0.4095594129616566, 0.5067753433117096, 0.4877257569087949, 0.79389397281618, 0.07509345752959125, 1.0, 0.8967906513910894]","[0.2925555627829081, 1.0799484554830663]",-33.36820602416992,0.036,2564.421381835023,15.693321355153103,2.0,1.0,0
264,"[0.16851081128049758, 0.4809597254868101, 0.45015312199911306, 0.30600049299332954, 0.6616209567593053, 0.19679415540990647, 0.2988923206519907, 0.16175983561831472, 0.8677525178797512, 0.4856072838225813]","[0.5509264408486545, 1.112401593408534]",-46.28389358520508,0.423,2587.2586297252633,17.751970335396777,0.0,0.0,0
265,"[0.08854185065115969, 0.6440118410884755, 0.3997701575260524, 0.43369371421821307, 0.6030830845848065, 0.6385734643468803, 0.515489246890636, 0.4093580202171757, 0.7660812504235583, 0.29817334357666136]","[0.4285546940831512, 0.6344397421378762]",-33.003868103027344,0.887,1919.247080608911,-116.55719788150736,1.0,0.0,0
266,"[0.4603926814337516, 0.4094861352127956, 0.3580530171358608, 0.43188823434238194, 0.47706254495219363, 0.3608847713187621, 0.4919342553152151, 0.4431821888279541, 0.9338480379188241, 0.4599566625213831]","[0.47812063753557643, 0.9664328996553563]",-20.069581985473633,0.066,1241.8789861988996,133.88953875709768,1.0,0.0,0
267,"[0.774333636693248, 0.48404056741593193, 0.21585561713650847, 0.3951992218779862, 0.37306856355216184, 0.1922952181007708, 0.5497437103374474, 0.9067465055593786, 0.10409090720855485, 0.5003086205765048]","[0.77261836156345, 0.32929128037943095]",-42.2026252746582,0.254,2411.1144880791194,49.526966333140166,2.0,0.0,0
268,"[0.33004523318347856, 0.6776168248756834, 0.5027028083619063, 0.4182453043650668, 0.5891032590790488, 0.28637016549009875, 0.2260260608187408, 0.7395863645422411, 0.7999643068289163, 0.27305093711374945]","[0.2636641916813068, 1.130599549165567]",-35.765499114990234,0.086,2171.485821033496,84.95219079395417,0.0,0.0,0
269,"[0.3437485968307589, 0.5819513995944441, 0.4129387589088313, 0.3818381036171162, 0.6251831862491949, 0.2436302183109947, 0.2831484787948931, 0.5023703271511195, 0.9577837427591089, 0.39404626755418704]","[0.44034122212975374, 1.0786534421178195]",-37.782806396484375,0.075,1982.533875176445,53.62448918821613,0.0,0.0,0
270,"[0.27968444936252423, 0.36529919515782994, 0.5782743568810901, 0.3793454246251096, 0.8070635904998614, 0.05805605802254724, 0.49975650489195683, 0.2794870887452319, 0.736702032918059, 0.4424922600921024]","[0.39872442134377506, 1.240841966011085]",-38.8259391784668,0.145,2834.8413422986096,-143.5985374153309,1.0,0.0,0
271,"[0.24938151091100821, 0.4135392354129684, 0.6395667064495834, 0.4463298381390146, 0.5539526841234099, 0.6268376410280269, 0.4613472187858554, 0.520859183536194, 0.6836750150852848, 1.0]","[0.5423228921971424, 0.9665200432421691]",-44.9346923828125,0.194,1662.620312156849,-89.63939041213348,1.0,0.0,0
272,"[0.2716641793326444, 0.7636263675266788, 0.46830667790031294, 0.4713099449109924, 0.39738723753370964, 0.5779555301896855, 0.41206242145522237, 0.49306836193642317, 0.607626691010492, 0.7828400328613088]","[0.511698627468608, 1.073605756870065]",-21.779972076416016,0.153,1875.4185361393033,61.00576127300266,0.0,0.0,0
273,"[0.550226121139552, 0.47766995812632573, 0.6210118589457068, 0.5395757966408614, 0.5908209170262712, 0.05623303522224636, 0.6749902509266267, 0.4402415141790558, 1.0, 0.9744142311993369]","[0.4792397887123331, 0.8497876581078195]",-32.24137496948242,0.013,1765.7980469777378,156.5387176377887,1.0,0.0,0
274,"[0.4253220462589749, 0.5300114030598481, 0.4373110447024286, 0.7293197951716273, 0.9622188053234575, 1.0, 0.8791268426385781, 0.773926321035843, 0.1595285841268272, 0.5467719767790409]","[0.43318614703971275, 1.0215005132334296]",-40.08018112182617,0.032,2200.1761178565866,18.309125261811687,0.0,0.0,0
275,"[0.81316630745065, 0.7428131238238905, 0.7403342080083666, 0.5255037376540042, 0.8173913629180147, 0.23175088427669654, 1.0, 1.0, 0.22094240079802077, 1.0]","[0.2409708443087859, 0.7992330696148361]",-21.73256492614746,0.009,2579.362264981127,247.868514956057,2.0,1.0,0
276,"[0.7855326292788948, 0.25788856855393666, 0.597438633064613, 0.8896731842245876, 0.3257425522304193, 0.3231729521560821, 0.870944510787042, 0.6208674272936128, 0.8650448478601035, 0.6973925436766121]","[0.8450890686621663, 0.5272401904251095]",-37.2659912109375,0.173,2144.4531778840737,-58.571846684881905,3.0,1.0,0
277,"[0.19464300142106256, 0.6099333801793628, 0.41214668749775296, 0.4263184039757169, 0.8367546576670806, 0.5852192595722121, 0.5798073082503722, 0.6769147209604139, 0.6364362450739537, 0.3578906165046129]","[0.6354034729611, 0.7995504253144566]",-34.505802154541016,0.317,1682.6795344214393,180.521414020326,2.0,0.0,0
278,"[0.3541060915852531, 0.26392526593742033, 0.4747131714903971, 0.6970971002382763, 0.8358629814455218, 0.6142866576270003, 0.39553693323967104, 0.4230538120397686, 0.949400963651998, 0.4077552727756088]","[0.43512130376921293, 1.1470918005259714]",-35.94884490966797,0.164,2679.7406803796275,-102.29043318391984,0.0,0.0,1
279,"[0.9148261445835143, 0.3435496989194815, 0.4100076136756022, 0.38777568136966645, 0.6671738242312094, 0.38613554508589537, 0.5431586687622503, 0.1552479059562358, 0.9838709690103669, 0.3725324868159689]","[0.09422423570738786, 1.0634427626177947]",-30.866050720214844,0.075,2829.332360112621,-161.37192239901265,0.0,0.0,1
280,"[0.18475014626716973, 0.3798558318234306, 0.4535100913468499, 0.40533092344809324, 0.5064125538897523, 0.9332369336278722, 0.4574431653051828, 0.4086029969323136, 0.7231777036908094, 1.0]","[0.47446710757012617, 1.2368348921609107]",-41.424983978271484,0.351,1989.3264499051845,104.70819036145937,1.0,0.0,0
281,"[0.6570540201063613, 0.41469771321214305, 0.5630559813031869, 0.48533165545417994, 0.24027953985694267, 0.5034552598255838, 0.6072160523539263, 0.5078052038360337, 0.9999892375827986, 0.5636588737957617]","[0.5168319171511025, 0.8913283079270043]",-35.40606689453125,0.208,1445.8285101443817,95.17050818062577,1.0,0.0,0
282,"[0.6886644486456717, 0.21228139207482974, 0.7193564639372371, 0.7931140196368713, 0.884778675378433, 0.9589273584428328, 0.9066057393646743, 0.8377985973786926, 0.6355744928088283, 0.5924548933664797]","[0.11081263909147086, 1.1649815226908167]",-27.610511779785156,0.267,1997.22262586703,83.16819896109615,2.0,0.0,0
283,"[0.5752866917360979, 0.8397795262476818, 0.33120669399792146, 0.4965671952420181, 0.33882306134236195, 0.1466409053842389, 0.25343096423611433, 0.3298707338651954, 0.9520708350122749, 0.32087309168532746]","[0.5041361255267994, 0.6764491810817584]",-23.24199867248535,0.086,2089.6428192911485,232.35284604976192,1.0,0.0,0
284,"[0.13983240571355143, 0.4597635458417509, 0.5998123892081496, 0.42683557332428596, 0.45198775739771735, 0.5065483133878449, 0.40060602166479803, 0.37823159132556067, 0.8424073458919307, 0.9881803693742905]","[0.38841739109557316, 1.2412274701609314]",-54.65126037597656,0.552,2215.745597854151,15.627580938882318,0.0,0.0,0
285,"[0.8226864361201778, 0.3518673939496916, 0.2772623412869201, 0.7983957632400993, 0.6590874753737574, 0.3066511497904161, 0.7002748103581061, 0.5220389165537742, 0.0, 0.02282280135209145]","[0.7523532722310166, 0.2985590670901203]",-17.694936752319336,0.148,2035.4683207559287,16.726631942195297,2.0,0.0,0
286,"[0.6914413602397674, 0.2357202286478969, 0.17765270473635011, 0.4483298819470508, 0.45578205582459225, 0.5590757232916164, 0.7885982676558579, 0.5014758352011506, 0.5669051024444184, 0.33887848542426136]","[1.008759430380675, 0.12304888334586682]",-32.219417572021484,0.378,2636.7440581232877,-128.24345979072825,2.0,0.0,0
287,"[0.4370493005151807, 0.38805019224212567, 0.6410261262549325, 0.8116297467701731, 0.6877198312704187, 0.693391993848894, 0.1911210200552238, 0.6318036872893286, 0.7512388531441998, 0.2533923177231424]","[0.21281586522004609, 1.3446453654350692]",-22.511611938476562,0.048,2995.7291974647046,-95.08903265805804,2.0,0.0,0
288,"[0.5342991470715852, 0.7528625892209271, 0.4305409497464994, 0.4882648587109213, 0.5361894575598173, 0.06651872485545675, 0.22235057122743299, 0.4382849703019509, 0.855608004918392, 0.3766413518906556]","[0.3810851603102244, 1.0736858268084604]",-18.049470901489258,0.03,2201.691957130339,48.13972878561907,1.0,0.0,0
289,"[0.7524102652210632, 0.28014104169863263, 0.7428200010628874, 0.49454969076950267, 0.40318128096826555, 0.9231417699386246, 0.4592396537899113, 0.2769526386009328, 0.5011948635148353, 1.0]","[0.35314306531399026, 1.285896155745365]",-34.71271514892578,0.145,2825.5600864843395,-112.12129312322486,0.0,0.0,1
290,"[0.5957793104609643, 0.36613087585571885, 0.1562997487436226, 0.5750062754130949, 0.27119659198590446, 0.22753261957573795, 0.5808264220947084, 0.4277562795800288, 0.45130246802031, 0.24811852628302283]","[0.6687862506491744, 0.643674126028205]",-29.295915603637695,0.473,1929.129239653553,-103.39531034330332,1.0,0.0,0
291,"[0.3558845946754385, 0.6443854711845023, 0.43628239601575325, 0.5510380507560619, 0.5612825808932563, 0.27135122598251804, 0.37588554791241396, 0.7156285481313402, 0.9958755361823031, 0.7573267834072326]","[0.8728961603803579, 0.5128627003179858]",-30.894865036010742,0.067,2223.652880495599,32.38264482103634,1.0,0.0,0
292,"[0.7619439948912822, 0.7816044044172055, 0.5605077275653809, 0.550690386327044, 0.5168539550431347, 0.28395125794281906, 0.643602592218689, 0.7696366367880803, 0.19837930291292522, 0.33317810286569677]","[0.34580824395740145, 1.1365547909366607]",-28.544301986694336,0.01,2344.4922250718955,20.367902817500863,2.0,0.0,0
293,"[0.22675062388413508, 0.4975812142053294, 0.4437822945425085, 0.41331678287325757, 0.4277786444166995, 0.4461857934423449, 0.9335079591283105, 0.452047933922004, 0.48477677396014274, 0.5544271036988148]","[0.6565771861734138, 1.1887340004188633]",-23.62323760986328,0.232,1654.1808632390985,177.47773663707676,0.0,1.0,0
294,"[0.5779045403595682, 0.4466263940915694, 0.743505450331789, 0.3750981513632777, 0.6046709682579299, 0.21182081809295902, 0.7810111151861158, 0.3812757597200904, 0.3721173332685039, 0.8288027645889536]","[0.43752193038100085, 1.2326174528926108]",-36.918479919433594,0.058,2521.139314029278,-23.18470532541454,0.0,0.0,1
295,"[0.7619774238807033, 0.4718201663819369, 0.39010192497669266, 0.5671038089386831, 0.4348618724727005, 0.01697073762242425, 0.4483515820331941, 0.4609237102659562, 0.5470721138173105, 0.17376547235657824]","[0.2540134241558144, 1.3864460141789552]",-22.681108474731445,0.045,2925.907878694694,114.20191231811256,1.0,0.0,0
296,"[0.7316502455275253, 0.3539267583814836, 0.5427403231445304, 0.389636904662921, 0.5102783732444895, 0.35552841576707833, 0.7050361041348323, 0.49979498971197606, 0.031624267416007254, 0.6384224206334719]","[0.5369868860415001, 1.2348184591908233]",-35.535865783691406,0.068,2635.959868736928,14.706596463025676,1.0,0.0,0
297,"[0.6939642555695565, 0.6282303256066639, 0.5785009591715464, 0.4485651153919392, 0.33635072609158456, 0.20394886711851937, 0.7120523905799123, 0.45470407674090524, 0.5797977145626251, 0.4542764508615685]","[0.5427248286373588, 0.6980478755725587]",-20.385528564453125,0.083,1437.6503348678134,-28.609900518596362,1.0,0.0,0
298,"[0.6835958744481189, 0.34681194551294536, 0.5353836733489057, 0.6187136314852077, 0.05346711911263241, 0.7786181994323551, 0.5529416746238994, 0.4939789200081203, 0.11724434235688339, 0.6058790219893319]","[0.26033834124619654, 1.4853528193759309]",-45.5601692199707,1.0,3376.962754139904,-77.28846799983512,0.0,0.0,1
299,"[0.9999999996599214, 0.9247336738407836, 0.3794437807966745, 0.1094798701448328, 0.599718913142549, 0.45667231798648106, 0.07637504065189057, 0.3591124606715371, 0.45395752461446326, 0.312074360577292]","[1.4072286174799225, 0.46231039882508357]",-45.70919418334961,0.738,2846.31519595461,-123.39868481243559,2.0,1.0,0
300,"[0.728064908967193, 0.8103473440705463, 0.5229765584933431, 0.881926223849351, 0.8852818239388673, 0.494290912091424, 0.6221844973815573, 0.9056549396526725, 0.30724034556424307, 0.5223844679255986]","[0.4310485786059562, 0.9866741958328206]",-17.0102481842041,0.009,1697.0455776991878,44.0008637193379,2.0,0.0,0
301,"[0.3583769584513986, 0.4751280120725707, 0.5986280156794059, 0.5045742788669952, 0.32550476686451996, 0.4944408563910417, 0.427871767380258, 0.38448144908920884, 0.8340809722059676, 0.8845945397157876]","[0.5128367961215988, 1.2213385515615622]",-11.166200637817383,0.093,2010.7582395475536,33.8344925254369,0.0,0.0,0
302,"[0.21395973534165819, 0.7111822001778481, 0.4989515517190236, 0.5384970318059062, 0.5868851494443698, 0.37210185523561057, 0.2447782392773535, 0.32992292515659466, 0.8464742088133088, 0.4851147927253504]","[0.25671932959517874, 1.2781224488729734]",-41.12769317626953,0.264,2625.317389444848,-45.28492241785085,0.0,0.0,1
303,"[0.4987942118991571, 0.6862395176812423, 0.466717001191146, 0.8639142142226667, 0.6344555570993313, 0.1708648242001234, 0.27347851785289884, 0.8483810079080895, 0.42793943516990235, 0.17120926070492323]","[0.5128856520491749, 0.07492498639505324]",-16.734811782836914,0.014,1935.1191714815566,60.94796577843644,1.0,0.0,0
304,"[0.47435924613210234, 0.7655642154805579, 0.43515066062179625, 0.5333023833948389, 0.347989640353967, 0.57250160066824, 0.18964543762531208, 0.4747370557601381, 0.9214768399371339, 0.824063977475528]","[0.5208187876716633, 1.1068087337938972]",-37.0606575012207,0.074,2030.5916024360113,76.44534314597507,0.0,0.0,0
305,"[0.890410128239889, 1.0, 0.5043874060351606, 0.2590844712701103, 0.44607052460734525, 0.788885587637837, 0.0, 0.609560306936997, 0.8334547361216545, 0.19347243303905107]","[1.2336566366035404, 1.5]",-42.701080322265625,0.172,4257.091835881402,-301.52416184941706,3.0,1.0,0
306,"[0.9433263731419801, 0.8461452343586173, 0.6512188142533583, 0.4203566500793437, 0.9401329411554277, 0.6083970084983505, 0.19754958581737173, 0.0821207330430837, 0.03301685602868547, 1.0]","[0.1347819399282629, 1.0673876087328669]",-38.10272979736328,0.034,3474.185190871622,-125.56199972979437,1.0,1.0,0
307,"[0.25081564655345134, 0.3820035314651635, 0.4705965403215396, 0.4092600216263826, 0.41683035613471314, 0.510172463068128, 0.17780420917559522, 0.3819225942654703, 0.8943187670211601, 0.8511899803035847]","[0.5071800768011712, 1.160362209832266]",-33.16914367675781,0.189,1972.5454523995265,179.0204773689203,0.0,0.0,0
308,"[0.4853623083645933, 0.590769896451061, 0.8006109411982841, 0.09307723925278863, 0.7267774069440973, 0.6550663423120213, 1.0, 0.4533871295784438, 0.45131486226669204, 0.6494195239387537]","[1.3134586742829675, 1.2899002654357146]",-38.002567291259766,0.855,3387.210048704661,-97.12276104895255,1.0,1.0,0
309,"[0.21252153635527163, 0.792454239605793, 0.41286099639142776, 0.36276670541978756, 0.4850078245423953, 0.37248816686420105, 0.3298761205224163, 0.4779613550326335, 0.8982980390236444, 0.7543337098923344]","[0.35371381002631114, 1.0960620861453543]",-38.093231201171875,0.267,2177.195351279146,-62.76581196606952,1.0,0.0,0
310,"[0.2099581880484572, 0.6598307796932835, 0.34149917633489985, 0.7630985531627876, 1.0, 0.701648491754829, 0.6764720346373364, 0.5096295861319279, 0.3745447922195194, 0.4563150856174264]","[0.47678035902416194, 1.3649889996963516]",-31.655025482177734,0.275,3123.8160097638124,-135.91897863820083,1.0,0.0,0
311,"[0.9397977010514315, 0.9547797026757612, 0.3431906855701464, 0.41881740130779416, 0.3738010374418826, 0.2867602967477982, 0.5995466154219043, 0.6073551523425114, 0.7784715456445476, 0.7660240348702132]","[1.0245025971359611, 0.2317086612514444]",-19.39087677001953,0.075,1979.1593040503842,174.15810339518214,1.0,0.0,0
312,"[0.2934278860486313, 0.5847312781599726, 0.4622899468729493, 0.5218282151098679, 0.5306691809846397, 0.40652500690102283, 0.25673808837454704, 0.38714514802457545, 0.8461684277370143, 0.20760502472781162]","[0.4034564162962252, 0.80892395241283]",-36.17879867553711,0.124,1605.2614672943546,130.24590402193303,1.0,0.0,0
313,"[0.9533529019563038, 0.8633305142718858, 0.6149138347500667, 0.5049453386992728, 0.9792879611740105, 0.5194227298364407, 0.1010182255327314, 0.0, 0.03949154598420135, 0.8061284167819764]","[0.3868334055750135, 1.3342207852383792]",-43.577415466308594,0.011,3157.5072146575576,57.2610060433135,2.0,1.0,0
314,"[0.3229403523311676, 0.5055673583910095, 0.6127239552914426, 0.7428228271280938, 1.0, 0.5630875376871891, 0.8525323248292952, 0.41788655826728016, 0.5947404021002695, 0.4961125936428857]","[0.49855989785386, 0.9792488755932901]",-38.5884895324707,0.097,2147.099931725423,-113.91602890904113,1.0,0.0,0
315,"[0.7130695471665214, 0.3869843449691757, 0.788698233266876, 0.38721449354496074, 0.7312915669690334, 0.4103184398852813, 0.6734696962933387, 0.13021185678028882, 0.8070111260604765, 0.3672467204771854]","[0.35133204099042153, 0.9479270148398045]",-30.695846557617188,0.049,1647.7037975300116,174.05466170358653,1.0,0.0,0
316,"[0.651122657188102, 0.5487982551062744, 0.009088448513756436, 0.7387113300835154, 0.06343945453988391, 0.5681222344693899, 0.044281595135907834, 0.3023806125856856, 0.7192861396907411, 0.6255408360948077]","[0.9609171165901209, 0.854940311925983]",-45.06572723388672,1.0,3144.916324554724,-39.17430546345122,2.0,1.0,0
317,"[0.748952382150642, 0.5623753950635487, 0.8451538222095037, 0.44222403788609377, 0.5479077020825922, 0.6827911538514498, 0.5085104846916966, 0.6102717130725397, 0.734801659432192, 0.9417627917407736]","[0.5694233299083334, 0.9546168781639678]",-27.952129364013672,0.026,1482.3905305340577,51.21337966492882,2.0,0.0,0
318,"[0.46514939653706516, 0.6176418320748039, 0.4729367459504775, 0.4526843718287764, 0.675726456269045, 0.3262164575954679, 0.36442928344370257, 1.0, 0.7679365758050072, 0.607753429188404]","[0.610659349718278, 0.4017151361125783]",-23.92185401916504,0.023,1531.2471010081467,-10.009693813199874,2.0,0.0,0
319,"[0.8445510282048404, 0.3009365117149651, 0.9799566969562117, 0.38284196527703074, 0.6004818663991315, 0.6214592110154417, 0.2532118976879073, 0.2903240778394188, 0.4352700708370022, 0.8486038414513029]","[0.3732773094191519, 1.309684448250766]",-42.472782135009766,0.113,3119.8847936255875,-80.71978810982222,0.0,0.0,1
320,"[0.5321843651152114, 0.43769415283151053, 0.0, 0.5584887324083204, 0.739140560068531, 0.6456360837246727, 0.21635596060851145, 0.2235940734380306, 1.0, 0.06530786546307503]","[0.9769230142222186, 0.20566093615257325]",-17.992889404296875,1.0,3076.530862956718,-309.9489641350184,2.0,0.0,0
321,"[0.3243589098095718, 0.4026052860210842, 0.3889713169292588, 0.6051318944010933, 0.5004853551985996, 0.5281540062021763, 0.17816071676180248, 0.029004975673921865, 0.989531775924793, 0.18081297155234125]","[0.3484722194118837, 1.2160429961803079]",-32.40418243408203,0.095,2481.2084406667673,88.8083042027981,1.0,0.0,0
322,"[0.7421350301874856, 0.47552102132644425, 0.8613250549537587, 0.6373984960350827, 0.46281887685463924, 0.22148579831178117, 0.2530829554488021, 0.27193916755538433, 0.5647373708001228, 0.9410818862143883]","[0.496205070183335, 0.9104891671532822]",-13.609835624694824,0.015,1946.3961201921493,36.28755356183416,1.0,0.0,0
323,"[0.7673283312759275, 0.9399501400082855, 0.48783452460724797, 0.4974822280016722, 0.7414591084906346, 0.9343493061771884, 0.41452936786125794, 0.6852792613986797, 0.7261606217904703, 0.9997206279099208]","[0.6313162086007194, 0.5311879673200341]",-25.428348541259766,0.012,1656.0252541164232,181.9934820262642,1.0,0.0,0
324,"[0.7502105043236835, 0.7269276653648366, 0.3279524195011509, 0.5500872206146957, 0.15935707335424817, 0.3795084567367844, 0.47420821893818027, 0.1669757987337439, 0.084060992428821, 0.4226830103812369]","[0.1368329451440623, 1.1123935461043146]",-35.00955581665039,0.461,2813.0275606387027,89.46841888741437,0.0,0.0,0
325,"[0.6857796278288109, 0.8193182357148661, 0.8359314454245962, 0.7549493312314887, 0.22486436598784823, 0.8161504584479624, 0.10030896203383109, 0.4078354267076186, 0.1751049880760923, 0.753833676072488]","[0.6524785373129103, 0.9853719966674968]",-40.823184967041016,0.235,2362.8458031545583,87.53447996404438,3.0,0.0,0
326,"[0.8473129598808781, 0.7772718743959743, 0.6950981607479851, 0.7765353563261538, 1.0, 0.3774910559704412, 0.12715593426685048, 0.4374553060210656, 0.5670059025814139, 0.27305306507425453]","[0.5613852331283975, 0.36261667717532015]",-30.782907485961914,0.003,1524.6346501110256,-3.0321634816256733,2.0,0.0,0
327,"[0.8184904084065461, 0.6192501526459904, 0.5538728197147674, 0.37545279205243814, 0.5274355049334859, 0.3641660435713689, 1.0, 0.7726530321794182, 0.3022830993197717, 0.6795658825582143]","[0.5075653850191938, 1.2162381068624841]",-41.82627487182617,0.058,2354.35002641419,90.72072397200913,0.0,0.0,0
328,"[0.37090559445275467, 0.538537199497597, 0.47613262957973906, 0.593470987343326, 0.6634493066286274, 0.3703498898947299, 0.41572845155918436, 0.684187257749746, 1.0, 0.39923206066406897]","[0.9372633023807085, 0.4557804528875834]",-26.26102638244629,0.062,1986.2751955138053,42.00761972317525,1.0,0.0,0
329,"[0.23610986139595677, 0.591454320010787, 0.471565710343004, 0.4231294307670206, 0.5912838058464815, 0.5601589107409178, 0.2377752795689842, 0.7389741349588613, 0.799170235873956, 0.9393154910607002]","[0.5141886790090481, 1.056709265790979]",-32.25410842895508,0.215,2020.0786719435628,123.22883828424378,0.0,0.0,0
330,"[0.2577066809807942, 0.3678773633371256, 0.5900670143417028, 0.46949509743057766, 0.48198550504877224, 0.520206541230886, 0.37615161256239843, 0.19689499213996906, 0.8784362974451361, 0.8959838994016421]","[0.41707857987244823, 1.1230508887712063]",-35.59553909301758,0.173,1901.1336644823018,216.10202193999856,0.0,0.0,0
331,"[0.23022643369483747, 0.8339065165136311, 0.42312013941812315, 0.9001912814745172, 0.5407053971139882, 0.0, 0.6904130990275705, 0.5446682277192368, 0.003002777985406598, 0.8708531903403118]","[0.8098677729580231, 0.9634170718346743]",-37.66149139404297,0.226,3588.653496722548,-321.78652745392264,4.0,1.0,0
332,"[0.3196640594983122, 0.47499075139633296, 0.7390731742539641, 0.4627346555937537, 0.2244937430124039, 0.4470554741118472, 1.0, 0.09290006065819353, 0.193362607683019, 0.5125924914447892]","[0.3727119163021661, 1.0757084718868692]",-52.62379837036133,0.235,2293.479844970919,59.41363602221696,1.0,0.0,0
333,"[0.5601595944097035, 0.4119994222126937, 0.156661906568145, 0.31738742997631053, 0.1948251438600412, 0.24416639413896352, 0.16771910555774902, 0.8376077960870119, 0.0, 0.4797327889156599]","[1.3004320115606403, 1.5]",-40.001556396484375,0.472,4035.083524937016,-25.864218675014797,2.0,1.0,0
334,"[0.6903309448843696, 0.2874618087043493, 0.5501635074146842, 0.6654446770873941, 0.284202710503048, 0.39003663027646, 0.5868369131283729, 0.47866251046340363, 0.41661860199126166, 0.7465933531362178]","[0.4173055833474824, 1.336983020229779]",-28.768779754638672,0.136,2027.3618650539813,191.3117935058634,0.0,0.0,0
335,"[0.7521821514670358, 0.4223317921725879, 0.6763878813856213, 0.4608927892032741, 0.595228340413958, 0.3648351903271981, 0.9559420785567089, 0.6937775668091412, 0.4615127654162922, 0.5927149343592925]","[0.4938321548894687, 1.1452258650700524]",-25.678430557250977,0.034,1935.8155493300364,35.97408360486398,1.0,0.0,0
336,"[0.26075100069822854, 0.6461392988514925, 0.3923294956882277, 0.4945978278431924, 0.5278632228579248, 0.5986756549931195, 0.23662167026038988, 0.5383833718423028, 0.8516180081263083, 0.8979459284549072]","[0.30305555941547113, 0.9344840481294382]",-30.14504051208496,0.168,1890.4527013086192,156.94449500817484,1.0,0.0,0
337,"[0.8268554737628917, 0.6632941699063974, 0.49810833584263553, 0.5606982678593163, 0.3017081877316409, 0.45664446738392345, 0.2532071658726013, 0.44932658866022934, 0.935003561388065, 0.367719938087645]","[0.47789149249309953, 1.102877336962315]",-34.8350944519043,0.113,2344.9925894460143,-102.46265649943007,0.0,0.0,1
338,"[0.4568307902292582, 0.41201420447005027, 0.548472493690151, 0.7946499487494887, 0.9935806327865856, 0.6465358919554619, 0.6472761594762824, 0.5714326273225506, 0.3576554201157829, 0.3299171072128139]","[0.7960272417267796, 0.5101286431902666]",-34.20836639404297,0.036,1286.1118621841658,177.2962485355836,1.0,0.0,0
339,"[0.6512853387785368, 0.7387876107232741, 0.4137488070127821, 0.6807039155764186, 0.287170169723524, 0.43814195037792897, 0.261568287892698, 0.6556765249425915, 0.9241143366359917, 0.0]","[0.4365420726554715, 0.6072821649770199]",-36.87664031982422,0.132,2373.9639757364653,-76.43961555912352,2.0,0.0,0
340,"[0.5999812483630464, 0.5212813548347639, 0.3881581398741002, 0.5395196882057278, 0.294081191217662, 0.46141579182575715, 0.41530305423522235, 0.48527689164685056, 0.7985485389287346, 0.689731019543935]","[0.554870256898082, 1.0605372818377363]",-35.40606689453125,0.123,1662.62537463967,99.9776020784698,0.0,0.0,0
341,"[0.6538606125458802, 0.5944443846712001, 0.4499399174662587, 0.5486176534991704, 0.06383805351894609, 0.5867912057847767, 0.5775258290396518, 0.3351536772200482, 0.17058732527484924, 0.4855776846410222]","[0.47327428751361705, 1.2501537062355839]",-30.355262756347656,1.0,2720.01071400308,151.77715082627378,2.0,0.0,0
342,"[0.6199002708013085, 0.7140471250422843, 0.4800807559851521, 0.7051252593734295, 1.0, 0.8664559455853862, 0.4817236450607258, 0.4558153507805044, 0.40680085323113774, 0.4702932008478098]","[0.577211406325545, 0.4504927429034516]",-23.143957138061523,0.013,1650.2565303177375,126.24770200206935,1.0,0.0,0
343,"[0.6143429015076189, 0.4110028426179557, 0.5566424070855621, 0.4328151727101536, 0.7519038878769743, 0.5750683727834083, 0.8664348272585409, 0.5078943768641464, 1.0, 0.3880839010902318]","[0.4708485283996877, 1.0702256412656204]",-21.021804809570312,0.036,1480.2266825535137,104.41258756588329,1.0,0.0,0
344,"[0.188890418162805, 0.40113642296784235, 0.6103019393674382, 0.5833186097133597, 0.36034776738609, 0.7778890383365633, 0.1731789708976228, 0.5498619163502084, 0.05869510902386653, 0.7834483186403307]","[0.7179739945465052, 1.4766990557671589]",-32.302276611328125,0.339,3232.8757264047927,-33.90956045065002,1.0,1.0,0
345,"[0.16065514292669356, 0.48228601877613303, 0.5327707603928103, 0.35533579512683044, 0.5420996944373607, 0.4715822663215334, 0.43138390109163766, 0.45713006946103557, 0.7184013241115376, 0.988975779354527]","[0.21908388214138058, 1.136647597147508]",-51.3327522277832,0.455,2281.327690681314,157.54968839174427,0.0,0.0,0
346,"[0.8704979427766122, 0.7374817642344367, 0.6432554579571845, 0.5234333988924305, 0.371364770602146, 0.0, 0.594536819796526, 0.6721900478029711, 0.42472392129388803, 0.27332912385492875]","[1.1242095166210782, 0.10727571270538115]",-28.421749114990234,0.062,2389.7449485229236,48.500597574218546,2.0,0.0,0
347,"[0.6640541442779586, 0.272291581602356, 0.510917918680601, 0.8497864192965517, 0.33916825222293245, 0.5986322930902709, 0.29196300656456264, 0.7832268734495279, 1.0, 1.0]","[0.38056596960133504, 1.4147932592131105]",-26.631160736083984,0.153,3055.0602282035275,-147.73849846810901,3.0,1.0,0
348,"[0.38430687658350254, 0.45880630183466, 0.5937193308742997, 0.48770115084819826, 0.9412302984922921, 0.8029998659366017, 0.8588722780081451, 0.42820142171833786, 0.6055035521626158, 0.859227634210815]","[0.4840664977470296, 1.2996471250841373]",-22.032299041748047,0.051,2410.8938539064025,96.79657295006095,1.0,1.0,0
349,"[0.4821465418951806, 0.6588422046354304, 0.4684513752896699, 0.31232834672595605, 0.6085991094156155, 0.1794860061682635, 0.4409483581657474, 0.458167641364847, 0.9611479478955745, 0.27640570217470584]","[0.3552792309064349, 1.2286409391318482]",-42.88255310058594,0.1,2200.153982024319,-13.534950803946629,1.0,0.0,0
350,"[0.6690504631121695, 0.7192187628616501, 0.4821441940771543, 0.49389036259434443, 0.32876655970262425, 0.4626335860973245, 0.36160726893137063, 0.5470224009353746, 0.938837788351285, 0.5999450584266826]","[0.4739311475116376, 1.0069938983206468]",-25.298307418823242,0.088,1546.8535501281303,64.0067923978165,0.0,0.0,0
351,"[0.4515961981661479, 0.5465244106788982, 0.3031805506238709, 0.48191283910185745, 0.30664616012853846, 0.6335796811837525, 0.3407205995078378, 0.3617298226752591, 0.7580423224881758, 0.7308503006271299]","[0.4942099775886479, 1.2586406202048883]",-24.312740325927734,0.111,2259.1819478573475,38.49928702445797,0.0,0.0,0
352,"[0.8591063667963186, 0.6518141525141579, 0.08720813083004125, 0.6323743925176012, 0.36484666353821016, 0.34296096147009814, 0.4070479785745087, 0.4041966504021443, 0.5735716230598045, 0.594552936175477]","[1.0161368127716277, 0.48435362918384695]",-16.35236167907715,0.899,2001.499059681479,-27.421357867125096,1.0,0.0,0
353,"[0.5941867562181614, 0.24834638949961887, 0.6804252018054013, 0.5786863998077263, 0.27785910498549016, 0.48415145413627986, 0.37520841171850067, 0.3682102834257516, 0.7433577180513259, 0.6131923642532643]","[0.5151349635518035, 1.014395877415686]",-26.597328186035156,0.195,2083.5507869882827,11.173835304915258,0.0,0.0,0
354,"[0.3170006448733071, 0.4272628751658144, 0.4347564264261634, 0.4882332746648057, 0.7341462139545634, 0.6834757076191895, 0.5530638986476876, 0.4408052937429137, 1.0, 0.38501912015524997]","[0.22748543137438437, 0.8436659020723162]",-36.88016891479492,0.1,1792.2420808143665,64.48781873665371,1.0,0.0,0
355,"[0.17453351075535153, 0.6384634428967221, 0.48540508322521464, 0.43960606148806675, 0.5336662506221499, 0.4123031205499355, 0.3250225824016684, 0.018191080114301247, 0.7412712265278639, 0.3583600730853502]","[0.38903643601953086, 0.7344468707879642]",-37.58504104614258,0.391,2090.1031408711087,68.71517370396995,1.0,0.0,0
356,"[0.25275093570339907, 0.5643818914436849, 0.4722804819525569, 0.3974059764518113, 0.5524367366920773, 0.0776017086185365, 0.0, 0.4994613174336661, 0.8499602310256625, 0.2211316978304645]","[0.22317627416485367, 0.5876374797668003]",-39.539241790771484,0.183,2352.317985701368,-117.08646109172844,2.0,0.0,0
357,"[0.8112015339889882, 0.5153715867478909, 0.6523563939866128, 0.7751620055176293, 0.13655138869588, 0.5156580885726596, 0.07003201347654876, 0.31640093098841265, 0.6050248679281647, 0.567903219853419]","[0.40293314712604456, 1.1317976581416214]",-36.00564956665039,0.574,3050.9297371441303,91.40143939723623,0.0,0.0,0
358,"[0.19851259318564365, 0.6247802512454733, 0.43519825532322065, 0.38126626690799986, 0.715749546144375, 0.48826309519749284, 0.8071902924780895, 0.4518340503673786, 0.2171623181238684, 0.8876928648355634]","[0.2863450696171167, 1.446150877633566]",-26.38763427734375,0.302,2848.2399127261087,49.54436939779001,0.0,0.0,0
359,"[0.8148498409002798, 0.3640701813585905, 0.3667998730663387, 0.7342042753760359, 0.5098029556559129, 0.4767427642974091, 0.6585859920532035, 0.6750388440590617, 0.14341688710258257, 0.10340495161763971]","[0.49826929669215325, 0.9205723757673101]",-28.13814353942871,0.063,2253.564456284939,224.20401742543848,1.0,0.0,0
360,"[0.2587392003159574, 0.45034535473966997, 0.580076487102421, 0.38804951640750185, 0.696852120713236, 0.26612262925432234, 0.48822679965827254, 0.16968273729106365, 1.0, 0.43632525076144785]","[0.2624683357195717, 1.1012263694439435]",-49.97869873046875,0.173,2521.9495513318207,-167.84814472964467,1.0,0.0,0
361,"[0.21604046966523674, 0.4707310994731338, 0.5219031648221565, 0.30649935222786473, 0.6538697009823617, 0.41303307284366414, 0.5189687054529705, 0.12467239641689222, 0.5899309716970227, 0.442247092070768]","[0.46100572297926007, 1.2487727845747194]",-23.713098526000977,0.253,2661.25687809071,-46.17533005266563,0.0,0.0,1
362,"[0.20632549016438462, 0.7791229189424134, 0.578343046514699, 0.397346434417599, 0.6543135796904817, 0.47299695236826755, 0.3568313961154573, 0.4776358223431621, 0.992033208256189, 0.7440457809305436]","[0.5059513327001565, 1.5]",-40.76725769042969,0.284,2933.2339899986073,-138.53086536311014,0.0,1.0,0
363,"[0.6699963136902531, 0.4371138683334258, 0.7102904670674661, 0.7164755060604945, 0.9406845839526738, 1.0, 0.684629943530648, 0.11011671426589797, 0.1273516178520981, 0.9417879986439541]","[0.28277069593170123, 1.067614956397636]",-56.079254150390625,0.026,2839.4522421428073,221.48179491078568,2.0,1.0,0
364,"[0.7649425316017663, 0.19971229006746893, 0.8846303173259134, 0.3159486933113973, 0.8691146839824776, 0.8776394546371319, 0.3977397130247164, 0.24353631499364378, 0.19422555196264601, 0.9060651216434056]","[0.15853554377028156, 1.3833438440861732]",-37.52110290527344,0.297,3913.401305248972,72.03377878342658,1.0,1.0,0
365,"[0.9605000340823401, 0.6264965132562502, 0.46806287801580326, 0.6888470130204349, 0.7175359582341028, 0.5485340837107957, 0.18744497771877244, 0.704172220014747, 0.8900575084021463, 0.2695024250977809]","[0.7608626385184223, 0.4052352213582469]",-35.66434097290039,0.014,2029.7214851615718,47.730945526140175,1.0,0.0,0
366,"[0.16662920252331564, 0.588203557657189, 0.4551420575980592, 0.7972794434251835, 0.9225176615675449, 0.4297614997874346, 0.4675857756983731, 0.6679509282064108, 0.7889393238509719, 0.271766957947275]","[0.3619427239654716, 0.5435995147994971]",-44.8701171875,0.429,2284.1397043296797,-148.86850196444095,2.0,0.0,0
367,"[0.24345966425171095, 0.5752754706742085, 0.2857591936112047, 0.4271995998248774, 0.38277814904729257, 0.40374832675746775, 0.5712428853580072, 0.44862414066779654, 0.8593727316647174, 0.5504932802300565]","[0.6647175745758647, 0.9579897206484995]",-17.61519432067871,0.2,1608.6389803927682,149.21904633920252,1.0,0.0,0
368,"[0.5560155355762043, 0.5192679246946368, 0.4853271199271479, 0.28071542638069696, 0.6452683479153111, 0.18049303081907792, 1.0, 0.29313486385480253, 0.45665834142684447, 0.4900032742063387]","[0.5001773069580907, 1.022865026206695]",-48.236717224121094,0.145,2006.1140040969624,30.36039665397999,0.0,0.0,0
369,"[0.24722826574238363, 0.4766393553914593, 0.3271208918848112, 0.3409077425464123, 0.31981300076836766, 0.5896144962547016, 1.0, 0.6313569640668014, 0.3699119088397746, 0.3299252504102658]","[0.46107608946799283, 1.1544008722770283]",-33.814674377441406,0.196,1545.2932017354617,176.65117960030238,0.0,0.0,0
370,"[0.2825329352089714, 0.47526835579415067, 0.2500865953451799, 0.45017523261701403, 0.6017638081296155, 0.21111194889641666, 0.8870490180679939, 0.5320089007887087, 0.6917681546479995, 0.5439491241189417]","[0.4655253556318703, 1.1057647417340457]",-36.62913513183594,0.192,2010.1899833677196,-76.14082836789629,0.0,0.0,1
371,"[0.13718614931301398, 0.25249280042026334, 0.9516274766996549, 0.6607144760037944, 0.415992331580514, 0.46859823569537523, 0.31048064456418545, 0.15640331335400992, 0.5914574730751486, 0.9120100066330477]","[0.5273283864937733, 1.0532061112110387]",-45.193199157714844,0.57,2996.181953588716,-74.15619333636425,2.0,0.0,0
372,"[0.5826961248933221, 0.3759245934894354, 0.6569106123802482, 0.503790784686135, 0.8024245956233792, 0.3958989892449289, 0.9999999071609211, 0.19696239328526502, 0.6048196441369006, 0.48610610094512013]","[0.5557329512108784, 1.022467758444639]",-35.63810348510742,0.058,2116.20659983572,-101.87795172553922,1.0,0.0,0
373,"[0.6934239107476624, 0.30442112047928094, 0.39896545062880734, 0.543318371515477, 0.244285664461837, 0.47183795689128083, 0.7321269055328292, 0.25256281010332665, 0.9900598034493244, 0.28665590450943995]","[0.5971952962880912, 0.948677204153885]",-25.08966827392578,0.2,2324.215740899646,-11.98481424046355,1.0,0.0,0
374,"[0.6921442784573019, 0.3935057000865368, 0.5396251766298462, 0.49091101509876794, 0.3913498540403893, 0.2868938116251283, 0.1655677995846265, 0.4626422462321139, 0.5305280498905348, 0.6926858324641318]","[0.4413370877349108, 0.8364683449135862]",-21.906951904296875,0.043,1635.1605544528582,112.7419238160237,1.0,0.0,0
375,"[0.22649336370029566, 0.49847684762695593, 0.5937041997284245, 0.5481291700169432, 0.6445132384803163, 0.3892610005593109, 0.4075997578360003, 0.5135084567072083, 0.8801895481044514, 0.2153812534763248]","[0.5682511523060432, 0.8569686761716385]",-41.14789962768555,0.232,1719.2423354376256,14.627254039979903,1.0,0.0,0
376,"[0.29512092362229125, 0.4507972247228333, 0.39636318312888785, 0.6762669181635063, 0.9846952746757159, 0.5476335374626612, 0.46702075608982224, 0.5792922718856747, 0.7072896466106968, 0.45529248578556536]","[0.7677171804087592, 0.6503874886730368]",-29.997814178466797,0.12,1563.5310803789928,75.20723422463058,1.0,0.0,0
377,"[0.8908787345437279, 0.8397866718747633, 0.2681484800730955, 0.4748404297597329, 0.4434369184553543, 0.33273279598261835, 0.9513042817005591, 0.7629164490649436, 0.5220377407442199, 0.7699062369335099]","[0.6227571231160487, 0.16989421204389085]",-35.696800231933594,0.158,2594.6582728505623,-40.376651437741145,2.0,1.0,0
378,"[0.5372401720876689, 0.4268268653443928, 0.6335919018577025, 0.5991650844117593, 0.28690908967736567, 0.31424326777812756, 0.6442118655754441, 0.4613330432624605, 0.6812982494592036, 0.6376227049943058]","[0.6572511109080957, 0.8530845153632046]",-28.488988876342773,0.133,1493.6155842763949,18.547598363684443,1.0,0.0,0
379,"[0.9383795339367014, 0.45606389114455226, 0.35884986569851746, 0.6459503085006354, 0.6762955753960442, 0.6131448138900603, 0.005567397997787805, 0.3605837251584433, 0.7376339530499634, 0.1727431976451366]","[0.8862491792788141, 0.6915625420983867]",-52.98167419433594,0.066,2428.8659026561086,-208.8211684614085,2.0,0.0,0
380,"[0.1556064806790911, 0.7186585437050862, 0.430439032339886, 0.4910843395429265, 0.5320244015441857, 0.29620552978151937, 0.2474001236439543, 0.5361771657579509, 0.8353192901783513, 0.22147956871570235]","[0.3130660225033926, 1.164697553038]",-49.145301818847656,0.477,2605.978347349923,-62.03939998700082,0.0,0.0,1
381,"[0.2022151047828949, 0.4071892620145387, 0.6226613170275349, 0.33081347654176707, 0.44726838645633277, 0.42471700583135563, 0.43720322234993997, 0.24875644356062976, 0.5797340897114738, 1.0]","[0.4628010402502998, 1.2165630312678277]",-47.342803955078125,0.292,2170.9664741010974,-17.504616502686588,0.0,0.0,1
382,"[0.24338976207934965, 0.5057074947666307, 0.570153894188456, 0.8213833744061373, 0.8098940702645454, 0.558705441718407, 0.5123931236353966, 0.5533278924784087, 0.8278766076942469, 0.4186377275444768]","[0.7366342947698954, 0.6276880118357231]",-37.636253356933594,0.2,1606.5822979798252,124.75486126533809,2.0,0.0,0
383,"[0.5418432537705596, 0.6721842810106256, 0.4146956291391088, 0.3194874822162838, 0.5292616215908046, 0.31384827018636074, 0.5702933943783098, 0.5169105386655108, 0.7582098858821826, 0.41462200134964117]","[0.2106953206359046, 0.8482845773177574]",-24.368824005126953,0.099,1445.1786931517856,82.74151843785799,1.0,0.0,0
384,"[0.597610471512174, 0.40388209472755054, 0.40378184863924094, 0.5455315366378157, 0.38179274111506833, 0.35866798302702446, 0.32571712599658104, 0.8579197684198744, 0.5129154244712325, 0.21253280109004546]","[0.5345919880490764, 0.6500692747360803]",-26.184389114379883,0.053,1429.6675063591679,59.80243833003789,1.0,0.0,0
385,"[0.5865292626334954, 0.7877370401854287, 0.5999403533386142, 0.5883733232479386, 0.2554276854849954, 0.01012221443977675, 0.672992653990781, 0.5683314438281156, 0.713282903681082, 0.9199984245180427]","[0.31159523695282043, 0.2953099182789872]",-36.559486389160156,0.177,2556.5257102905985,9.648676697666218,4.0,0.0,0
386,"[0.29573466073298443, 0.4985454261027731, 0.5293311923176932, 0.5479860552921111, 0.2490373949213889, 0.5127484188864505, 0.8984022822670665, 0.2751612234596595, 0.2201745467120958, 0.634332446153421]","[0.41714034003790995, 1.07845470454619]",-44.47486114501953,0.194,1803.9777519750583,155.2260494488161,0.0,0.0,0
387,"[0.479539174428799, 0.5488215875610509, 0.43497751649246386, 0.4897503377856526, 0.6809965205652323, 0.29545618725029466, 0.8969986855620624, 0.572415416056637, 0.5242472964358992, 0.4839691075691195]","[0.5203399623460834, 1.0119177300451199]",-16.23419761657715,0.027,1599.5930936752823,130.43470780240358,0.0,0.0,0
388,"[0.4765384904090348, 0.49922065969829155, 0.6038706087375589, 0.46444225576302706, 0.33451851764818663, 0.4459098449580181, 0.5348458357422684, 0.32212997196349374, 0.8274332325851046, 0.3479473410461894]","[0.2684862675422525, 1.0472947546025944]",-21.595882415771484,0.083,1718.404154205686,99.03011571390962,1.0,0.0,0
389,"[0.5257898828987478, 0.5413670695335676, 0.6245844855539617, 0.7504415785236843, 0.9761036385705932, 0.9835276768299084, 0.9158379586244254, 0.8467831219401427, 0.14887771501570504, 0.30540323459484725]","[0.4849754097718178, 0.7857780676150354]",-42.96292495727539,0.009,2065.778264607703,136.23622947592477,1.0,0.0,0
390,"[0.5282139302277162, 0.5787305865610031, 0.4054767412307601, 0.4299010349787206, 0.5189637927632604, 0.610638913188074, 0.5022432562865842, 0.8691785377023575, 0.9728750921206412, 0.8597504759540145]","[0.4416849097614847, 0.9539825687734569]",-20.019651412963867,0.04,995.3683816066285,74.44488700675996,1.0,0.0,0
391,"[0.25125953108197596, 0.2734017599428733, 0.5238104702669741, 0.4441483774585593, 0.46056851913070374, 0.8944568924337811, 0.4966615268692503, 0.3124081856249953, 0.6359782044301062, 0.8911289852412185]","[0.5290096380755323, 1.0759734518807031]",-40.41065216064453,0.189,1988.956165233384,-96.88891507381459,1.0,0.0,0
392,"[0.17936236827207794, 0.5611098969364668, 0.438668400130978, 0.5174826572911149, 0.5711129735797714, 0.40205998585859115, 0.3592471417768244, 0.4742352660840626, 0.9107823708882128, 0.22836677941781525]","[0.31209126610640636, 1.2010734650368973]",-39.117488861083984,0.374,2279.3193379881695,33.23207247643262,0.0,0.0,0
393,"[0.35845339322808006, 0.6551448297560069, 0.34575900911677104, 0.5151618734315543, 0.12954278773000086, 0.2115267896960067, 0.2011993463485736, 0.33801158819119415, 0.9999997849094808, 0.3461369767083088]","[0.45390455274847286, 0.8899569387105506]",-37.782806396484375,0.611,2214.5520395876692,40.135076779010916,1.0,0.0,0
394,"[0.13485404545182827, 0.8457740672400937, 0.564188608807294, 0.33763192064222924, 0.5147800024688588, 0.734527634680842, 0.3516334807403957, 0.7377498958769271, 0.6695538019369974, 0.869588977331578]","[0.34723034537618686, 0.7956862149548438]",-30.490922927856445,0.58,1902.0392798616215,17.346843866555304,2.0,0.0,0
395,"[0.5613443958600939, 0.8578435852514134, 0.2693158651560889, 0.5163732271085485, 0.22399610772949985, 0.701992857183086, 0.2109567246618336, 0.40424590651021763, 0.5250277804228727, 0.680082068850898]","[0.6252406561841132, 1.0462688215129383]",-21.36967658996582,0.236,2585.3458090564463,-52.31333283162928,0.0,0.0,1
396,"[0.24292363539877904, 0.7903315023664083, 0.496030732323103, 0.2292017557702973, 0.414354450118831, 0.5320235227528247, 0.12678622597611852, 0.7693943178617448, 0.8978089327147256, 0.8480195441845777]","[0.29836899033047604, 1.3552964627440658]",-35.81937026977539,0.227,2993.0841084835406,63.050534155233805,1.0,0.0,0
397,"[0.22333481771933472, 0.6399224936647862, 0.5795023411041276, 0.6965679326809502, 0.5800714427352145, 0.22581718897432743, 0.3031382419989813, 0.740711489825069, 0.5597924772197609, 0.10713356003779705]","[0.6869072666938041, 0.680295546805422]",-43.292964935302734,0.238,1813.0683834775416,-89.56154339138664,1.0,0.0,0
398,"[0.36636011420243925, 0.7294883228169673, 0.40112582582643014, 0.4099667606787292, 0.4771569850382783, 0.363749734979023, 0.45313551401938396, 0.5024450305853367, 0.6436672827182868, 0.8135754077704672]","[0.44718239956208006, 1.094718061934766]",-17.154977798461914,0.063,1803.2754407960185,16.1711649967599,0.0,0.0,0
399,"[0.4468520043232166, 0.5682957376100678, 0.7982741208788687, 0.28204352968791047, 0.43622563417785176, 0.45997164624874504, 0.6471651131753192, 0.6694218770910426, 0.08115634428561103, 0.5708218924539338]","[0.4513288748848766, 1.4584395660233136]",-28.302515029907227,0.143,2879.5305695956754,66.40449588239238,2.0,1.0,0
400,"[0.197186645934592, 0.43559068397049017, 0.3791588075817542, 0.7685597908580009, 0.8380863691308845, 0.8808485593472297, 0.3195339630708641, 0.5396313902998056, 0.7521707148850714, 0.4587773372409361]","[0.38169203639093147, 1.19860101519012]",-40.65797424316406,0.307,2847.9378884121475,-126.6907328107689,2.0,0.0,0
401,"[0.40236797345995046, 0.18211151593053446, 0.5508533664836921, 0.6449244958626804, 0.2524675926668552, 0.6884682095095084, 1.0, 0.315599952751528, 0.6162921072145671, 0.6590875638546023]","[0.16338246967059505, 1.045952402462117]",-33.34128189086914,0.359,1864.3193547556766,-2.5850645681311732,3.0,0.0,0
402,"[0.6694220411516079, 0.6435976878369389, 0.48661966652536015, 0.6968526020212764, 0.5662978799161942, 0.06516160145117222, 0.3560893357818785, 0.6816777543746626, 0.3898476932529383, 0.023443695693988856]","[0.6642686243334608, 0.6026727909025088]",-26.452978134155273,0.012,1460.1477007454027,146.912297605089,1.0,0.0,0
403,"[0.6150425915828943, 0.44259261093770014, 0.40687011396982437, 0.3358286536355205, 0.6261227684763746, 0.33990748160892453, 0.7524431746848085, 0.2665503842314267, 0.5846628798487478, 0.4592201147815339]","[0.5489437126346404, 1.1254764909796855]",-27.179899215698242,0.083,2072.562084231876,52.29196595395405,0.0,0.0,0
404,"[0.2223613709724504, 0.5023321874645784, 0.5562003217380742, 0.3751464766997796, 0.5039818576093711, 0.17413947726880158, 0.9841609663202565, 0.6554948646860432, 0.3883994675718213, 0.7311557090364506]","[0.5093894230898666, 1.059276111692561]",-38.47975158691406,0.241,1677.0163036577865,98.78299396321827,0.0,0.0,0
405,"[0.24327823139043628, 0.6612085631631756, 0.2835207887000124, 0.7188124620925689, 0.4299979927035246, 0.28278292020064394, 0.17347749428726428, 0.3121274053467562, 0.6445726106499902, 0.19560635604845075]","[0.7857530108220073, 0.547524066818718]",-33.130638122558594,0.201,1635.60831585589,168.99209180397946,2.0,0.0,0
406,"[0.7105223183650471, 0.7027782413014977, 0.5493856634592251, 0.5383043409417743, 0.6100764601624963, 0.729178831325656, 0.4010213460629039, 0.6462384582969677, 0.5336128809043836, 0.9151195689036195]","[0.613595296658248, 1.06705938586239]",-24.457897186279297,0.009,1448.2851090497506,63.386195224345045,1.0,0.0,0
407,"[0.31146519744869733, 0.3626889545430051, 0.7012618904709689, 0.7051264683294329, 0.8963373153838685, 0.09533384568224873, 0.930550538736995, 0.17626443239852882, 0.47259286122522043, 0.4753045216398207]","[0.5327250030628516, 1.31677292735169]",-56.87038803100586,0.103,3132.4982691991827,-66.71360253330664,0.0,1.0,0
408,"[0.5350426705472993, 0.6574502683810749, 0.3924024952769046, 0.5492409082934773, 0.4330765425708502, 0.46753244249417425, 0.19548262846781445, 0.5336046376112636, 1.0, 0.7930470111174286]","[0.7251867813390475, 1.0945888248965563]",-29.04396629333496,0.043,1925.3422540975478,-9.996927124364504,1.0,1.0,0
409,"[0.9362125331553663, 0.6953606658680669, 0.635531773591806, 0.31302929098494015, 0.5948619884247154, 0.2333636483897484, 0.38872274863240125, 0.6041443419439112, 0.6348169800846523, 0.9241144006853227]","[0.8324054417006286, 0.8502167842003232]",-40.328067779541016,0.1,2330.065625685935,-120.62193940629948,3.0,0.0,0
410,"[0.26607188464395587, 0.559413834661814, 0.30216933403169643, 0.698472729755488, 0.5068297600207418, 0.15951081559913718, 0.9858659233081521, 0.3838301933922374, 0.5356890978465974, 0.8343220952570145]","[0.7513499165929197, 0.5887190920494456]",-24.08629608154297,0.162,2055.7684790361754,-15.34342310806261,1.0,0.0,0
411,"[0.6688561525403399, 0.8390171131808588, 0.36202958144445885, 0.7909437475927229, 0.2733091927246347, 0.21371243925496977, 0.27665340256077026, 0.28444381481175873, 1.0, 0.49455700646083856]","[0.5425657397963822, 1.231191812028989]",-38.85464096069336,0.151,2978.6033995352386,-50.37788657806516,1.0,1.0,0
412,"[0.6023580305108027, 0.6143021378459377, 0.434724399598712, 0.6264324964728551, 0.8490257223701074, 0.9692525000683543, 0.9440876522941023, 0.651910929940386, 0.43705407171463817, 1.0]","[0.7034842846121626, 0.7567052504588405]",-8.577031135559082,0.027,1755.12824371313,205.57455962672748,2.0,1.0,0
413,"[0.3979178768594898, 0.36895311650395096, 0.4849514842392831, 0.6024233412925852, 0.5328096134611945, 0.5765107562011783, 0.6305107696315565, 0.28389526037863977, 0.3455831599835052, 0.33828263140369114]","[0.5622528011586112, 1.0620297470617095]",-15.876038551330566,0.062,1583.8533875464625,149.87149034815585,0.0,0.0,0
414,"[0.5844682843882993, 0.4880012763037191, 0.2955381462768469, 0.5120280192485683, 0.6560579704697246, 0.23282309244934118, 0.9820626597373184, 0.3753162420915901, 0.35418774047766033, 0.3497148552337853]","[0.45866767550625637, 1.156560228925511]",-37.66651153564453,0.119,2168.6631170340584,23.54874342759777,0.0,0.0,0
415,"[0.7991565774804735, 1.0, 0.5771847184826528, 0.16995601388614406, 0.9351883110398951, 0.683532732382092, 0.28249602716176925, 0.8575548300636033, 0.4867682126725373, 0.7189725100346691]","[0.6321475758767846, 0.41129877381650887]",-42.10850143432617,0.409,2666.7576137502947,17.71494591100432,4.0,0.0,0
416,"[0.593477447543523, 0.5092522979491589, 0.3471229098944971, 0.1551718152707743, 0.5720439400477327, 0.39105498067059685, 0.8811341719928, 0.11224113782271353, 0.30489320129107367, 0.3937990885936625]","[0.43534811336643686, 1.049768600173623]",-37.63960647583008,0.477,2215.6661026566485,215.98626676280335,0.0,0.0,0
417,"[0.27485188240645764, 0.4566233805758717, 0.5735281131996398, 0.6131356500671542, 0.9363098476908968, 0.6211284172030234, 0.4864911447244312, 0.5137160324477958, 0.6876889134942052, 0.2575543721160716]","[0.6113749540237299, 0.3751323414100251]",-37.69822692871094,0.149,1689.7720718519615,51.94707044408858,1.0,0.0,0
418,"[0.9401521625813962, 0.7575458556934919, 0.5468344925370774, 0.31235237745982386, 0.5841713024170833, 0.5229095011875787, 0.2973643711969538, 0.44758847088250864, 0.7362135182317342, 0.2672872339472566]","[0.19901710932624872, 0.7762241353228555]",-26.258146286010742,0.1,1903.8960022692831,-41.27059293343143,1.0,0.0,0
419,"[0.3584768472342031, 0.5941165050185635, 0.6506762264270057, 0.5525820658538904, 0.6622725702529034, 0.2684273697572406, 0.5969468663687767, 0.27364318593822545, 0.8773016484144198, 0.355681615653397]","[0.59834067083708, 0.35088605895734015]",-29.520540237426758,0.066,1550.1827049928625,113.91144301408073,1.0,0.0,0
420,"[0.7095068424399219, 0.3491073646783498, 0.6485439745300573, 0.7243881229583589, 0.6483110143740525, 0.3098111697643471, 0.19339173620296282, 0.21776770143707716, 0.5453692259622845, 0.0016905359644978143]","[0.5521566533805533, 0.41207328221848133]",-31.966955184936523,0.074,1717.2175961018972,67.99949005731085,1.0,0.0,0
421,"[0.2515799040796818, 0.5674177102535439, 0.8432156981188772, 0.4913326900634239, 0.9141661824021582, 0.6882861633636945, 0.22901525393855504, 0.47739722227558334, 0.7343755983722168, 0.3776981265879163]","[0.8106918650534858, 0.4722462775249802]",-42.36632537841797,0.189,1927.6671100497958,48.05568962166507,1.0,0.0,0
422,"[0.3076533338949712, 0.3536452540016316, 0.7225081966524344, 0.5728914796314125, 0.9702188327892142, 0.6704561245498184, 0.24496504975757616, 0.16649147505295614, 0.44229332970121693, 0.40403996960886224]","[1.068594809659447, 0.34859160188245575]",-32.48106002807617,0.105,2357.881005955981,-239.6119104536824,1.0,0.0,0
423,"[0.20846974374235155, 0.8636871525675598, 0.24328371663119622, 0.6107318436373482, 0.15873479465426085, 0.28802080195706464, 0.5696342116716866, 0.5587292785600247, 0.24891793510124674, 0.3120566242293861]","[0.33160643689138963, 0.9375939667207609]",-28.54265785217285,0.464,2529.3872368260168,159.93684402529146,1.0,0.0,0
424,"[0.2535989906588789, 0.6194092405670083, 0.5396587438027429, 0.7181100139251991, 0.7007366878139161, 0.24491564362207646, 0.36623773303191315, 0.38232897195601134, 0.7103939097125315, 0.11981131802173048]","[0.519973911101544, 0.3811693392876478]",-36.3735237121582,0.18,1696.3267273682898,116.4052471155386,2.0,0.0,0
425,"[0.21919754687837276, 0.6249262095923181, 0.6119142435713973, 0.27253133438601496, 0.45506059814602434, 0.32966411115020205, 0.6009303111275052, 0.024981483238027465, 0.6163238656384041, 1.0]","[0.5697960570642729, 1.0152270453434018]",-40.177791595458984,0.245,2791.720910005508,-233.9601246087018,1.0,0.0,0
426,"[0.6454057653463652, 0.5591554928939696, 0.4020849266076919, 0.525281022537754, 0.1737381054211646, 0.351936354564355, 0.37602645350156294, 0.44886598207575956, 0.9678579218889956, 0.49344317969457935]","[0.5626185365398191, 0.5728521989342911]",-31.37212562561035,0.394,1814.9305559374548,102.74926040689874,1.0,0.0,0
427,"[0.6381994838735038, 0.4509012480222103, 0.6582276210975785, 0.6567143729228122, 0.9940083168784349, 0.8202294852521884, 0.717600244159705, 0.1950738626005072, 0.11501509762603983, 0.46768775142755964]","[0.8468033652109764, 0.36977428070594487]",-44.07828903198242,0.023,2039.8388774921723,118.54622589740819,1.0,0.0,0
428,"[0.6835599191479944, 0.7946071773138901, 0.725598487848502, 0.4532219134758475, 0.19182813285057917, 0.5234137283712145, 0.3615235841496368, 0.9630139073244135, 0.24579316039855115, 0.409825308350869]","[0.8492374974067023, 0.5425601952969549]",-34.391632080078125,0.331,2438.646897283515,-75.1898087750588,1.0,0.0,0
429,"[0.4229391334091628, 0.6142181084394042, 0.5028154564408204, 0.5519481237670043, 0.7585367242108713, 0.7823701232656726, 0.6099408535369962, 0.41556450123518474, 0.7622660251428887, 0.3075276145155066]","[0.2638568017941435, 0.30121539477112075]",-21.115785598754883,0.034,1769.4501528929113,34.39208675605829,1.0,0.0,0
430,"[0.1827912374661181, 0.5680072622619297, 0.4608544304274721, 0.3543232103633923, 0.646067351099241, 0.16899060122547094, 0.746101816228087, 0.4989368385523558, 0.5712418291222306, 0.4322539641689644]","[0.6028135522058863, 0.8982066811534443]",-39.668941497802734,0.357,1970.8494755150316,37.416547099977805,1.0,0.0,0
431,"[0.5878405225649789, 0.4549730709183583, 0.6028505214178359, 0.5938633966554642, 0.5120790866200633, 0.40502547908923525, 0.3711747478931646, 0.6670677107594555, 0.4257825634770756, 0.1554493330067605]","[0.731411430041153, 0.7235000989039925]",-15.795214653015137,0.019,1272.8782961514623,215.97831586664367,1.0,0.0,0
432,"[0.3628364423798165, 0.716818561521356, 0.49383152398598135, 0.5436724117171932, 0.9083421362505214, 0.6090293381116727, 0.8029506077306205, 0.6929303672442368, 0.4508630825005198, 0.5564797163525264]","[0.15456567383693062, 1.2882404645810155]",-34.89622116088867,0.065,2736.2931028169455,-7.265040895772586,0.0,0.0,1
433,"[0.276589483647128, 0.41981579105522077, 0.37547752275953583, 0.5103924718991041, 0.6403902684209094, 0.21158764759749632, 0.37255416866375657, 0.3881050486204526, 0.9121512767718026, 0.41022541308145194]","[0.5190953833765374, 1.0788074879649914]",-38.50087356567383,0.148,1930.7383098475452,173.69029170320607,0.0,0.0,0
434,"[0.6458523155771392, 0.3811857027897141, 0.7110652024407323, 0.654619906679759, 0.657811030597427, 0.060688117764432815, 0.7970795676195923, 0.20016686753379095, 0.39441284851693054, 0.0]","[0.6303824998991792, 0.6946791581324494]",-13.781720161437988,0.053,1647.926430028635,148.90912878626244,1.0,0.0,0
435,"[1.0, 0.6906229572656107, 0.4245899540091706, 0.478651947810394, 0.3306459970707611, 0.10597004169576875, 0.5995027635566773, 0.11919761123564139, 1.0, 0.3676773736874839]","[0.9008576494132563, 0.5118129642088834]",-35.591209411621094,0.086,2987.4902448417715,-190.73847323987343,3.0,0.0,0
436,"[0.24918817520392028, 0.3714974798601664, 0.317111505879634, 0.5121572291983214, 0.5123745202631411, 0.2917902170817938, 0.31359448447656263, 0.6823410055230753, 0.9587707736892898, 0.39140940060531393]","[0.5402213361971946, 0.8840002001489576]",-36.75161361694336,0.194,1693.5906785932236,44.939331328695005,1.0,0.0,0
437,"[0.7777564253139387, 0.39275251528165767, 0.5925694776177828, 0.49301534744622955, 0.32935383606747537, 0.5479571841969825, 0.6690327248443146, 0.8214864171064282, 0.9972951580939982, 0.6546406919106739]","[0.4487789013393287, 1.0791478155822678]",-30.299877166748047,0.086,1569.564691634031,143.64822454377693,0.0,0.0,0
438,"[0.6617874788447573, 0.7636960680515299, 0.2910741563889522, 0.5569771021622076, 0.14100382818995513, 0.19079188336463632, 0.33990210693704315, 0.026801894688168057, 0.8783530150100824, 0.37520977818925183]","[0.21459783243473207, 1.0251591248907745]",-40.554447174072266,0.543,3191.003991890747,-49.010183229383074,2.0,0.0,0
439,"[0.28749728448112144, 0.43359648580136223, 0.44663101460634974, 0.34370487257273125, 0.4944732847599876, 0.12349062792101122, 0.48050215876825547, 0.433662059663278, 0.8923049127127168, 0.9699367072085907]","[0.2903353920526538, 1.0783156713943511]",-42.40070724487305,0.131,1969.693401169995,170.967658245268,1.0,0.0,0
440,"[0.6587133788224555, 0.39128566950578025, 0.5878161473065303, 0.6306723715381352, 0.41169362158188355, 0.28832864102176176, 0.4168604124407644, 0.01962797683169293, 0.1447578345631366, 0.5021630878144507]","[0.5982506684684713, 0.8004896295093038]",-24.336183547973633,0.044,1691.3602450365302,105.8182535904964,1.0,0.0,0
441,"[0.1924829502123504, 0.7668814849414229, 0.33004905455295996, 0.3526382468743872, 0.5115052901140302, 0.4375937024564166, 0.4452751893984797, 0.4978004113578894, 0.39028333921177605, 0.8288983333565306]","[0.6286832180604551, 1.1083566526525297]",-17.507768630981445,0.327,2264.140085009604,68.89445203831409,0.0,0.0,0
442,"[0.5295743284188794, 0.7194417777648661, 0.3548693438347494, 0.4738353235716643, 0.3722068565705903, 0.3869637289462191, 0.2883566233303201, 0.6196247564148104, 0.40528267882071156, 0.3916922955708904]","[0.5645139634732903, 0.9748401462198986]",-21.372304916381836,0.068,1693.665102967969,154.21406972094377,1.0,0.0,0
443,"[0.6825244189041555, 0.357746659176325, 0.4281095809199249, 0.5987671901387388, 0.23858630636235884, 0.4176449435583763, 0.5223971531973375, 0.8833373053625022, 1.0, 0.2834772540921642]","[0.2900270348140112, 1.2091262716564557]",-43.72804641723633,0.211,2560.8750282143333,-92.5341025878231,0.0,0.0,1
444,"[0.6359666130179464, 0.7257532113993885, 0.542866765331523, 0.4582114614857267, 0.4722906231357247, 0.19569110473088697, 0.5900861812250621, 0.047510624407991364, 0.36795632535031836, 0.3596360955816911]","[0.4642769270059831, 1.1438066553349493]",-10.454788208007812,0.017,2296.534882956461,224.74382500056453,0.0,0.0,0
445,"[0.8489220524593534, 0.12746234109846222, 0.17110606023439784, 0.44489122665299774, 0.23191332160157543, 0.7172434243668746, 1.0, 0.4971245511839701, 0.5965525269278897, 0.25102861132052295]","[1.090575990194542, 1.5]",-45.568214416503906,0.627,3817.3363530750084,-170.49079360115007,2.0,1.0,0
446,"[0.782032027720282, 0.6433070056840092, 0.6645128115644217, 0.5696766208771545, 0.3029831636701389, 0.4467757094805553, 0.297537439905385, 0.015848407997406666, 0.6700999003080118, 0.7354601186585145]","[0.9395926306220533, 0.3384251172369115]",-31.889690399169922,0.111,2100.3427357256696,-87.59069527827802,1.0,0.0,0
447,"[0.380267383432439, 0.6221598096220592, 0.5212078725403225, 0.5122861777916534, 0.44012247341822397, 0.3713143018202414, 0.30375535916031754, 0.5836650348411216, 1.0, 0.20621357078069005]","[0.40955188320273883, 1.0429728956862907]",-25.125591278076172,0.054,1941.307920087476,-40.6899495883971,0.0,0.0,1
448,"[0.9923385423616139, 0.6939514893792725, 0.42120996652976267, 0.2525179504819558, 0.8396350202753484, 0.46701078360667686, 0.6445759615853139, 0.013314887562305274, 0.538546558067002, 0.402476902181866]","[0.01031205668168138, 1.2599777433344328]",-38.62843704223633,0.184,3691.5986075412,-24.29713198887606,2.0,0.0,0
449,"[0.13999797134701544, 0.49257385205512555, 0.2777471671959841, 0.4522364983924582, 0.6299914816583397, 0.2252754717021228, 0.628604722928373, 0.6990250122982973, 0.7068729045117728, 0.3625065409485839]","[0.2941860047695137, 1.170844682088833]",-26.93499755859375,0.552,2546.1051092486737,105.24950038465266,0.0,0.0,0
450,"[0.6007774619218793, 0.4792766362185414, 0.25721298048957186, 0.3968358310676838, 0.5750711107818322, 0.40884506436601686, 0.5565026789252696, 0.3430538079001037, 0.7799785123452054, 0.4154651622747253]","[0.42433442908965, 0.9675733427017836]",-37.75590133666992,0.173,1554.7342830309894,207.75861375479565,1.0,0.0,0
451,"[0.3345102009531733, 0.09186812708311898, 0.6067903100345403, 0.6337889466084288, 0.5865582937235918, 0.7412666803227347, 0.3570392002472365, 0.6169295963370357, 0.13518439427689513, 0.9056530186645573]","[0.45908694719731763, 1.1317197576858082]",-41.431331634521484,0.864,2975.3313268787115,-230.3808824809563,0.0,0.0,1
452,"[0.7608196818100362, 0.3804567359628809, 0.5452675404137333, 0.7911552532935151, 0.1820472578840183, 0.13707696954224283, 0.642428741994852, 0.3097749318409619, 0.1993973022817403, 0.3173457563825399]","[0.45684636676976964, 1.0837033054193053]",-33.02225875854492,0.359,2535.3354818865278,136.4821479758799,0.0,0.0,0
453,"[0.801340401285559, 0.7748630628862102, 0.2098508288348772, 0.3628098240949912, 0.3584632346119075, 0.0813454696796236, 0.6008469000789478, 0.9533519696577536, 0.11496066799212842, 0.45476208019032804]","[0.43818926298139216, 1.1608334025832057]",-53.50261688232422,0.275,3416.1636674524925,-314.3763543246813,2.0,0.0,0
454,"[0.38844269298779877, 0.6042082393066818, 0.5112281798828777, 0.832891521461459, 0.9486873983139973, 0.773491999623284, 0.1824632068929817, 0.444068690904704, 0.15949825697141418, 0.38958491924557226]","[0.6484980856851019, 0.3147655168826731]",-29.023143768310547,0.046,1945.1079154452596,-131.0519837024395,1.0,0.0,0
455,"[0.15093330948669684, 0.3893258074812813, 0.34997759662656225, 0.512590741042125, 0.3813604263204869, 0.18748525008279635, 0.05275886139637554, 0.35556503749863855, 0.7061723776209492, 0.7782420078753384]","[0.3574944516620123, 0.9393722492892342]",-38.96348190307617,0.495,2055.703779604641,2.47278705161483,1.0,0.0,0
456,"[0.4768727894460195, 0.5558819636758513, 0.2789246179695404, 0.23253263267625912, 0.6543396677373096, 0.17178359214069266, 0.9999965821739157, 0.38791744179107673, 0.6345765307704845, 0.47075114025167375]","[0.5590123614427134, 1.0677179139405697]",-34.245975494384766,0.224,2412.43182924626,-166.30233159845437,0.0,0.0,1
457,"[0.3144881909953383, 0.8984319811249856, 0.5166150259961497, 0.5404263335854723, 0.6682555525702801, 0.3291767399267955, 0.24344738210633798, 0.9310593102176746, 0.6850661275023775, 0.2444897755576878]","[0.7467711143203658, 0.3009661202580046]",-30.973102569580078,0.1,2152.2715869661943,-131.62747847252712,1.0,0.0,0
458,"[0.6607645418263304, 0.3746017736074924, 0.6340007584650541, 0.7218569655888321, 0.9998680339341048, 0.5263330879902565, 0.8906567159685411, 0.41767009702019053, 0.277384658132169, 0.3382898172478106]","[0.6788668201697834, 0.5918054935617648]",-37.96137619018555,0.059,1760.7389289842608,65.48447168675932,1.0,0.0,0
459,"[0.5724630998567102, 0.47029504586998316, 0.6024042429052706, 0.4830776029919339, 0.591634191561772, 0.42115745089354106, 0.4632923528694162, 0.4789451083041786, 0.850211423553203, 0.5085335617577562]","[0.5032145471638356, 1.1293483832317555]",-13.508098602294922,0.014,1409.0817868449724,199.52114832293555,0.0,0.0,0
460,"[0.7116903934347787, 0.265887003470926, 0.481101256345102, 0.5516951578398908, 0.35295130283223575, 0.4279411604704424, 0.4641442883335907, 0.6189837833710448, 0.830031492395194, 0.3712850257928303]","[0.4097588236189379, 1.0490276303379529]",-29.018369674682617,0.162,1958.9415399209925,39.850217981279116,0.0,0.0,0
461,"[0.5484488273826179, 0.5963735866668871, 0.3619499312680159, 0.28005639430753726, 0.27212893560608487, 0.4024066153021825, 0.3333293656748962, 0.6338465725365939, 0.35197584805431087, 0.37418377364001776]","[0.6123780050349577, 0.4081455747819964]",-19.02105712890625,0.153,1186.8614158216667,212.69968053536948,1.0,0.0,0
462,"[0.4592874385519911, 0.6137309417513421, 0.6578208858850566, 0.44621723753356446, 0.20291373012042, 0.2427567892576207, 0.8154094010619349, 0.6591183366702017, 0.44200639160834543, 0.4646658398042928]","[0.6853359960009708, 0.6322711165875635]",-24.415502548217773,0.291,1580.0521418618675,-18.648873433275355,2.0,0.0,0
463,"[0.1254611633343886, 0.5860858083909775, 0.35328822936411725, 0.4983338152739923, 0.4397176923972793, 0.5418433518818944, 0.5525385409229189, 0.3573699155141962, 0.5447455333523578, 0.950919088275959]","[0.5789369411911425, 1.0591682060113525]",-43.73883819580078,0.641,2008.2021552088997,105.17254986332983,0.0,0.0,0
464,"[0.8949125548299702, 0.442496127101243, 0.4457468317038761, 0.3533198002244167, 0.5680644509533623, 0.3526716830411471, 1.0, 0.46770099262744896, 0.7949102057362573, 0.4311868120933602]","[0.46328356622278627, 1.1565500819770942]",-36.43971252441406,0.068,1975.6022146701544,39.249758696698876,0.0,0.0,0
465,"[0.10211612941138838, 0.5777090620296333, 0.2302680950020955, 0.6612549476152447, 0.4249888945325884, 0.3060471961717206, 0.40299021789435663, 0.19671553133542585, 0.6686126913586741, 0.7807960016267906]","[0.45581998995764855, 0.7025020648450598]",-37.05113983154297,0.784,1905.516560567006,-28.75182643459965,2.0,0.0,0
466,"[0.38853655007187177, 0.3516964078570183, 0.18958630518159394, 0.7283893035393021, 0.6510068259502418, 0.4624500957406209, 0.20158341056002294, 0.005953513542952082, 0.04431248486378788, 0.10357950008437591]","[0.34526757663155805, 0.9893422836840264]",-37.36115264892578,0.337,2430.9879640646154,89.54969204750071,3.0,0.0,0
467,"[0.13513730320771442, 0.39406445969491477, 0.6246262112607038, 0.386544082359101, 0.5565140080464729, 0.3320119879043243, 0.4674539903137272, 0.5374150160351152, 0.6411203115289745, 1.0]","[0.5763654390753006, 1.0177586587916778]",-39.83746337890625,0.578,1884.5043230478957,-37.712227294354875,0.0,0.0,1
468,"[0.6411733637237329, 0.39917391139773206, 0.8124949092318323, 0.40950407901839203, 0.19937864515689924, 0.5316797555175001, 0.20414286886160599, 0.20933988702899056, 0.33449543850071317, 0.7677332205882418]","[1.0202246828449757, 1.5]",-43.888084411621094,0.299,3868.9581547436173,34.0667609475351,1.0,1.0,0
469,"[0.7412899676112945, 0.5632455516813951, 0.5856097430599781, 0.5989690759727249, 0.29602464872817935, 0.4659297315987722, 0.325090603554599, 0.6695963392103665, 0.8679576189286308, 0.5503496937638994]","[0.5806101106046617, 0.9355079834970863]",-38.005977630615234,0.119,1775.5720855725988,-79.34774682730847,1.0,0.0,0
470,"[0.7230937977186349, 0.16944398423212018, 0.374470444746871, 0.6046101690939061, 0.35163052830984926, 0.6099810814954479, 0.2890334146478938, 0.8223552721667985, 0.9980428917481733, 0.2355163016299508]","[0.41659812587352285, 1.02747069529229]",-42.32807159423828,0.416,2537.947951650361,-64.4705406335575,1.0,0.0,0
471,"[0.4252519360706934, 0.6291718698238623, 0.5870590680547072, 0.489505720666355, 0.4043676978383112, 0.560236440529047, 0.26211198324573126, 0.7796383520065724, 0.9989986049008418, 0.343339450980491]","[0.43978759942094164, 0.48645616917023804]",-27.611278533935547,0.04,1623.9017053070197,-111.16320893799747,1.0,0.0,0
472,"[0.5365877579701803, 0.4829276914791513, 0.3856393124797932, 0.2378445130617545, 0.562452801844349, 0.29437820001228815, 0.9999999641211287, 0.49409746806476795, 0.4742271599085379, 0.5634917101983369]","[0.5677847003205562, 0.9884374410565538]",-27.36244773864746,0.211,1833.3727722073606,3.4615661242487192,1.0,0.0,0
473,"[1.0, 0.4809941310650243, 0.7697317435956473, 0.6294603171175647, 0.6068872186658211, 0.1692156700547847, 0.8781075333910379, 0.8688199511500521, 1.0, 0.05176364605831689]","[0.6226643530945551, 0.7052081806569034]",-39.77397537231445,0.013,2780.071648389703,-68.0848004851963,2.0,0.0,0
474,"[0.8183043352313644, 0.8043623777018476, 0.5651658780374811, 0.3860596115616794, 0.35042415645521874, 0.6939554780539305, 0.10353044657545718, 0.5795739382277599, 1.0, 0.6954662057633865]","[0.6474486582393986, 0.40005726479049436]",-38.642738342285156,0.074,2268.9300919828397,-154.69342045918302,3.0,0.0,0
475,"[0.3703363160239982, 0.8104411466005923, 0.548331336088997, 0.43645120165216894, 0.7217962873551095, 0.5488136019515498, 0.3704003848936085, 0.6242419484376551, 0.993676023006861, 0.33512702553469653]","[0.37567661387823864, 0.6245014777869677]",-31.452558517456055,0.062,1758.7166196565472,92.99319625313728,1.0,0.0,0
476,"[0.16226704991171514, 0.6083447562690514, 0.8419783296696379, 0.4904528348115078, 0.7674215823873834, 0.3428642798606774, 0.3665115187895336, 0.1128276772779442, 0.6828344073937037, 0.3437471538468461]","[0.609143112087145, 0.39595800961428296]",-42.37086868286133,0.447,1983.2735253062767,-15.826314203035395,2.0,0.0,0
477,"[0.010939228644092323, 0.6958449602730782, 0.49897961297111887, 0.5820120874054243, 0.560128134483373, 0.334890047411015, 0.24220840210063607, 0.6091178233128421, 0.9837547067676875, 0.21734527288170585]","[0.29908929518867233, 1.0837787019486733]",-56.31207275390625,1.0,2963.4874836883196,22.04317280644102,1.0,0.0,0
478,"[0.6783318222815928, 0.4396902902636697, 0.5652986984092779, 0.5950048381335145, 0.21225449351496134, 0.9991924394353772, 0.16745228324002875, 0.07997684860139351, 0.2365326055446984, 1.0]","[0.725778471572319, 0.5577618401176457]",-43.63850021362305,0.267,2615.46638052778,-3.1086657134647737,2.0,0.0,0
479,"[0.3739350081436478, 0.5888283402898943, 0.6884888299671001, 0.7019512263996995, 0.914421489735012, 0.25031018331811417, 0.7174530299770423, 0.13777235173848582, 0.40317521684691937, 0.1505123853310241]","[0.5850654435827756, 0.5827325789216529]",-34.84915542602539,0.06,1958.5436575512776,-125.14884717574881,2.0,0.0,0
480,"[0.785953509375715, 0.7108190626716486, 0.5583770508144762, 0.6166221428204929, 1.0, 0.7988253805899728, 0.5475596287267402, 0.3288733488828159, 0.12864678416966815, 0.3466030528174001]","[0.8455287704470728, 0.3401942998591154]",-40.98243713378906,0.009,1898.7201497347128,-95.54015875310006,2.0,0.0,0
481,"[0.23986238836948875, 0.4662518527202403, 0.645540378113305, 0.5038950154320562, 0.8492050929714988, 0.25228042402219775, 0.9746874037681836, 0.21592793810456998, 0.1283677245342913, 0.373445436627724]","[0.27487817910651446, 1.3827594122043552]",-47.774967193603516,0.209,3131.9999713938014,-25.537010386567715,0.0,0.0,1
482,"[0.18329384261328585, 0.4563032803311919, 0.6052954382761577, 0.44315317406988197, 0.4478589214097039, 0.4504656400160463, 0.2266721090849032, 0.3804652611279412, 0.7020238941930214, 0.8327565378894812]","[0.4943215144378136, 1.061295512810821]",-37.29220199584961,0.357,2152.1406459195305,33.973332898630105,0.0,0.0,0
483,"[0.5497176046083171, 0.4279527848755151, 0.5828718430632018, 0.5103155974608478, 0.6812187346915182, 0.09249948828147336, 0.9900725936853362, 0.17570615301953257, 0.2983964477213844, 0.4380874056638795]","[0.35833703964863184, 1.0630899211339446]",-25.218294143676758,0.031,1935.042631236505,102.72032089149548,1.0,0.0,0
484,"[0.2325906676338174, 0.600467892563114, 0.46627084319776574, 0.4652002276703167, 0.5732078421723191, 0.37783781285082113, 0.15727756584219182, 0.6423358268544306, 0.5575875850189392, 0.430980415308631]","[0.8889139701506744, 0.31845197927504754]",-30.0804500579834,0.224,1917.6802818768936,110.74307249712746,1.0,0.0,0
485,"[0.38655542995906494, 0.46398265569337704, 0.6529681034320344, 0.5107820598451096, 0.5279749405925379, 0.6207048169328947, 0.5170862203956963, 0.4603651271338704, 0.7520535671844114, 0.9213238413263438]","[0.5206020014723494, 1.1156507584700115]",-36.074459075927734,0.05,1453.4229463795537,36.41646244599713,0.0,0.0,0
486,"[0.19499826725643152, 0.7480426545281001, 0.5352992029953766, 0.43178304883529994, 0.502851624541902, 0.24794088859881422, 0.5475264718194129, 0.5341210405389307, 0.8774791460821123, 0.8027847026524447]","[0.4520909537261423, 1.199412077372174]",-47.49406814575195,0.315,2256.8025132154,80.16521393073523,0.0,0.0,0
487,"[0.8164343787656325, 0.5508283059714928, 0.4301304165953664, 0.33091240704530417, 0.33092757228934533, 0.1689594680635345, 0.5770365789220477, 0.9917182176265574, 0.1273269894840612, 0.5518855237309631]","[0.34559823508265797, 0.6316776607926187]",-45.38432312011719,0.086,2624.641159726754,-116.88694623867258,1.0,0.0,0
488,"[0.5512087907243344, 0.1567871499213251, 0.8235289170654563, 0.7809184387845114, 0.7502561199524035, 0.6006212409645268, 0.733296450282515, 0.7142633381741381, 0.2922767147256163, 0.722761271925249]","[0.662318006545299, 0.837449398549886]",-37.02364730834961,0.472,2087.414185797404,129.061342611227,4.0,0.0,0
489,"[0.24432660397280365, 0.767516447520201, 0.5033289108071384, 0.426778916230739, 0.44446389434285827, 0.355975333925576, 0.295331914980982, 0.6463986744989778, 1.0, 0.2740231567396876]","[0.27436787292898124, 1.1368444523576071]",-47.28485107421875,0.2,2472.71407540926,-108.440158868158,0.0,0.0,1
490,"[0.22247743842617476, 0.4230091668415487, 0.5729721686869542, 0.444852697672758, 0.4340823411921608, 0.7498942159232284, 0.8146056951603773, 0.42151294332567796, 0.35284707577019453, 0.9298722026186067]","[0.48577519807637237, 1.1474875239953548]",-23.668352127075195,0.241,1860.4297455890064,59.006658480579745,1.0,0.0,0
491,"[0.9877872454638315, 0.4913986791852404, 0.6571990436547666, 0.7245116023379707, 0.08897361979854819, 0.2671261936834101, 0.09759006151264955, 0.19432413977375387, 0.2071573435190322, 0.4907463713069939]","[0.35529130166034095, 0.9254714676085245]",-31.08077621459961,0.885,2671.497114977817,137.79285678737926,2.0,0.0,0
492,"[0.15280763547385803, 0.7940210761861808, 0.3338941043138299, 0.553711743304812, 0.7667619316465989, 0.830325327389603, 0.3566934777979418, 0.7432534688051836, 1.0, 0.9875432114206039]","[0.6232521691139632, 0.4522205641849743]",-28.94418716430664,0.488,2263.994469909112,-82.88393628720877,2.0,0.0,0
493,"[0.2340796594449603, 0.5051338163195057, 0.40720940627696606, 0.6061298668263911, 0.9208001219140614, 0.6431178300153567, 0.3990737593942501, 0.5653032369184243, 0.4948529733005955, 0.46103096865172954]","[0.5479112085021455, 0.3798771875363273]",-24.47296905517578,0.221,1458.296953626315,20.018962944265184,1.0,0.0,0
494,"[0.7073502871429648, 0.5190752308781601, 0.4558975620349995, 0.6828363449947104, 0.2855221523787768, 0.27235036668898277, 0.4494646625894397, 0.6971818243608343, 1.0, 0.38910919557713297]","[0.3568526306171333, 1.0973885297733175]",-35.582122802734375,0.136,2456.642640536424,-150.0387594781206,1.0,0.0,0
495,"[0.8076757892757761, 0.755006776195908, 0.4786415731129781, 0.42935388320576284, 0.4180863277890455, 0.44250691353921756, 0.0, 0.17160608550016235, 0.26553483541897016, 0.8831635266994506]","[0.7089679662809212, 0.7306227245359413]",-34.370174407958984,0.034,2470.0754640418636,75.21025198545885,2.0,0.0,0
496,"[0.38164287655472307, 0.46258068591170926, 0.2816445541359484, 0.33527018152863247, 0.5297540931132383, 0.4714337784657043, 0.4867274709253947, 0.5161111228948071, 0.9373392088306317, 0.9989242564537955]","[0.6057671954469601, 0.8638398669421599]",-27.82001495361328,0.144,1590.4511358209256,114.71794730962682,2.0,0.0,0
497,"[0.14948828780242943, 0.4666830280734264, 0.6222399388255884, 0.3934770129853921, 0.4866339535425925, 0.2572112892072944, 0.8053453723430446, 0.6723775615575102, 0.34414931254951786, 0.84782142327291]","[0.22015857288764493, 1.1622572789665186]",-39.327735900878906,0.502,2204.6977006885877,173.78714433592896,0.0,0.0,0
498,"[0.3256612597553013, 0.5742558320912922, 0.5344338134784131, 0.412636534549282, 0.6804497897558867, 0.08002033145426563, 1.0, 0.2075180005163985, 0.3858907842622894, 0.4437918356215623]","[0.41045232771419754, 1.2183275053264457]",-31.556415557861328,0.093,2622.9985092597058,-107.9787575211185,0.0,0.0,1
499,"[0.6086581346021301, 0.7352592783177662, 0.4800362952620677, 0.5439642513647225, 0.7475208895858245, 0.45627734669975367, 0.6895191804607781, 0.509915303875206, 0.36379914442519784, 0.3752860706535419]","[0.8136355143877231, 0.28458207604627556]",-5.994263648986816,0.013,1317.657645901771,63.90087073260884,2.0,0.0,0
