eval_id,x,hub,f1,f2,f3,g1,g2,g3,feasible
0,"[0.17893481367543618, 0.4672684011434851, 0.3549173343096512, 0.9051438366771739, 0.652784802685132, 0.6399131657151546, 0.37050052710804804, 0.790518245853265, 0.17735319182304865, 0.29830276735556926]","[1.459925080268639, 0.953806206216977]",-28.648828506469727,0.374,3432.371450185038,-79.77996047064914,1.0,1.0,0
1,"[0.7527320970790866, 0.82589525837557, 0.33881245331376186, 0.22633305684340344, 0.43091206068443144, 0.5151536963223518, 0.4483805454001032, 0.27789921550015906, 0.5258168433452484, 0.6631806204725954]","[0.4477019015387208, 1.1825904005661956]",-24.107568740844727,0.232,2486.0137388641115,86.91327509857234,0.0,0.0,0
2,"[0.19539759987155403, 0.43531315595064457, 0.20941612123621955, 0.7974623155214327, 0.34510057866729216, 0.5948658710060528, 0.2999915037451498, 0.8746240571921795, 0.606709676684979, 0.9468197909796484]","[1.2163813698099761, 1.350674398506333]",-26.336448669433594,0.314,3570.5206127663387,-4.157631145781522,2.0,1.0,0
3,"[0.3193418039018624, 0.3138203272623701, 0.7008408895008554, 0.4931103229848808, 0.18890636475445843, 0.6959948701337834, 0.2615530463118, 0.22789197890735768, 0.5800284530205562, 0.7312406583584447]","[1.3107516298129689, 0.5582164751952449]",-37.75590133666992,0.339,2985.9666146379886,26.8130143537999,2.0,1.0,0
4,"[0.42019325992063383, 0.46997091240616984, 0.5771775044961992, 0.0018023536068190182, 0.5193842211443356, 0.49482967791705623, 0.6756392228496231, 0.4162706429924663, 0.7940310607755042, 0.32654466381127]","[1.046722966747309, 1.3570561088300293]",-30.19530487060547,1.0,3075.714056997288,74.12217734375517,1.0,1.0,0
5,"[0.9897361675845034, 0.3582312185913814, 0.3142381312178827, 0.4165709623150299, 0.9584644009640338, 0.05873521751558297, 0.7300645778190835, 0.5670497583644489, 0.7742121576308749, 0.8883954263166767]","[1.080137156334035, 1.4205931249674941]",-22.29152488708496,0.1,3619.928703779304,130.0661899632894,2.0,2.0,0
6,"[0.023632428671776062, 0.2816134931005958, 0.48736306607251145, 0.012857887744930352, 0.4914833323409261, 0.29770945642086144, 0.6718259817227047, 0.09288854875744723, 0.6043157467736379, 0.6013821213404011]","[1.4452295541498401, 1.3775952868058952]",-43.888031005859375,1.0,4236.486485575914,-116.95764112295899,0.0,1.0,0
7,"[0.188257161102365, 0.7877266263227836, 0.6596072674909493, 0.9172632996428407, 0.5993159922695809, 0.9421208694705342, 0.6390262522229664, 0.5460602299006425, 0.23326320620013874, 0.8142430618716505]","[0.615508274358867, 1.201416737764787]",-35.904380798339844,0.34,2731.375016092384,-11.822068991965807,2.0,1.0,0
8,"[0.7660363414662829, 0.6068143810342034, 0.6283478623630906, 0.6557960559218892, 0.6685927884100901, 0.06771436062054059, 0.8570786899866468, 0.32133769545352076, 0.33815284273601076, 0.1283444014420535]","[0.032718378196915365, 1.0419546944813454]",-29.972270965576172,0.007,2447.4125635992145,198.35166501427608,1.0,0.0,0
9,"[0.5547696198165065, 0.5160825876377318, 0.8811861793495235, 0.31867896643874516, 0.11784964452439528, 0.23169822139230722, 0.659569533072841, 0.35506101458853867, 0.313666741563808, 0.6631833646572645]","[1.2365024304314944, 0.8374460954228211]",-31.63851547241211,0.688,3324.1372006033835,-164.5212605117652,1.0,1.0,0
10,"[0.9584801136956184, 0.7450348866476518, 0.2157905760841189, 0.7173945053263936, 0.34378554600189437, 0.6989151716524886, 0.8894983573045284, 0.6501660583206906, 0.8422279297235258, 0.6887947057130477]","[1.2046805169113326, 0.15252863562324498]",-23.675552368164062,0.254,2453.4792707372185,160.7368877929929,2.0,0.0,0
11,"[0.35304843378314044, 0.21652350161279854, 0.36767942473700777, 0.2671989318362714, 0.3187820814455795, 0.9634847481204788, 0.11363799358817561, 0.1009807921059821, 0.9144561221029246, 0.5858895145468258]","[0.6679799243985048, 1.0638281938324412]",-39.33777618408203,0.253,2328.086855561892,87.22955635348495,3.0,0.0,0
12,"[0.7898093832755049, 0.1836603870914313, 0.5542825390272328, 0.24062604181377323, 0.36528505670346056, 0.4229460447715928, 0.758249565648491, 0.4381450103309691, 0.7813658931947177, 0.043090690634595696]","[1.0152324040624476, 0.18070361643581123]",-47.85207748413086,0.354,2552.117592376883,149.53896636960633,4.0,0.0,0
13,"[0.46581253099537934, 0.3351350375860954, 0.9578419522589532, 0.07389597584523522, 0.16782365513224518, 0.20785494157193374, 0.5675652419333407, 0.9363122242578448, 0.8533136562599993, 0.8114328725032335]","[0.7178343572828981, 1.3593966025137634]",-49.76247024536133,1.0,3318.9908521104744,80.59893153773376,3.0,2.0,0
14,"[0.850551259756355, 0.2754808528630017, 0.7392607956370342, 0.6629613377688489, 0.16146904266095086, 0.9796258488514935, 0.6283084586743911, 0.07962933757560675, 0.32151551530824796, 0.5494715578347591]","[1.288539916479953, 0.9628763856050353]",-44.238059997558594,0.45,3331.098640759599,20.978322791562334,1.0,2.0,0
15,"[0.49866886134850175, 0.17791419839100442, 0.35622164118008504, 0.6520981168659544, 0.7444418905939161, 0.9051507074391362, 0.28879164900942544, 0.774382020078661, 0.2064226800628115, 0.7715370379067442]","[1.039186452461093, 0.31820872323865884]",-38.87884521484375,0.377,3124.2976933721734,-70.27883156182429,2.0,0.0,0
16,"[0.8953850271326209, 0.20557265759667276, 0.26268325844768114, 0.02094484416240605, 0.27068090144591017, 0.8794320598717107, 0.5513756583147158, 0.41628477156613086, 0.28176023673675177, 0.9191304909520741]","[1.088758246715808, 0.6413468138120098]",-42.356258392333984,1.0,2882.428328163326,7.557674429773186,2.0,2.0,0
17,"[0.49293616218995406, 0.5324478498483587, 0.3107930117753044, 0.9758320136707291, 0.8870121467184444, 0.6373601174260564, 0.42099270734434335, 0.5749995088018878, 0.5529869643862163, 0.015272435183649069]","[0.8647679793230478, 1.2847364484973847]",-26.707189559936523,0.104,3590.014937003162,-68.86788322714995,1.0,1.0,0
18,"[0.4875580786370386, 0.29526571288950065, 0.3657350555800003, 0.7768482879275864, 0.9936568534146455, 0.36880428868132864, 0.6788297965535495, 0.43523470740661496, 0.9461829725207951, 0.4849152370071329]","[0.024923602435105274, 1.2473283527790442]",-36.15690612792969,0.12,3417.921039904258,20.738577437012736,0.0,0.0,0
19,"[0.0763549914853281, 0.23483907948984994, 0.16222855752056586, 0.9159237744769517, 0.739900702350839, 0.11771307998234448, 0.9919930979414978, 0.11013211899741604, 0.6220697409528387, 0.3547334554703645]","[1.4880503176785342, 0.8376835526668058]",-45.39712905883789,0.993,4033.4286392990607,108.32219997701395,3.0,1.0,0
20,"[0.9868402765278871, 0.43974028393442544, 0.6442476693303388, 0.5149392859956807, 0.8756598515631787, 0.505794352818757, 0.7854340014599015, 0.2005303566832357, 0.01645945948648464, 0.5424458861963711]","[0.9377589260828116, 1.4997182338855923]",-32.09645080566406,0.026,3541.1495025316367,56.89214017769791,0.0,1.0,0
21,"[0.7373054252872605, 0.5914192820348003, 0.10844932301271404, 0.4112686884886242, 0.17072977658825428, 0.43132345380885195, 0.010231902156670136, 0.33099943817048805, 0.7559488323569789, 0.11610473609591099]","[1.4440160599934821, 1.3195008784463607]",-31.8443546295166,0.742,4497.143140598838,-120.89254749020512,1.0,1.0,0
22,"[0.7419162010314087, 0.5220921065907778, 0.4171774343880905, 0.9108220921659664, 0.7464710369587361, 0.9835673000846709, 0.7744687729754793, 0.3532556606165881, 0.43070700374480275, 0.4970226157004175]","[0.1268760779065603, 1.2550612931635001]",-36.504920959472656,0.034,3031.590358140759,-43.37359375375945,0.0,0.0,1
23,"[0.7076778979003703, 0.3356970836114517, 0.5333564262211142, 0.32011996751753846, 0.3918329723107977, 0.7424842116732404, 0.00921065799657117, 0.18956699187220505, 0.5664491371813656, 0.4590016363424163]","[0.18301541483209494, 1.4209477918759625]",-30.16351318359375,0.099,3305.2463726203036,36.70055258706839,2.0,0.0,0
24,"[0.5118814273652947, 0.8573010008865969, 0.3995968392250302, 0.09751514963535424, 0.841486558403682, 0.8851177060251493, 0.19316997569865946, 0.5257783000795696, 0.08535616172648453, 0.8267136201588152]","[0.7065846822128775, 1.2589665549678326]",-48.34306716918945,0.817,3720.9341113147134,-305.89370416357235,2.0,1.0,0
25,"[0.7476535197594388, 0.47403622225949027, 0.8166440705290728, 0.8817710808483114, 0.6823799448443975, 0.3151851034187104, 0.8929563307131257, 0.30996375517120167, 0.3987189364419349, 0.7115105508132997]","[1.4135469035066797, 0.6980275756135836]",-30.54159164428711,0.013,2394.498211896021,136.68806997338763,2.0,1.0,0
26,"[0.9606887020277379, 0.9002654171528618, 0.14704654594174182, 0.7411145400827215, 0.5292209856627658, 0.9366989347480371, 0.9083534610543227, 0.6483341011050769, 0.5287591672457896, 0.20143090853695012]","[0.7831343292771509, 1.0748027882966467]",-35.923622131347656,0.513,2766.368337081068,140.76513653968897,4.0,3.0,0
27,"[0.7281969713021883, 0.41225211081351676, 0.6603726714939671, 0.46770008428541465, 0.5157744326426499, 0.07706848791542142, 0.024011331493556054, 0.2929158759379945, 0.2864487199904745, 0.6576467600079774]","[0.7770490207042496, 1.3912576831453765]",-29.745269775390625,0.036,3067.1550756233387,-69.29860929430612,1.0,1.0,0
28,"[0.9421656316593494, 0.8731312620415899, 0.993906309433891, 0.3738491444106369, 0.8351417342075574, 0.38069524000658606, 0.09368549297431539, 0.21220747485396863, 0.0935034547745921, 0.4859329784263382]","[1.072307852436675, 1.3377326463498305]",-38.28579330444336,0.06,3131.7168649483556,1.8409082103700882,2.0,1.0,0
29,"[0.35954611893234156, 0.6571231551575867, 0.5254697248274498, 0.04850513258211875, 0.3049191826586233, 0.2362906836924623, 0.030188469259489592, 0.4736051880661374, 0.4341822332207885, 0.24864819916465264]","[1.299148422495251, 0.2312362544141343]",-29.48998260498047,1.0,2828.0063796595286,158.65554204088915,1.0,0.0,0
30,"[0.7571316253352183, 0.5988506638162991, 0.6385458531009636, 0.28353426632010625, 0.6181307496852578, 0.36956669018657895, 0.3799349341788377, 0.681937037573606, 0.8310576876132559, 0.6052685945074544]","[0.25396254580418, 1.197688526189553]",-19.99098777770996,0.14,2028.3085568025438,119.76808342748106,1.0,0.0,0
31,"[0.03387269818171201, 0.662682068619064, 0.720244476030497, 0.7401312499629299, 0.8695515555783495, 0.054731143300722596, 0.3164785602685367, 0.07482644255422188, 0.21417883012053884, 0.9065322424574986]","[1.1971433356450858, 0.03847184569194484]",-47.129425048828125,1.0,3422.8583148483444,38.15113586781675,3.0,1.0,0
32,"[0.7611131728418318, 0.08229124940952703, 0.006155669335288327, 0.613256681670192, 0.2906059077682427, 0.562817570968351, 0.5707371869026688, 0.4513766078981988, 0.8026586252465906, 0.23204551611998447]","[0.05919464671039454, 1.4657497333890772]",-39.98060607910156,1.0,3702.903784294373,16.0434744372032,0.0,0.0,0
33,"[0.8806350809002281, 0.07458742422196396, 0.9320824085782379, 0.14566874185476875, 0.3015314021630472, 0.6021361701813102, 0.08362765145734896, 0.12499955865727308, 0.7854702016115908, 0.4115541827996497]","[1.35003302798446, 0.7084983879074531]",-56.52992630004883,1.0,3957.8861157284614,-412.6557135302752,3.0,1.0,0
34,"[0.8122050151262458, 0.29045961628587613, 0.7550132519180535, 0.6089078108765937, 0.9632475898482437, 0.4959391441876757, 0.19457688761579417, 0.2195079915141478, 0.6014041791288685, 0.08962073043795493]","[0.6615530572198147, 1.1654497424988384]",-31.953475952148438,0.129,2980.724557145739,-129.70515746079013,1.0,1.0,0
35,"[0.12858287186718842, 0.7314763939923757, 0.09521030422128629, 0.5699619505238555, 0.5171815371217462, 0.895368602951573, 0.2225521522559719, 0.8424122866034477, 0.9295786250874855, 0.23087836206189072]","[0.41791291612573434, 1.3420087443928799]",-40.209964752197266,0.831,3099.986057177045,147.67650005284588,2.0,0.0,0
36,"[0.0043001907504852666, 0.4038284511492043, 0.1949619252207303, 0.32508812283388366, 0.8276226232184107, 0.3953518057604567, 0.6710113104026503, 0.8760714488267184, 0.8268079808374883, 0.8848800971002195]","[0.8398657742651049, 1.1152536838884217]",-25.163639068603516,1.0,2507.4768213749094,20.103654674073823,3.0,1.0,0
37,"[0.3994430020003472, 0.484130910594359, 0.9568421661505032, 0.4965961443363097, 0.13251492264908082, 0.17768312108581985, 0.07519442630360906, 0.012996611642042799, 0.8380952953924874, 0.5971018283213804]","[1.3787682822674194, 1.0478921126040406]",-55.021522521972656,0.591,4083.763101123155,30.4171781222648,1.0,1.0,0
38,"[0.8250134678055777, 0.5828599453946457, 0.10742835312995902, 0.8712075744884107, 0.8940306698397861, 0.79328366533945, 0.3499641877600487, 0.16381779297574706, 0.26650062593238233, 0.30608634300284987]","[0.2899974830836338, 1.19232528765645]",-37.73383712768555,0.747,3359.888937831285,175.8444406502147,2.0,0.0,0
39,"[0.10368010753270052, 0.7979429078588656, 0.49373414724032827, 0.2153195271485615, 0.9877562857569903, 0.4297612930140656, 0.4138198863286343, 0.9987729501752127, 0.5439146577146111, 0.4957244334967964]","[1.2733532079624863, 0.1729038018567342]",-53.048675537109375,0.77,3212.790436818893,-14.113179765457517,1.0,0.0,0
40,"[0.716135524315577, 0.9265763828646507, 0.3525112870284548, 0.9446171043542214, 0.2829551262065978, 0.9120736349889094, 0.586668750518576, 0.6755103035703888, 0.9781358594533898, 0.9356865558408266]","[1.435918558786387, 0.25122151225093126]",-28.576072692871094,0.14,3230.5670897769974,-144.39668179884774,3.0,1.0,0
41,"[0.9762467026410432, 0.16651737808920697, 0.11153341754909052, 0.5951806393739761, 0.8472292340199105, 0.753517706913019, 0.5401208121935621, 0.7245877983606205, 0.5782871366069361, 0.7697291933269581]","[0.762139086122917, 1.2707328339053825]",-21.887664794921875,0.728,2629.2507060085577,35.282176959331736,4.0,2.0,0
42,"[0.18878064680754914, 0.5091940832753937, 0.8819028684025597, 0.44215445593765246, 0.6023637298660838, 0.3471792790332324, 0.8588457797698037, 0.10210216325630683, 0.8435291936572402, 0.855161877800188]","[1.1115179427843849, 0.7542788560556952]",-50.05387496948242,0.34,3216.2335511898036,137.3893685122098,2.0,1.0,0
43,"[0.5151548407681276, 0.3557522738346047, 0.7488579702300604, 0.48435065818854983, 0.6746453961518705, 0.8940779162131687, 0.23498961995322054, 0.419580930338459, 0.976586484833995, 0.6718489551105283]","[1.3581474071938417, 1.4321585634226728]",-28.002779006958008,0.067,3407.102320047834,105.21589521986516,1.0,1.0,0
44,"[0.633303004964886, 0.2842264265315978, 0.5315023647330197, 0.16828799503434966, 0.6790112450880074, 0.5874149048515857, 0.23079608369978155, 0.05905631897829, 0.7083692223653099, 0.028343139334361833]","[0.617824345855178, 1.2038270759152134]",-33.73711395263672,0.424,3400.426608387051,0.8818607689647706,2.0,1.0,0
45,"[0.5889658881432593, 0.8624856673584459, 0.37440426122847836, 0.5928292560660468, 0.20942917933874872, 0.12870168473469945, 0.2589351675039948, 0.4493700221843081, 0.9805186398602482, 0.16238519618917013]","[0.7747330486829124, 1.191227849765339]",-49.19136047363281,0.276,3112.7472715075687,-252.89821358349326,0.0,1.0,0
46,"[0.9269667072846148, 0.531556426498312, 0.5070854352124422, 0.8115158779645404, 0.9065365526896961, 0.06655933206506481, 0.7572363648024241, 0.4065989313758811, 0.5091038982398773, 0.23860277166153243]","[1.3172396119005512, 1.3606962736847152]",-25.555286407470703,0.011,3538.4802565667082,-36.75083454054874,1.0,1.0,0
47,"[0.0932556167095393, 0.6834897381142566, 0.6088586050511545, 0.7963263969226773, 0.05541820375084594, 0.8057203967146486, 0.8606094137766368, 0.45377265711836035, 0.28418447481174003, 0.7499650752203063]","[1.414339598242053, 0.6715334561847421]",-33.77790069580078,1.0,3426.5498739036125,139.6978914776418,3.0,1.0,0
48,"[0.732673900343337, 0.2885492360637769, 0.9641909194355908, 0.2734455081289784, 0.8778101871478206, 0.7136426366346105, 0.7655390330287417, 0.3521042640297445, 0.5838583952545342, 0.6082916064372581]","[1.4613069482627232, 1.066079682499568]",-44.98564529418945,0.151,3034.63520824074,-46.89954670157658,1.0,1.0,0
49,"[0.7068938596677737, 0.3410494410080632, 0.4004563457975292, 0.06312328594757288, 0.5771130237442562, 0.17805372425306576, 0.8101457296942176, 0.2280566951506835, 0.22304648289323237, 0.924136868277313]","[0.789535267507927, 1.0643976984426988]",-46.862892150878906,1.0,2916.086570696259,-184.90394436526793,1.0,1.0,0
50,"[0.7305726681479847, 0.0, 0.48266205836411935, 0.7891516876400733, 0.4396835287107311, 0.0, 0.25395504776794564, 0.621929559884457, 0.9829750590064124, 0.47711716279950167]","[0.8918845718745277, 0.3193337208153663]",-13.57436752319336,1.0,3257.343051615054,0.24323904448459643,3.0,1.0,0
51,"[0.7484123394979141, 0.6576778628361907, 0.6506036594887871, 0.8753079666617142, 0.6592120854584228, 0.5484610403170381, 0.6537153624832852, 0.10132799146369095, 0.8029104475586953, 0.6530543962018459]","[0.4072480702694681, 1.075454449811852]",-22.614070892333984,0.005,2250.4792811616926,249.21578872841377,3.0,0.0,0
52,"[0.5017092942103061, 0.0, 0.5366465682927146, 0.3613076730921929, 0.3177051213614942, 0.6251895447875082, 0.49863680598546284, 0.28814442555231407, 0.8550628424193691, 0.6823728557030667]","[0.4024563806633643, 1.0437124090371752]",-15.563925743103027,1.0,2116.2112734980146,-44.84629193310667,0.0,0.0,1
53,"[0.6612672601039211, 0.8682532830859471, 0.37929702543657284, 0.5027023015092813, 0.40019707596588483, 0.4446877034961236, 0.3399607547989917, 0.7247504006092188, 0.8229360350064816, 0.31335175369726803]","[0.16298386924183259, 0.8369922377209078]",-19.00654411315918,0.054,2205.037343043605,-10.830657254617847,1.0,0.0,0
54,"[0.6906644544663213, 0.45511725290937705, 0.6879653320059701, 0.8156783823244302, 0.8762962156117791, 0.3589592535475625, 0.6218058518452454, 0.4701967931164917, 0.9261027961943913, 0.3644921756002189]","[0.02070220650432411, 1.2920366205627443]",-12.6459379196167,0.019,3075.549747026127,66.55138588986028,0.0,0.0,0
55,"[0.5410152515279777, 0.7616507049653297, 0.3488455545951566, 0.6906820658635889, 0.4308763270014022, 0.5212349069729721, 0.5075824244693474, 0.3380350764990174, 0.9011486643920098, 0.27440947667676047]","[0.36611703717439226, 0.9810955513854404]",-40.002994537353516,0.074,2207.566458457518,78.97905529729866,1.0,0.0,0
56,"[0.8767785014414171, 0.76349001598791, 0.9120863079464538, 0.49717209441908644, 0.6718586723561615, 0.24942349636261033, 0.26439433372121385, 0.49937314741363764, 0.6318732512416438, 0.47747650693458105]","[0.21475776734870125, 1.1084508629628829]",-12.555647850036621,0.012,2290.9036653392445,61.54626005878211,0.0,0.0,0
57,"[0.8770576914659488, 0.7597797278361594, 0.8811546824783918, 0.5017588999532905, 0.7298970892874821, 0.09633079815979705, 0.2063583593223843, 0.6925731236396954, 0.40532856683111995, 0.0]","[0.29319905229450827, 1.0336059255364478]",-25.583765029907227,0.011,3000.607311666655,-16.01569070684252,4.0,0.0,0
58,"[0.7268505302825656, 0.836254155163996, 0.3393369929653536, 0.5272916682581447, 0.6672917686252627, 0.6134297247664808, 0.43615340578404077, 0.508523824881028, 0.1680240212602709, 0.8380201133164815]","[1.0883235686011874, 0.0]",-32.572452545166016,0.08,2891.334802365752,-95.19182375074246,2.0,0.0,0
59,"[0.7011837548648426, 0.4761864373963996, 0.7090042804488448, 0.5063568499464858, 0.7228515524865001, 0.5450983472539342, 0.13667923288165304, 0.22261289727579367, 0.4549471811110588, 1.0]","[0.655345246048492, 0.8929203195513609]",-46.53142547607422,0.013,2080.8966364119437,-105.78575971010969,1.0,0.0,0
60,"[0.7616573712486946, 0.8910178506214237, 0.6062596705575987, 0.5172995148700597, 0.683325875907784, 0.48545045073778725, 0.44338726064104567, 0.32323659108892167, 0.47457073702927605, 1.0]","[0.4659042335662813, 0.8736058822953324]",-29.203657150268555,0.01,1983.3655764793705,25.289982591591382,1.0,0.0,0
61,"[1.0, 0.7556736959845687, 0.9462935533829661, 0.3285357823624886, 0.5294690522917783, 0.5790477073918612, 0.0, 0.25138522793755086, 0.38655080051110235, 0.4141065081638113]","[1.2519078539165749, 0.14284192365042667]",-24.763856887817383,0.089,2703.4913526037553,-86.01986021087225,3.0,0.0,0
62,"[0.7046323443193796, 0.8216568819980263, 0.4927303727560111, 0.5725257166493254, 0.6100606669511704, 0.5897616865664409, 0.4661187718790851, 0.9863365921344237, 0.545047006820333, 0.5155936258563589]","[1.1658354811352232, 0.288749097766139]",-19.064661026000977,0.012,1956.278799750828,172.48185711711028,2.0,0.0,0
63,"[0.7310157618752329, 0.45870749180265613, 0.8411955049369683, 0.5108938012769868, 0.9244953129082844, 0.8443785517882995, 0.13874309359550246, 0.4593763640736144, 0.6699004205671375, 1.0]","[0.6493727389020095, 0.7351494856079229]",-48.306575775146484,0.017,2287.940691865807,-161.82745589257354,2.0,1.0,0
64,"[0.647758760738829, 0.9308103344466774, 0.3815114810474349, 0.6605799595824525, 0.3167748887381123, 0.3458581368191214, 0.44976894303026527, 0.46706574755838287, 0.9124794283497119, 0.11342512750370612]","[0.2531068633797146, 1.0784607116366787]",-54.948875427246094,0.1,3198.59517804597,-235.55964670651315,1.0,0.0,0
65,"[0.4879143137055314, 0.6655145684594207, 0.31010025408029307, 1.0, 0.4103042831565855, 0.6234656013995062, 0.6630235197919978, 0.4538760895255242, 0.8606163028369552, 0.28616070947060435]","[0.2730721624058383, 0.7826090027485371]",-42.455604553222656,0.104,2131.4710515199804,-51.250983629054815,3.0,1.0,0
66,"[0.46327793569142517, 0.6517288664694753, 0.4660072325048738, 0.7630459055070133, 0.32305230661057666, 0.7387118223373502, 0.44334763173090647, 0.3707178624829075, 1.0, 0.032903042647590995]","[1.0279806315854827, 1.5]",-40.760643005371094,0.097,3133.4855384425473,-80.36030212917058,2.0,1.0,0
67,"[0.23850561580649815, 0.8308435871825344, 0.6816046234333506, 0.7652387536590124, 0.6394085717049084, 0.536022333571622, 0.2555947558960747, 0.7058977747371543, 0.3994413500483701, 0.14983111313074732]","[1.1282815072632957, 0.28035657460573843]",-42.462642669677734,0.211,2445.7856152408194,-11.49856059393477,2.0,0.0,0
68,"[0.36951486509659454, 0.3329571637056821, 0.2723178016325656, 0.5889408556578256, 0.5542261395027392, 0.37167347404561113, 0.11538798362146883, 0.3620316065028493, 0.6386536745028014, 0.6346448519501295]","[0.4349616870967781, 0.8208335997990038]",-36.75558090209961,0.153,1548.4503230342907,193.75822059758076,1.0,0.0,0
69,"[0.47839127459422764, 0.4350132737625834, 0.5058139942781876, 0.3783242836428881, 0.5262525504226613, 0.3386140123313147, 0.2775864851464365, 0.3267813138529397, 0.45076218978696503, 0.7785716651266361]","[0.4877724736556793, 0.9683287459737179]",-12.789310455322266,0.054,1347.1571084167456,202.22270520195244,1.0,0.0,0
70,"[0.6224031961769738, 0.39599081354134064, 0.7924208254954073, 0.5492344254875227, 0.675596314270828, 0.18829558734418592, 0.387374669835952, 0.4187011173501279, 0.515047349541657, 0.9853907807389818]","[0.33881842481539, 0.8672775507227509]",-24.800264358520508,0.042,2524.2454548326964,-80.42844706781568,1.0,0.0,0
71,"[0.5861411814172495, 0.47754833575268185, 0.3699819033175989, 0.5319245008667337, 0.8677246537175309, 0.5145825175201282, 0.5723731169149178, 0.2927322972513776, 0.3520774814033002, 0.690772032103604]","[0.3061604348041691, 1.0170080737677396]",-19.134641647338867,0.062,2125.7835732131643,46.980645451184074,2.0,0.0,0
72,"[0.4399569945847761, 0.342867161396233, 0.2985030627753956, 0.46023529986433137, 0.46621916848231354, 0.7992683015108794, 0.0813520881137928, 0.47840323684647557, 0.7164811633202451, 0.7099869007446813]","[0.49180126469460683, 1.0814547197717257]",-29.24447250366211,0.117,1777.3707304476807,237.28223197752322,0.0,0.0,0
73,"[0.4331033676478214, 0.9893803445931272, 0.6318345926943812, 0.25788928791227317, 0.10661001001525311, 0.3350937192555286, 0.32646915522190945, 0.9094731208953413, 0.47708422451093335, 0.47423198789967835]","[0.40557995887750586, 0.6612531353093061]",-27.480545043945312,0.752,2508.4941493984447,-0.17441773676904404,1.0,0.0,0
74,"[0.6191299577859799, 0.4076753277789992, 0.6039914929359859, 0.5442887014781289, 0.7845193622480233, 0.5477614593588479, 0.0, 0.41400522517685034, 0.5118003995072065, 0.8007963927736778]","[0.5411778387517565, 0.8698637205790352]",-31.73654556274414,0.038,2018.3949973740268,113.61372916672298,3.0,0.0,0
75,"[0.572220455706497, 0.4769907056225434, 0.6241667215117479, 0.6126462867556379, 0.4068947338688855, 0.5579797180964003, 0.1946962927416217, 0.26229217001578475, 0.6655353243547445, 0.9842107363534619]","[0.6044362593034335, 0.9442954670834202]",-46.11195373535156,0.039,1762.4646052189703,60.49867852349763,1.0,0.0,0
76,"[0.8870805117113967, 0.40437480196812137, 0.6685699849841309, 0.440147053196577, 0.5839415307776771, 0.6112745741869285, 0.8827257769537742, 0.2597366114174211, 0.5618302082627918, 0.5226286366229359]","[1.004480390229843, 0.2250767388719813]",-42.36738586425781,0.04,2336.029328255039,3.5986070233995804,1.0,0.0,0
77,"[1.0, 0.7261137505102333, 0.6673013106943563, 0.09327657820921285, 0.47442760439574666, 0.2143809905915668, 0.2074813134183293, 0.33663296010058397, 0.7597341990621925, 0.6269854080399488]","[0.34061111475619643, 0.863305432478544]",-41.80809020996094,0.853,2173.614717920051,15.48215865494032,3.0,0.0,0
78,"[0.7019039370496518, 0.8016131632896409, 0.5649918939793164, 0.5806630034390984, 0.578507904539686, 0.5222541339255592, 0.1740992080814054, 0.10969440931767764, 0.46835899601153186, 1.0]","[0.5502968148587893, 0.8336339618794311]",-36.07081604003906,0.007,2086.619687784234,30.868454218525386,1.0,0.0,0
79,"[0.7112689565456033, 0.42275369962042897, 0.5264201167317478, 0.2768035338777114, 0.494013252129652, 0.48042065681379764, 0.6844189031109114, 0.1739827250194525, 0.4977059774072858, 0.31853940645839196]","[1.0833421648069532, 0.39647793951797317]",-17.140960693359375,0.148,2198.411489089408,5.094709524122749,0.0,0.0,0
80,"[0.8563275075901502, 0.9180323130379259, 0.322778949567759, 0.07604550599041321, 0.5044374091730344, 0.3513532313117531, 0.6287005368601072, 0.48871338352697574, 0.5137804324221047, 0.8145461604053243]","[0.3888352673277014, 0.8686908489032864]",-45.19123840332031,0.993,2477.0871789588427,-161.33507731827717,1.0,0.0,0
81,"[0.7082765192060451, 0.7686762524935775, 0.44093309670819114, 0.3675236467365828, 0.23718106999470925, 0.355030588096884, 0.14887212472915382, 0.4676774074211854, 0.8661939467594527, 0.1541606633164564]","[0.8021456773961443, 0.7510464595946498]",-45.530517578125,0.213,2818.3879479143034,-106.0367641549916,1.0,0.0,0
82,"[0.6622638547391979, 0.6896654993094735, 0.4647516544265672, 0.6527228276084376, 0.5556447759822161, 0.33905634843782423, 0.5532798824200175, 0.43688320666555763, 0.8259621795823846, 0.0922362814439415]","[0.30402318995582844, 0.8067651463198451]",-34.53642272949219,0.015,2216.053144363104,-107.94459369227593,1.0,0.0,0
83,"[0.5508285053804771, 0.4473176792116749, 0.47249684916225604, 0.6454417552192171, 0.3192389354893019, 0.38483410777591764, 0.3182924960750029, 0.4451601863086518, 0.7342298129072804, 0.45651591428417726]","[0.476290618058484, 0.8344610538252734]",-22.940011978149414,0.099,1515.1070067199905,87.21993937774758,1.0,0.0,0
84,"[0.3009456812990957, 0.7963558509858807, 0.7282805652878976, 0.36956103299067, 0.8162608648768327, 0.4991082333441161, 0.3999570538284197, 0.8147082292257595, 0.5616930439078733, 0.395087242484692]","[1.1702117749615346, 0.23243709838425472]",-39.11265182495117,0.113,2270.258607035694,217.84690342363308,1.0,0.0,0
85,"[0.2556859864664268, 0.49634017859553475, 0.7273688490042044, 0.4244626677645512, 0.614629733109569, 0.26013202471763874, 0.7572752527797465, 0.2404553268830034, 0.6410637316898384, 0.619923712006236]","[0.49752436669287015, 0.7757564046983729]",-24.644817352294922,0.176,1914.878235518743,24.26281735498813,1.0,0.0,0
86,"[0.7792533651905011, 0.6093114149322354, 0.5965727740608672, 0.5713241327306686, 0.40438317383483857, 0.4825226801088256, 0.6075368277391855, 0.47180431378050874, 0.5665617339392411, 0.12758488309978985]","[1.0949906980523079, 0.2517435189878973]",-23.81386375427246,0.04,1870.4121175199189,158.87628477471654,1.0,0.0,0
87,"[0.8355207410732245, 0.7551991255596425, 0.7413909310834369, 0.35215046745526546, 0.7938869369026663, 0.6047456394824462, 0.36407344259217056, 0.18920554227077255, 0.43781080954866936, 0.9820966189674455]","[0.9791344167317679, 0.6846471803951197]",-45.151676177978516,0.069,2256.0352994100854,-40.350785357096925,2.0,1.0,0
88,"[0.9327074981549159, 0.46364600203908907, 0.8437533354832828, 0.3658015818521928, 0.552602611151916, 0.5924743959938313, 0.7256183784184023, 0.8272063713083085, 0.8405611784849122, 0.4861490642818389]","[0.2363641965986928, 1.0888488417230051]",-25.943735122680664,0.063,2218.10789965545,0.42207887260667576,2.0,0.0,0
89,"[0.7281510410120375, 0.819668127081624, 0.5534736741003157, 0.42859031273634896, 0.3970401645097858, 0.3972343884087806, 0.5471088980360947, 0.34664528343507484, 0.9947382387824056, 0.08957271683805679]","[0.769680615126204, 0.5477468801050829]",-43.532283782958984,0.041,2085.2772251995098,-40.675061225785214,1.0,0.0,0
90,"[0.2908453529714757, 0.9456813565616887, 0.765354067028469, 0.5859367532946193, 0.6731998603735093, 0.599065872076463, 0.40176317216178487, 0.998082793549251, 0.3002896470493835, 0.27484223959586424]","[1.0691266317468262, 0.2923112397480117]",-43.03721237182617,0.129,2660.6124385566955,100.50508666785174,2.0,0.0,0
91,"[0.32036858721073747, 0.8043345574826367, 0.5850124117636304, 0.6929863937156392, 0.5574181579861355, 0.3180690477527159, 0.5164671800096761, 0.7859882699560652, 0.7282804650349355, 0.14750795428610702]","[0.5226962319071384, 0.636296180061986]",-41.42294692993164,0.099,1988.321241675077,47.95567095565707,1.0,0.0,0
92,"[0.5711848580967164, 0.6981851282010559, 0.4108010117720761, 0.624074279852858, 0.4680481551979215, 0.3780330191918459, 0.4598059755087397, 0.43471750563764383, 0.7715909348954896, 0.20836995615046677]","[0.36313838169662416, 1.0445994891421304]",-42.47895812988281,0.036,2029.6984414657304,0.2537174722138218,1.0,0.0,0
93,"[0.5714338552177878, 0.4760436155386817, 0.5965208668993704, 0.5774220586764807, 0.46727844445880623, 0.683299876857433, 0.08467208879880944, 0.4061357716931427, 0.7851443543609438, 1.0]","[0.549006840786597, 0.9458238125750276]",-40.315670013427734,0.014,1641.3875802645005,81.96774802226608,1.0,0.0,0
94,"[0.7520287741702865, 0.766120511155572, 0.5059293463650137, 0.3583896095030996, 0.3826780057499013, 0.5808361596792873, 0.6859058569184292, 0.2544535299271289, 0.9655404782696241, 0.0]","[0.9553817452438045, 0.32641834808627335]",-45.282997131347656,0.066,2696.004821624312,75.3176613402157,3.0,0.0,0
95,"[0.34728077936918644, 0.5907960406965266, 0.694762297635192, 0.34493445440053583, 0.6300552909332215, 0.46831167347109814, 0.3973265160215585, 0.8402703415975679, 0.5835367542086527, 0.06325918841579888]","[0.8642158926794825, 0.34561291407354106]",-27.346620559692383,0.075,2362.4079397849964,59.92030859075652,1.0,0.0,0
96,"[0.6323232226748753, 0.46425354812731884, 0.5388174029843157, 0.4578265541271063, 0.35092397656533597, 0.33401554201428174, 0.5189399079554546, 0.4308815860668416, 0.9912431677945994, 0.0817902991993104]","[0.624082354436261, 0.7635560164873036]",-40.760643005371094,0.073,2003.3839955450094,59.691146664949,1.0,0.0,0
97,"[0.7144938209778694, 0.6530369097490704, 0.35904204128136114, 0.4976635126207245, 0.5752991313555843, 0.5755138056351452, 0.2579046843965317, 0.3504595093383031, 0.271478457266459, 1.0]","[0.0, 1.2159283916382797]",-43.95225143432617,0.066,2833.6730898170854,-7.939380458655364,0.0,0.0,1
98,"[0.6899103143980905, 0.7436563658629209, 0.7157265869552271, 0.47923748356089396, 0.6033879768830985, 0.40820377532709023, 0.31471549926813996, 0.6022842415446467, 0.6386148375072105, 0.9351784025120962]","[0.8022037841510362, 0.8021899375446825]",-30.46790313720703,0.013,1666.4703987870396,72.27441260059979,2.0,0.0,0
99,"[0.31786758057972725, 0.4435018959686142, 0.44646867264156653, 0.6066802710393174, 0.4758488214085305, 0.6896684015525615, 0.20313041356657818, 0.5071356691243891, 0.3368748305158705, 0.5967064639751084]","[0.4080818010588509, 1.036510397032613]",-16.690567016601562,0.1,1801.1889623604113,94.8912026807312,0.0,0.0,0
100,"[0.48192450344579507, 0.8996470520413021, 0.48269128952807294, 0.44486359823167454, 0.6353415609228007, 0.004568684674529667, 0.50685356597103, 0.5866349695526281, 0.9608482995602835, 0.21370439427572355]","[0.5029524340116707, 0.5078606003199239]",-47.375362396240234,0.025,2390.1669152725312,-180.28460619536708,1.0,0.0,0
101,"[0.42092562434997743, 0.553409302251491, 0.3552309748973881, 0.7029651023625977, 0.570876222546103, 0.16977964881170904, 0.6378545853721198, 0.4439223519428948, 0.7972851882742736, 0.2979537713613554]","[0.6005318685796758, 0.7783213550282276]",-31.65202522277832,0.067,1645.4553942071868,-76.77301068132789,1.0,0.0,0
102,"[0.6151394679359801, 0.8465629886826073, 0.4156765918979491, 0.42375751492798047, 0.4540491401785171, 0.3504537599793269, 0.5540533493449179, 0.44847086163742655, 0.9786682917279275, 0.2607535327983663]","[0.5065225889073124, 0.8352233665438217]",-25.82928466796875,0.035,2078.48676247978,-55.298011944582186,1.0,0.0,0
103,"[0.6127644528759383, 0.413770714668164, 0.6360301055750364, 0.5430241275790548, 0.513690429497831, 0.6703674957363298, 0.22180589590238942, 0.4073282270086902, 0.5072764717391209, 0.9235882099493216]","[0.43378319449446867, 1.1518989849065546]",-38.818878173828125,0.035,1862.0144234492027,24.456409705526625,0.0,0.0,0
104,"[0.8501027005651411, 0.4731102732929952, 0.4054822367173359, 0.9988181076126135, 0.8230298661537613, 0.3533857432474194, 0.3211725877100304, 0.7517592735537143, 0.6506996190002082, 0.4756483347975786]","[0.43359199773836654, 1.0520174847361565]",-20.71408462524414,0.04,2481.822141364909,43.295224222760226,0.0,0.0,0
105,"[0.4297403609136092, 0.5393639974759432, 0.41498011158208625, 0.7917634302042165, 0.48558757092784854, 0.45619687827148475, 0.43604802950400945, 0.3273302904060877, 0.7987514759445624, 0.16235854062826696]","[0.8644085488109199, 0.5410783869403458]",-36.52524948120117,0.035,1716.525671549723,66.23529417647993,2.0,0.0,0
106,"[0.4031777804553245, 0.47606548342003013, 0.5790084940147763, 0.4104988467972654, 0.5227964987716959, 0.041898504090012494, 0.534054808859934, 0.22869563212955396, 0.9229316152059063, 0.2308099698394497]","[0.5141651032558714, 0.5710523620366958]",-37.09921646118164,0.04,1677.6729411791819,158.24802893480432,1.0,0.0,0
107,"[1.0, 0.7321692195143059, 0.5400280763330758, 0.3967220136500043, 0.4739994952225807, 0.11714982221470331, 0.6235022004975945, 0.3448138450465146, 0.0015992890142895325, 0.5065791519330278]","[0.6162824368600538, 0.5961976239003409]",-33.35932540893555,0.041,2245.140469891267,-39.20047257881515,4.0,0.0,0
108,"[0.5631596981355478, 0.7936026924183387, 0.5798100534307894, 0.783515326346688, 0.3981230578157566, 0.5921350769263011, 0.15978783269877417, 0.3827757367079614, 0.5903995896125503, 1.0]","[0.5937637112917639, 0.8995323337882686]",-46.004093170166016,0.041,2113.5593594948964,-98.0304966918905,1.0,0.0,0
109,"[0.505482470567397, 0.6713037477592548, 0.39779788517218706, 0.8068743379021954, 0.3979832550079757, 0.3683312259405015, 0.28913736702417436, 0.5848943579731168, 0.735623109203913, 0.23181837719848267]","[0.3895737926628463, 1.12919871639537]",-36.690765380859375,0.041,2632.817909692761,-37.59375465078983,1.0,0.0,0
110,"[0.6493502513044671, 0.5396397086086538, 0.4977340292354729, 0.7766938242329118, 0.45739309388555593, 0.38716658507431345, 0.8039085576564572, 0.3359092168582436, 0.5895871668048726, 0.4346333543579859]","[0.7413810126729453, 0.6064536061224284]",-8.332783699035645,0.017,1376.5448306548644,74.25471631367336,1.0,0.0,0
111,"[0.4242393233734216, 0.604781672971208, 0.36429827930011394, 0.8960986652199332, 0.5346416861100806, 0.2890064085019177, 0.622357312891492, 0.3312876473800061, 0.4316990282197457, 0.817529471806515]","[0.2761698270126414, 0.7995432213560393]",-22.105016708374023,0.063,2109.2566680280797,129.7465711277988,1.0,0.0,0
112,"[0.9966344549342236, 0.5320301946229913, 0.8227396395667156, 0.5034342498394295, 0.5805792645452311, 0.6944405286002724, 0.603624322610324, 0.4035530126044914, 0.6215552172554413, 0.595107061963891]","[0.9620206075402945, 0.35139390146263516]",-27.582670211791992,0.011,1465.7119359733601,195.7460555444253,2.0,0.0,0
113,"[0.6671716605424819, 0.5320636414887204, 0.6823229257934433, 0.5753631022174046, 0.43119399692889415, 0.36020381712188243, 0.1814090510021797, 0.41831440472004516, 0.44372339500656477, 1.0]","[0.2624624209866911, 0.9074358322643107]",-31.80771827697754,0.03,1909.9018023072283,151.91213440674596,1.0,0.0,0
114,"[0.48562922201270786, 0.5546704149494602, 0.45597243434866364, 0.6857148755138759, 0.49128475024626206, 0.29919628038290846, 0.3874090215833044, 0.19451726551829457, 0.943395141052987, 0.13973043273220256]","[0.5172695619156761, 0.6145970798623719]",-19.21758460998535,0.019,1476.1174149192211,143.36616382859256,1.0,0.0,0
115,"[0.5513972653421669, 0.37080068598199334, 0.9764204327754429, 0.23978650613983082, 0.5845386476244294, 0.33174933991810246, 0.1202259985066182, 0.6946291864414518, 0.8269539462172403, 0.5785679034393808]","[0.742703517650841, 0.8104211803456024]",-50.26858139038086,0.209,2489.256101526916,-163.05191833672308,3.0,0.0,0
116,"[0.6073442347997388, 0.4460590751016529, 0.6227070314465856, 0.4415632915658796, 0.5414649378718489, 0.12993744596211235, 0.480136307713464, 0.28684674724643905, 0.8107060958809492, 0.40789249184353965]","[0.37568398176607115, 0.8464321901666694]",-17.308612823486328,0.026,1381.0810955939094,52.548243407268046,1.0,0.0,0
117,"[0.6492331524850472, 0.440720350806749, 0.9192090302507366, 0.3476434738406087, 0.6794419334196748, 0.34741064934656796, 0.5453974349327338, 0.7950136510581147, 0.3909775322914985, 0.40577142664702004]","[0.9116683292141694, 0.29305981379263957]",-28.799022674560547,0.074,2063.096823004637,142.47495971131525,2.0,0.0,0
118,"[0.7044587503420402, 0.6949738371276446, 0.943746467596209, 0.26654442984461285, 0.674926708318447, 0.36930577970199674, 0.5409433541780921, 0.20688586306514897, 0.7952194986943137, 0.5586869407825333]","[0.7817526197770701, 0.7253604551908222]",-42.87297821044922,0.162,1929.6146364066713,207.3809985448167,2.0,0.0,0
119,"[0.5426811652491318, 0.5258589543909666, 0.4062453906753399, 0.6335687397883003, 0.5158609475137985, 0.40533684531973924, 0.24061820181914806, 0.43027013179124557, 0.9101202241064222, 0.20085658612221396]","[0.4014054022350102, 1.1093483764697027]",-28.23940658569336,0.039,1940.1439680908284,183.66844299889723,0.0,0.0,0
120,"[0.7878573676259859, 0.7109490305467452, 0.2584299456391332, 0.22158369471834055, 0.6600040551095184, 0.23934316270888398, 0.35269738247104093, 0.8874309305448502, 0.7121569041806967, 0.702625764330619]","[0.4146805245433046, 0.6653709279345636]",-38.087371826171875,0.243,1860.8557420501022,23.698930681989765,2.0,0.0,0
121,"[0.26410786451341844, 0.45512244096401205, 0.5031972776087197, 0.41458079655138025, 0.5282694204698446, 0.3282886584505959, 0.697274229034324, 0.1549541127630538, 0.5364978814215094, 0.24428768301790107]","[0.5635245797869736, 0.6240593144036979]",-12.385590553283691,0.164,1539.1383006912347,97.35949448079356,1.0,0.0,0
122,"[0.4519677672021512, 0.46347522501117305, 0.38382926973850184, 0.704674592830309, 0.6552487925395395, 0.3420942151243888, 0.28878027505478016, 0.4541105083015654, 0.26479095455814317, 0.25996389174788875]","[0.34778838579626226, 0.7286533828275634]",-9.943412780761719,0.052,1176.8884643666506,169.2325723991484,1.0,0.0,0
123,"[0.4266360928153402, 0.3939546017826358, 0.40856762189605694, 0.6330693089251722, 0.46530130648779905, 0.36950150884096716, 0.6845515323416088, 0.3104081618907547, 0.746284288340045, 1.0]","[0.698301608102736, 0.683555607829263]",-36.61918258666992,0.042,1700.2434549501559,149.01109922726954,1.0,0.0,0
124,"[0.8120423382566339, 0.43067126269898715, 0.6960495939516829, 0.4587181898318083, 0.6340770608747918, 0.5897621716107838, 0.4306666425461868, 0.09037121159859891, 0.481210195033403, 0.8376702008786694]","[0.9174249485267222, 0.39402533165075176]",-28.436664581298828,0.03,2217.7859953384436,155.6612747423116,1.0,0.0,0
125,"[0.45836458458872514, 0.5168638430020374, 0.4675698054272845, 0.683651634538401, 0.4160948334817414, 0.4937600958106216, 0.6457366680662971, 0.4390773069235941, 0.7725647310167917, 0.09678719921207106]","[0.45270883311497156, 1.019986667155884]",-40.760643005371094,0.034,1854.0233077653363,159.58063585861072,0.0,0.0,0
126,"[0.49438720361693184, 0.358065411527206, 0.4118646304046675, 0.3282133259397773, 0.46915272789599727, 0.0, 0.7275482395335691, 0.1593205739991651, 0.3198597524013913, 0.0]","[0.42235063900575176, 0.15639539733436147]",-13.367457389831543,0.089,1315.278209456906,209.94296103970441,2.0,0.0,0
127,"[0.9946421333867, 0.43894082405009766, 0.6472162667982805, 0.36080701483785205, 0.6590951494438148, 0.2256224557159266, 0.5065408178333305, 0.9661772773023667, 0.0, 0.16897898312470006]","[0.14488274121125952, 0.6455403112740591]",-30.45395851135254,0.065,3193.3135515573395,-315.15161951513744,3.0,0.0,0
128,"[0.49159704888498224, 0.5484308371511091, 0.9505028921650123, 0.2433152664922869, 0.6830169922487799, 0.2943533813387973, 0.3068888279192899, 0.5316797319393145, 0.8609299163628678, 0.5771148908000938]","[0.37855204993600494, 0.7750513691467468]",-32.006202697753906,0.201,1924.5702946217064,155.00130061507915,2.0,0.0,0
129,"[0.5035195904267938, 0.7752570902102653, 0.47800226963581094, 0.6359181784303605, 0.499148551458067, 0.3778325517462825, 0.2741785665772237, 0.4688318887879477, 0.7226712257728762, 0.07568034273092533]","[0.49083934905438464, 0.9836854041298443]",-39.0341796875,0.013,2141.8186988382085,94.48602916455619,1.0,0.0,0
130,"[0.4116360925188165, 0.6771709677112393, 0.5995867768845886, 0.6117857371955535, 0.5680379737189165, 0.37732976920361117, 0.5512453239962953, 0.610910572379604, 0.6435245137591652, 0.0]","[0.8737489161525986, 0.2639168393582779]",-29.51827049255371,0.036,1974.1676954429925,193.96601677026976,1.0,0.0,0
131,"[0.8506366863566358, 0.47196915590555283, 0.40567803426379623, 1.0, 0.7565610110761144, 0.3715007345492741, 0.280548285533911, 0.7439562977384951, 0.651878224269867, 0.4853884874838052]","[0.42749797281748186, 1.0342306814539974]",-20.71408462524414,0.04,2533.7167698980434,5.805539048871623,0.0,0.0,0
132,"[0.4381426596293436, 0.3413082016970868, 0.31035770051393097, 0.454433619851463, 0.4552480473458116, 0.6514246473661498, 0.45517892528767956, 0.3413269114149495, 0.8150295037586354, 1.0]","[0.38675285596621134, 1.0966927239059903]",-29.606393814086914,0.104,1341.1556867533486,55.36203469697341,1.0,0.0,0
133,"[0.7406469641168297, 0.5711355974626838, 0.6439820734951961, 0.44418865249910505, 0.602027192082887, 0.43973936740863234, 0.4284529761951418, 0.08978088670600098, 0.9904582294197061, 0.09051502833355302]","[1.048946651255048, 0.47403281245188067]",-20.09718894958496,0.025,2395.9101573907287,182.06519259168874,0.0,0.0,0
134,"[0.5620378311355505, 0.45286310705343874, 0.580332343998784, 0.46012290152168794, 0.45423424907311927, 0.7928854351716278, 0.564474044483374, 0.8699836354161011, 0.9780402846856094, 0.33509618932624113]","[0.8841875848433572, 0.3345833928514355]",-19.66545295715332,0.021,1922.269905249506,119.93629371866933,1.0,0.0,0
135,"[0.9315702297787969, 0.5720918952606201, 0.8421682056969212, 0.4022043081016081, 0.6722670153381363, 0.7912753569703499, 0.8459449912137884, 0.7715349881903547, 0.7025981580303835, 0.6157784794295815]","[0.9470311624777192, 0.2380590289222061]",-17.087438583374023,0.04,2104.0394667439787,99.4090760830035,4.0,0.0,0
136,"[0.4312765718792553, 0.46504333001531206, 0.2541992471868421, 0.7054797953437498, 0.4486697594243942, 0.5511274072521815, 0.5373516611922706, 0.3789447415384702, 0.77814121301853, 0.25847281457384313]","[0.4253575166333888, 1.0183925407933803]",-26.35762596130371,0.18,2035.8729411073684,191.2194627423929,0.0,0.0,0
137,"[0.6879943743062453, 0.34306928190160874, 0.5136487667401707, 0.3556570219151148, 0.39304477978836516, 1.0, 0.7360184965267851, 0.032946164635197776, 0.8312096878627321, 0.6062743518633953]","[0.039155075849189556, 0.5181219333920859]",-23.030500411987305,0.075,2597.2739801142066,91.96849519162086,1.0,0.0,0
138,"[0.6655489857258193, 0.47471676169781435, 0.5313330975667978, 0.3687019203695838, 0.6818386328447916, 0.27527582480588025, 0.6332896561904197, 0.5433853891706159, 0.42160203190360396, 0.1380940913162989]","[0.5389436387743405, 0.6461405397540078]",-26.38834571838379,0.062,1349.461020956776,74.92530646180668,1.0,0.0,0
139,"[0.4517985892987091, 0.7504461797408241, 0.48159145028915656, 0.37401369910355103, 0.6376507692351858, 0.4122039184157002, 0.5367559078032108, 1.0, 0.7880969401296019, 0.8642487141912842]","[0.3853099235767193, 0.4671370814976202]",-31.278921127319336,0.06,1959.0986017971861,-92.73043806575981,1.0,0.0,0
140,"[0.5810696680261914, 0.773729265631525, 0.5388998640263952, 0.7265373478999205, 0.39506430887010796, 0.43717146472383905, 0.2307183081306378, 0.549753102400032, 0.7783217690960899, 0.9895312889805977]","[0.754985136424488, 0.8267181499121152]",-56.10875701904297,0.042,1912.4949865407793,51.63485794451097,2.0,0.0,0
141,"[0.289382383720987, 0.4063263502777304, 0.36245793447473673, 0.8158435026616458, 0.2493433525451604, 0.1714314966704321, 0.3912795338366598, 0.4361966971193818, 0.5036289784187574, 0.0]","[0.3820331244536648, 0.7754913169679277]",-33.21443557739258,0.194,2087.236272507265,147.3589386012567,2.0,0.0,0
142,"[0.7680809777262247, 0.5883973260483435, 1.0, 0.6658622928859825, 0.8148486458521426, 0.40280768457991833, 0.6218609494517449, 0.2819312086245094, 0.1683475578899895, 0.21897874017565164]","[0.9016634083365279, 0.3889153401681135]",-32.32304763793945,0.007,1516.6100018982397,-10.254937371578592,2.0,0.0,0
143,"[0.44330729020165927, 0.5765097186932241, 0.5569681420831696, 0.7058626268795942, 0.5070548621738941, 0.6412148102586853, 0.18659500623865694, 0.3475842638213351, 0.9206822436506981, 1.0]","[0.5330820387699577, 0.9408424266663307]",-29.323835372924805,0.026,1713.9876258844638,-18.28219968402675,1.0,0.0,0
144,"[0.2518328684192856, 0.8002849217039062, 0.7138944704293237, 0.4136173131160819, 0.6580417165239109, 0.5556226796007533, 0.14969387453451521, 0.6832789233577566, 0.3704780469933795, 0.19705246462631862]","[0.7317477484832056, 0.49911064632823826]",-40.19224548339844,0.186,1985.7184956400154,2.1360594782532587,2.0,0.0,0
145,"[0.663198535692545, 0.6070066898883392, 0.5967969988772734, 0.4963338969142151, 0.6533451801657183, 0.09085586791759317, 0.45106480028194534, 0.24612301830825029, 0.0, 0.1733241308757866]","[0.45598937720351157, 0.34499182112252286]",-25.783435821533203,0.012,1203.0403771819995,113.57668539836271,1.0,0.0,0
146,"[0.7905366169602656, 0.5637354033890136, 0.43182396237150833, 0.34774370135514104, 0.4191368014320864, 0.5196372785110603, 0.616809958477236, 0.48893939731848607, 0.22158695418177948, 0.8737826694657609]","[0.39396938375877566, 1.0508846286622309]",-22.753917694091797,0.074,1974.0848757766746,-54.189999363003835,1.0,0.0,0
147,"[0.8464860499668951, 0.6979982574559929, 0.7378673617782112, 0.4900818586908933, 0.5117200881998577, 0.3789880590946842, 0.14038071878627476, 0.45327350707724706, 0.9141343220754395, 0.9931698511928007]","[0.7975622780312045, 0.8634322120715944]",-20.00310707092285,0.012,2034.4559751286704,115.42794389388607,1.0,0.0,0
148,"[0.6132090627421253, 0.42437736557307915, 0.9225568539356309, 0.3305912892219123, 0.6442357347159776, 0.6455382900488026, 0.30643988779050085, 0.34073733390426814, 0.4908623795831284, 0.9534614027652183]","[0.509970394150599, 0.9625165175722034]",-64.58324432373047,0.086,2345.6583647666753,-92.82937588738275,1.0,0.0,0
149,"[0.5305107380051015, 0.5277540170427188, 0.6710650864732811, 0.8036328684344414, 0.5725783926890432, 0.2764459944554969, 0.23793057216276114, 0.10019906620074887, 0.0, 0.0]","[0.4601974453743335, 0.43170477135549484]",-20.012178421020508,0.009,1190.8059270579165,187.6440574215901,2.0,0.0,0
150,"[0.36139477714945195, 0.45023705535652114, 0.3956656212773465, 0.645564838750159, 0.44233318343444405, 0.22138840617556563, 0.49590355464309427, 0.3660023305541928, 1.0, 0.2003330079824269]","[0.3204845438008771, 0.8472738222241739]",-34.62774658203125,0.065,1844.7835709088288,112.6142889654613,1.0,0.0,0
151,"[0.7394352596754653, 0.39628272164682143, 0.5539872496651074, 0.3466333052370494, 0.5614480749370775, 0.5714841715655117, 0.43987448972169846, 0.45379778204025284, 0.23318928725461785, 0.9952785212975508]","[0.48680064693420316, 1.000351026466873]",-40.88117218017578,0.074,1874.9714456221704,-11.860626812296971,0.0,0.0,1
152,"[0.3534468652995349, 0.9378586325947502, 0.7096920892123493, 0.6746384638194715, 0.5554760010845821, 0.5258681068984925, 0.18645094844761606, 0.46156978051360864, 0.8961822974554939, 0.4494955175165908]","[0.8936535142417888, 1.1305897138226857]",-35.34512710571289,0.068,2474.840613896346,-5.810821571382121,2.0,1.0,0
153,"[0.6666609119973481, 0.5332750994371567, 0.6116839273238851, 1.0, 0.2934881155713566, 0.6941177499041707, 0.405947455024773, 0.33012993869775253, 0.6749021004969691, 1.0]","[0.4487519346858946, 0.9414175065194599]",-45.62812042236328,0.124,2093.4158266024137,70.21867418854916,3.0,0.0,0
154,"[0.5961786186400094, 0.6412813428940941, 0.3314063583553025, 0.9818286611879153, 0.22090121895169348, 0.20676826464741424, 0.300041179724099, 0.7257602738584594, 0.8910573248398167, 0.9129983643526969]","[0.11136413269502533, 1.1001500113226785]",-40.756324768066406,0.243,2892.5099584625054,79.3259514024295,2.0,1.0,0
155,"[0.5794970638163311, 0.6843046093184536, 0.9199813311001803, 0.40758796681606047, 0.7759886923846634, 0.7828261047638431, 0.3643200567967017, 0.3600663283523053, 0.43588611818669826, 0.9742013980349848]","[0.8387760853542882, 0.48450280607634694]",-46.32359313964844,0.038,2152.662188298561,-140.8545821179622,1.0,0.0,0
156,"[0.5613069971499952, 0.4663769599577451, 0.9447358816020558, 0.5092442514756962, 0.5747344769954306, 0.7085832610946371, 0.41465299894888036, 0.4566502059584549, 0.5180045605648507, 0.9639352365528555]","[0.4176932627374088, 1.2041304613831696]",-43.93595504760742,0.015,2153.1868162810892,65.52018586454923,0.0,0.0,0
157,"[0.5289403159087854, 0.4938616753567489, 0.941751368936892, 0.49645287307501, 0.5430670583850823, 0.5236872554641334, 0.5468891745169612, 0.49627208880904244, 0.2223340882586693, 0.9965916845789805]","[0.2251586759135935, 1.0557694229715293]",-34.81779098510742,0.012,2557.6961941555232,181.90473359442993,1.0,0.0,0
158,"[0.4289383942916104, 0.4551620547427134, 0.3799636669808848, 0.7458338164222695, 0.7516799217316069, 0.2627840684956313, 0.5674803217035561, 0.5209527625533625, 0.8315551972018602, 1.0]","[0.29451987499083915, 0.8087219488319317]",-48.38675308227539,0.054,2003.8080216461694,104.62053049837073,2.0,0.0,0
159,"[0.5805524405969698, 0.4888805487934267, 0.9079712854067017, 0.4884639176091447, 0.563138246299553, 0.8134147725397718, 0.4014476731810585, 0.40523503649128806, 0.5800152331770934, 1.0]","[0.5835664090352611, 0.9854835480212564]",-46.96977996826172,0.012,1742.8848433323603,-45.61043392294164,1.0,0.0,0
160,"[0.6263860800164444, 0.6933182889863421, 0.47810883296365053, 0.6598689947608382, 0.49414113842004687, 1.0, 0.1147042997569223, 0.5052676792583609, 0.4947291240023454, 1.0]","[0.42371870906005266, 0.26636952718653933]",-28.542800903320312,0.013,2272.7203098626924,31.593968088364136,1.0,0.0,0
161,"[0.5644970795499354, 0.7643922845028001, 0.41964030320642565, 0.49130197688036503, 0.4396434311617092, 0.46149750798813827, 0.5233464406254185, 0.7798537843050438, 0.637258725955789, 0.11143100476086965]","[0.5434296182885409, 0.5724075546700058]",-27.23592758178711,0.034,1560.9790960306698,-13.979514494180705,1.0,0.0,0
162,"[0.619481406626843, 0.5207797334250045, 0.8259444826398786, 0.35927887624636595, 0.6535549326278612, 0.6348256528192614, 0.2556153430789815, 0.558479063825204, 0.6583206941245213, 0.920681645245855]","[0.44405459536843955, 0.502639750738655]",-49.686500549316406,0.066,1939.300660248298,-114.87431353927627,1.0,0.0,0
163,"[0.6291438103788373, 0.5882073218552626, 0.9086180274534614, 0.3517902943247546, 0.6698369893879926, 0.5771573296943501, 0.29537019668843245, 0.43823445542001394, 0.6782978283007882, 0.8818712163291371]","[0.45986656551733546, 0.5268012161725225]",-39.53086471557617,0.07,2078.073843101494,-222.57045733997722,2.0,0.0,0
164,"[0.4284500331910495, 0.9347352030544965, 0.4586576380413089, 0.6932636496801181, 0.6710738608392214, 0.3402141441005346, 0.26120029680937307, 0.4357184717263667, 0.7229121549944058, 0.9224987170287055]","[0.651351873840855, 0.5373447978840635]",-44.50474548339844,0.031,1841.2406088152145,85.05543738235099,2.0,0.0,0
165,"[0.6789075926142948, 0.333446272099474, 0.7696275926613632, 0.3084443697810248, 0.606502164078166, 0.025409592494689756, 0.996399301247893, 0.4222993104836976, 0.8199181113508767, 0.0]","[0.47446397452200006, 0.7495043726285378]",-28.611400604248047,0.104,2138.4829206971694,124.11033717208052,2.0,0.0,0
166,"[0.47575416529107517, 0.8682322978710729, 0.5004636922160873, 0.6700573164133654, 0.5809099473479338, 0.4004062018852214, 0.27811067225114705, 0.6856328331361259, 0.7107353275868924, 1.0]","[0.7355630739452972, 0.676161889036744]",-31.679359436035156,0.013,2075.956723032287,-33.73270705088481,1.0,0.0,0
167,"[0.7101963869890824, 0.45511291576456275, 0.5760523314329233, 0.48151292459652634, 0.9713672411586468, 0.41632856702728954, 0.1377777412989338, 0.1105423377926017, 0.07228536099095965, 1.0]","[0.6913987638572497, 0.8112818884914379]",-55.151702880859375,0.019,2065.8967036892163,134.31264793502186,2.0,1.0,0
168,"[0.3153128966936449, 0.5061139741262755, 0.32405142544621934, 0.8060639008121152, 0.500241166954287, 0.4480782298626153, 0.504828655644404, 0.426011651636421, 1.0, 0.5655637251018082]","[0.5449323800271246, 0.9424749580543912]",-43.25852584838867,0.1,1550.1296748079335,212.44397455951227,2.0,1.0,0
169,"[0.5459431100165014, 0.5222406314704479, 0.6729596029376014, 0.6815354774898424, 0.518517572848865, 0.7443123401473369, 0.2987316059075637, 0.4058845861524773, 0.5479662048591784, 1.0]","[0.5305372933191995, 1.001028636819136]",-27.589176177978516,0.01,1391.8194905984271,14.768708816115662,0.0,0.0,0
170,"[0.37342131906937126, 0.563393276834453, 0.4791351508978959, 0.5749752307779684, 0.4495097365767234, 0.0, 0.34846384972196287, 0.5091191333290845, 1.0, 0.33793388482861997]","[0.25322803838602803, 0.9608562327941049]",-31.455570220947266,0.06,2431.2456371783983,61.386376137056544,2.0,0.0,0
171,"[0.6439499024166409, 0.5102295585456185, 1.0, 0.6796543228260377, 0.5806326588915415, 0.7379784698716407, 0.3926446244902481, 0.3495247082210236, 0.5724195795173987, 0.8591690504993954]","[0.771367025218197, 0.6501375015417817]",-16.191864013671875,0.011,1727.345723100928,24.112014371488414,1.0,0.0,0
172,"[0.6738895301034227, 0.5330279135494046, 0.7305432768171013, 0.486779153361551, 0.45728791924946616, 0.5096210116183078, 0.4094223765808535, 0.09230231978892033, 0.8937732686376693, 1.0]","[0.6927660681889398, 0.5558406789093088]",-38.40175247192383,0.017,1837.3119815976079,68.26099224438053,1.0,0.0,0
173,"[0.8974920090934579, 0.36287516302334943, 0.6233104927334787, 0.3892464467307215, 0.42938095248161556, 0.1389470885969897, 0.8831067966512007, 0.12310101088147832, 0.4258414545077504, 0.0]","[0.5395735787377925, 0.3982358576300508]",-35.27395248413086,0.065,2337.9787061334778,-130.83108480368497,3.0,0.0,0
174,"[0.3282432399962397, 0.38361103975079736, 0.5078839369891065, 0.6944737281979372, 0.35064078440859187, 0.9230795403327504, 0.7459950430789178, 0.49873554832304773, 1.0, 1.0]","[0.5038645055708256, 0.6106720720908331]",-33.32308578491211,0.089,1504.1994844492117,118.47639884416733,3.0,0.0,0
175,"[0.3475442890533158, 0.9111764897845988, 0.6066964953297669, 0.5947019383604821, 0.7132828490974492, 0.3588355675816176, 0.5914832235537524, 0.7706814076038467, 0.637933399623493, 0.4848862694420195]","[0.7576130761597096, 0.6209505068538802]",-25.828750610351562,0.074,1615.5755597111972,29.85422889364304,1.0,0.0,0
176,"[0.5132308246470983, 0.47460653663617347, 0.7890766473548995, 0.38889395942512806, 0.63133119076366, 0.7171221596314503, 0.4579715892485185, 0.6081594304538108, 0.48499394792570194, 1.0]","[0.6999780947817915, 0.5862289556053608]",-20.905357360839844,0.046,1625.8726028908375,102.21596821154051,1.0,0.0,0
177,"[0.7297119441702016, 0.5709786097959033, 0.3718895469734799, 0.38470965607558444, 0.9002867508090149, 0.42064125425674664, 0.18371983108973686, 0.19211203783395114, 0.906173786023907, 0.10762880521067428]","[0.4254192734374459, 0.4815928937685273]",-32.68394088745117,0.061,2572.220810973377,-80.10645020266628,2.0,0.0,0
178,"[0.5281970662270297, 0.8498144379766641, 0.4448513058613657, 0.6721112261708378, 0.38933353287049016, 0.19932826647142432, 0.658345025624352, 0.3751192827174726, 0.6250296024057125, 0.03548311998036608]","[0.6570352043932409, 0.6917465885861562]",-42.58428192138672,0.046,1660.5030330281286,-49.32897833612776,4.0,0.0,0
179,"[0.5949331757450194, 0.39093035500648093, 0.8493961363071825, 0.31186382347491703, 0.5913621133795416, 0.707857100220244, 0.25038842489082563, 0.4580826822478124, 0.7673728469554473, 1.0]","[0.5369048282073933, 0.8285444284330677]",-39.08803939819336,0.102,2340.7683361888603,-230.09239808471335,1.0,0.0,0
180,"[0.3276402302277768, 1.0, 0.7267161055828938, 0.8099817636074932, 0.661031663685573, 0.1675699360435668, 0.22075157180226915, 0.13083434318370019, 0.8454291526210896, 0.4295135932132922]","[0.5432288357550564, 0.6098388580724151]",-39.97239303588867,0.091,2609.2462281753897,-227.4891366357241,3.0,0.0,0
181,"[0.3802912970104692, 0.5262196341388519, 0.5041406974349524, 0.3938216327229764, 0.4274895403514092, 0.6832050163852574, 0.3069706257365938, 0.49844209604112566, 1.0, 0.7787153708111514]","[0.45803879607236947, 0.8047821897344631]",-21.159788131713867,0.054,1278.9469059188548,74.44191106909773,1.0,0.0,0
182,"[0.336734202665286, 0.5584537423752916, 0.3066034114007766, 0.7264187554682413, 0.6057218011016723, 0.22162498530165517, 0.3439288577862721, 0.37498736465886745, 1.0, 0.34758634090177865]","[0.3635564276917556, 0.5269262676422137]",-36.38493728637695,0.107,2025.6332087736125,172.985205221596,1.0,0.0,0
183,"[0.6872411465987929, 0.5297842818724521, 0.8164273243258986, 0.3999502853237458, 0.5353301765106123, 0.6259303912331614, 0.5978349851216822, 0.08826768928363209, 0.7274954224387088, 1.0]","[0.6101328979562834, 0.8146300157207622]",-33.89713668823242,0.041,2166.8763802591952,-14.570318304020418,3.0,0.0,0
184,"[0.46978408293225454, 0.632806663781529, 0.8195153830348082, 0.4853809690953509, 0.4436730685090666, 0.3388870832873041, 0.42753217844310576, 0.2343827648887503, 1.0, 0.020718877329397468]","[0.549632705085262, 0.6263105226815341]",-51.98487091064453,0.025,2280.1312165462255,-57.2716626702142,1.0,0.0,0
185,"[0.47621254826576703, 0.9061131414197989, 0.8899842655947501, 0.35049873934130377, 0.7913214477897857, 0.5283807505025352, 0.10332129100980693, 0.776979930211544, 0.8163917543247211, 1.0]","[0.6075392022467496, 0.8260648562462953]",-39.437294006347656,0.074,2788.2084029097305,-154.44500005654612,4.0,1.0,0
186,"[0.41857808830846094, 0.570354910311961, 0.7875169760479195, 0.5146798581342046, 0.42593163450238136, 0.30316135587917087, 0.6106275997419278, 0.430654535688695, 0.9962387118594046, 0.16318411386441017]","[0.31530453346716797, 0.9117584278997531]",-27.265968322753906,0.034,2285.3900386816094,18.385229422028914,1.0,0.0,0
187,"[0.41527089028381114, 0.8943658983987874, 0.4791085745586633, 0.5363147477228241, 0.463589876167767, 0.32833648787108854, 0.3651557321184402, 0.6366605095739819, 0.9726047406443231, 0.09131374838258202]","[0.6164842722082265, 0.5835690880273497]",-43.50351333618164,0.035,2330.415031220867,-151.15882294723906,1.0,0.0,0
188,"[0.5372354557968516, 0.48786687269192075, 0.5404480843414435, 0.5367491123492909, 0.5031499101488675, 0.7395205241078426, 0.2498388935558058, 0.3612982909698271, 0.7656532427812331, 1.0]","[0.47065891148089795, 1.0934160868465614]",-34.26934814453125,0.012,1438.753837036873,208.43836256490601,0.0,0.0,0
189,"[0.46160584398133103, 0.5102909824728078, 0.3069658067495249, 0.6763662829795032, 0.743200421397159, 0.5133758931841281, 0.3714901043418163, 0.7035870959299598, 0.9800523241228544, 0.015076998562115541]","[0.4195025583236403, 0.48761395169185423]",-36.370689392089844,0.107,2212.4142128019516,1.9923903869577089,2.0,0.0,0
190,"[0.5611531972255783, 0.7939534672914007, 0.6567747786672051, 0.4017529508303831, 0.7985485601979636, 0.5992833022139672, 0.5343124002039429, 0.37603786685217466, 0.00018035963830800606, 0.7724361850180372]","[0.6724735483943203, 0.4814743045380841]",-26.96647071838379,0.04,1822.5357124400964,-97.0779248739554,3.0,0.0,0
191,"[0.4730926307640628, 0.41181631853166945, 0.3571070674994941, 0.5647438382790049, 0.6829006216310842, 0.8221339749276484, 0.25097024434757514, 0.47943082367720885, 0.43214168083295845, 1.0]","[0.4662931941652817, 0.9678040439623259]",-41.20651626586914,0.066,1957.4600917285609,-102.91933602107127,1.0,0.0,0
192,"[0.5555459171240462, 0.9095219256725057, 0.49143086232984967, 0.5189957432238502, 0.5223892492027782, 0.005007967775891225, 0.4848294320636333, 0.42036348013595576, 1.0, 0.0]","[0.5793071705482774, 0.423901357995024]",-36.71855163574219,0.012,2426.7801738331364,196.11266591240422,1.0,0.0,0
193,"[0.6224598620551242, 0.6724942600444914, 0.3453516673399532, 0.3721328585561794, 0.4212530759917006, 0.41726675507133854, 0.5482501590244183, 0.5402318544304443, 0.8278532741514704, 0.06034274679130585]","[0.8477256360560759, 0.469278797522221]",-35.68606185913086,0.075,2223.6114981297983,18.311580343266257,1.0,0.0,0
194,"[0.6212406519209812, 0.8952726063449851, 0.36230001923370814, 0.8151578934066323, 0.16992062898136162, 0.3510174668629606, 0.5788007087947812, 0.3658232970611344, 0.9026861020937129, 0.04397186379094547]","[0.6458936519229914, 0.665444683658111]",-50.12440490722656,0.409,2508.568504466052,-180.26830171971278,3.0,0.0,0
195,"[0.5941020756708486, 0.5315777868540048, 0.9224896401827981, 0.5072288153044513, 0.567358463086892, 0.6800822476851424, 0.29709749372016286, 0.40295791292045563, 0.4601213217460713, 1.0]","[0.5443651834608417, 0.9984067993975715]",-43.93595504760742,0.011,1917.315725588498,-22.71751920857264,1.0,0.0,0
196,"[0.6196854632968719, 0.38441618277093514, 0.9506997649144264, 0.22310252474193773, 0.6012603725675987, 0.6949853299402351, 0.41835360798771, 0.312473958456029, 0.5358058348015479, 0.9615292036091148]","[0.5497126717805404, 0.9097103608412168]",-47.327186584472656,0.24,2279.096841541823,-80.56714239287345,1.0,0.0,0
197,"[0.8586866221002033, 0.4905942831599485, 0.5498366289155346, 0.6878257549858238, 0.4400932954051782, 0.49028337741095845, 0.6288075572496866, 0.5401591828968422, 0.5984646479332376, 0.0]","[0.4998573530924119, 0.5522981697043339]",-35.119102478027344,0.026,1719.525829878051,74.29892106743509,3.0,0.0,0
198,"[0.700844846341198, 0.5264624590812349, 0.5797957407063881, 0.8878024652015671, 0.791357397706863, 0.9720448426990874, 0.7318036949333067, 0.327834204049282, 0.14231296370855218, 0.8978784120973068]","[0.5094855480196356, 0.4783950388465676]",-42.22237777709961,0.009,1989.290138535772,56.97217064200717,2.0,0.0,0
199,"[0.7227001713328065, 0.7768886131910158, 0.5780253830591285, 0.9996785237901339, 0.4549339132671067, 0.9059886942180977, 0.7560090758696693, 0.4833099437440571, 0.32189782275883194, 0.07112677286370518]","[0.6732038537406858, 0.49099223746913573]",-45.7818717956543,0.019,2228.9296389886517,-13.778544761741102,2.0,0.0,0
200,"[0.40858214099604573, 0.7059684048093049, 0.6662343720651474, 0.567746790479168, 0.38387112853668126, 0.590542194878834, 0.5858803525444404, 0.47416293805617543, 0.9852798011521943, 0.07280223767120261]","[0.6000943860033211, 0.5072985266644872]",-42.544063568115234,0.052,2182.204120238424,54.3801849511334,1.0,0.0,0
201,"[0.6707304466912541, 0.38407805065850426, 0.38475373557962667, 0.3900170365471207, 0.6347950531540194, 0.35305471077216516, 0.0030140686122244933, 0.3631413456411709, 0.26672564417256117, 1.0]","[0.5050581554796781, 0.7875792758909269]",-38.64470672607422,0.052,2227.5721716407097,91.06951678602266,2.0,0.0,0
202,"[0.5146931122908177, 0.6868172274068891, 0.4428582652246111, 0.4275035176688304, 0.2719794673170599, 0.37061785580659523, 0.2685148800165004, 0.22561974996800166, 1.0, 0.3140481308784384]","[0.5353270725630133, 0.7262229971894653]",-36.816104888916016,0.153,2007.975603540721,-17.692068532205553,1.0,0.0,0
203,"[0.4150787601845987, 0.8280483520697316, 0.6245908625803785, 0.5232768320170798, 0.529506236836599, 0.4588734345375664, 0.5019004571962984, 0.45060143230346034, 0.9601602758232272, 0.17046824107474293]","[0.7111848091892069, 0.5050283606302524]",-37.49616241455078,0.035,2028.4563201525864,-97.45540090862863,1.0,0.0,0
204,"[0.49493976442510895, 0.541914533963217, 0.29537830707835255, 0.6217265758397499, 0.5744318075911108, 0.39447427905756716, 0.21891123068602544, 0.426328748198785, 0.8676161988322515, 0.3394286531608764]","[0.44140607901767276, 0.5952929655998995]",-30.743671417236328,0.119,1596.7322646668574,90.85118266816497,1.0,0.0,0
205,"[0.6730419823618923, 0.4871473523898364, 0.383285732817324, 0.44224721112911436, 1.0, 0.27232730403175903, 0.2605131698578123, 0.34652566324209194, 0.0, 0.6759529545456874]","[0.4647291455344003, 0.5306373600806851]",-25.0312442779541,0.052,2177.0373064251144,27.246917382876603,3.0,0.0,0
206,"[0.8058900654160503, 0.7960770125903252, 0.6076387319182012, 0.38737066519114993, 0.6288249242626095, 0.8504027138941708, 0.26092131714808675, 0.3475324364734662, 0.26954381772432273, 1.0]","[0.7343725359662919, 0.41214109177896285]",-44.96277618408203,0.049,2025.1508533812291,-93.64597900296314,2.0,0.0,0
207,"[0.9044866194706099, 0.15906745632956565, 0.8233526918033238, 0.3346664029106114, 0.4884685007796375, 0.8895274493334744, 0.9451741643725317, 0.3244768345595172, 0.23540877423305753, 0.39081154007595814]","[0.1210683857937528, 0.58406475503655]",-49.862632751464844,0.464,3171.4122509741046,-112.40266511412045,3.0,1.0,0
208,"[0.8561009634613984, 0.45897695931616433, 0.693475249501264, 0.3359289314164338, 0.4367311443070095, 0.7874569439837278, 0.43291413653071537, 0.4115120851053524, 0.4938199642004735, 1.0]","[0.47687620894519367, 0.7711867008681905]",-48.35813903808594,0.083,2159.604843808205,23.174739100286644,2.0,0.0,0
209,"[0.7725504083021307, 0.5334004448862053, 0.7508187460479592, 0.43469915535759124, 0.540234212223327, 0.46111815144246615, 0.0, 0.0, 0.0, 1.0]","[0.44978691880323834, 0.6138668875844986]",-7.910591125488281,0.027,2552.3371112428326,87.49949580713539,3.0,0.0,0
210,"[0.713534650181878, 0.40124806216531306, 0.585099497875183, 0.3939719668121278, 0.6557320244421441, 0.854280953549391, 0.231206475417789, 0.4698885482724727, 0.49111574929434576, 1.0]","[0.5703872144216794, 0.9607031759483143]",-41.20651626586914,0.042,1847.1771473921553,-9.271955694419319,1.0,0.0,0
211,"[0.5860536764001343, 0.48044155497512314, 0.6851357006255367, 0.38163795926040167, 0.5488928411438362, 0.6164599120110521, 0.3443125721118663, 0.609638609884979, 0.5991117335206751, 0.9700379697053185]","[0.42557629951872916, 0.4703138796700667]",-17.644453048706055,0.053,1555.8295700198003,86.47406704746098,2.0,0.0,0
212,"[0.4131986653178212, 1.0, 0.33117429433537027, 0.7406222225807271, 0.5562476158470177, 0.23080164944335815, 0.6602344519026168, 0.28000259340008077, 0.6059175401629152, 0.28800461882708345]","[0.5323247648105655, 0.17651173510926835]",-34.856231689453125,0.086,1621.8272507656407,92.58660181423704,2.0,0.0,0
213,"[0.34196824037103074, 0.42345620368283027, 0.4287534510518562, 0.6189083722444924, 0.5267366161963752, 0.4232349342317016, 0.23151727592570856, 0.24159347485696991, 0.718828299162984, 0.886998787642756]","[0.6866503922777945, 0.5256305641180693]",-35.98805236816406,0.075,1614.5937273156956,233.027210801338,1.0,0.0,0
214,"[0.31887433676608995, 0.6565202404308228, 0.48398210029648525, 0.39069584357451304, 0.3682177820465739, 0.3403458865126602, 0.15838617405350003, 0.46531367177397726, 1.0, 1.0]","[0.4110271733352382, 0.8651002584886004]",-34.70283508300781,0.099,1874.0781209761667,214.53693875446027,2.0,0.0,0
215,"[0.7117247831189211, 0.4998236091569057, 0.49866306318007636, 0.3923905036405734, 0.40848520263146915, 0.18811466460757542, 0.41182814726743094, 0.14648668277429824, 0.9844396405083679, 0.03227247717586253]","[0.3589812232549477, 0.5830376965962123]",-26.443565368652344,0.043,2087.3849802903574,9.464162114947499,1.0,0.0,0
216,"[0.4795660421447089, 0.5431099427667848, 1.0, 0.5756581721903673, 0.6715925819993556, 0.7163646610882483, 0.5066587215166729, 0.4713079780468583, 0.5169675525664273, 0.8855782108761374]","[0.44396273726465546, 1.086890176434005]",-15.866555213928223,0.013,2066.4411899723045,195.09764886827847,0.0,0.0,0
217,"[0.2802560562373857, 0.5193321731075581, 0.6837427098787089, 0.4849875318704738, 0.3199669401222131, 0.6860200837140117, 0.30685556920618134, 0.7130681661242897, 0.7482384918531341, 0.3605523094930742]","[0.5203519598625576, 0.8593492335520379]",-32.33094787597656,0.145,1777.9390558287269,-84.40153664920354,2.0,0.0,0
218,"[0.40349462640533174, 0.5082985418994417, 0.3596207866445931, 0.5517373207276934, 0.5322773449088108, 0.4096290772899628, 0.5080418725339539, 0.1639438440689328, 0.9054944858945033, 0.33863109052586493]","[0.5698905112560761, 0.41859553158715557]",-29.19049835205078,0.066,1643.599813261846,12.390795055320297,1.0,0.0,0
219,"[0.7175061692624286, 0.41843989440559215, 0.6897273610111196, 0.34552638176838646, 0.6534594900633438, 0.6154704043242459, 0.4117486308788491, 0.486723396617059, 0.5126391664869218, 1.0]","[0.6736353935809396, 1.0147255382702824]",-38.818878173828125,0.075,1587.4039847109354,44.53534038353499,1.0,0.0,0
220,"[0.41575213605375017, 0.5877806396328557, 0.668958408142376, 0.54564588262194, 0.3246776802863103, 0.5321201872104675, 0.5098423803228216, 0.557744925808161, 0.9320785627221118, 0.0]","[0.3953557149445022, 0.4044050528688678]",-32.75430679321289,0.094,2002.8337682359888,94.90566992188133,2.0,0.0,0
221,"[0.3570711197519821, 0.4428220709652079, 0.9655351805638958, 0.6154121166332928, 0.5431600545426153, 0.017667006232094058, 0.6983789542982928, 0.39901344573088166, 0.467046239744116, 0.009983554861007621]","[0.5090946572199684, 1.0296714102352018]",-32.05736541748047,0.066,2720.1969876818343,-58.409377173523296,1.0,0.0,0
222,"[0.30556986870059255, 0.6622999742564387, 0.7550757567051485, 0.4089870612650826, 0.5417409807262279, 0.3423420358436161, 0.7443630303138096, 0.6745099623091197, 0.8136524011589872, 0.2812428547083314]","[0.7032485703514556, 0.622859205646762]",-36.88690185546875,0.108,1789.5464674633613,58.44748642488341,2.0,0.0,0
223,"[0.29840530591476, 0.8414055724891024, 0.5726303043226617, 0.4630894072384906, 0.43409896460935143, 0.28799562881599544, 0.6518443938503845, 0.8378138126435407, 0.7919937225520194, 0.19033604026243764]","[0.6371617763703694, 0.49295630883152514]",-34.97655487060547,0.117,2059.9220105172426,54.10547971180483,2.0,0.0,0
224,"[0.23323276718155603, 0.304493519344171, 0.44508658079994673, 0.4690144456027216, 0.29458978883706854, 0.6261372037781823, 0.5862185345748798, 0.2585507710879705, 1.0, 0.27134334783849373]","[0.5365679193034814, 1.002156113623753]",-26.164636611938477,0.222,1762.2170788417961,115.86830805641335,0.0,0.0,0
225,"[0.46513587644546567, 0.4338406443131697, 0.22817080626619773, 0.839529819408053, 0.8233492255779196, 0.7558272325824267, 0.7998579041636751, 0.38966233960248586, 0.8852214865416893, 1.0]","[0.4271607152781153, 1.0959809837978522]",-27.49403190612793,0.229,2163.9903894938075,161.9686284218111,2.0,1.0,0
226,"[0.41053053484775254, 0.502909996529471, 0.3196164488197594, 0.7800489458478236, 0.8202256423222077, 0.3275026166597452, 0.2668318602275312, 0.40572766765104495, 0.9707594763767668, 0.7202181223851104]","[0.4732028938998286, 0.8318041122338963]",-30.502456665039062,0.099,2123.2361071808773,67.80006839057484,2.0,0.0,0
227,"[0.7188908604076404, 0.41732952607631674, 0.5775483651193646, 0.9932884522465546, 0.598417124405505, 0.1936314664285089, 0.47836174266885567, 0.25254329636440387, 0.3143885826921575, 0.0]","[0.4872802025692406, 0.8043518444774984]",-22.705860137939453,0.034,2152.0886788967928,-3.2114358557717537,1.0,0.0,0
228,"[0.1972174594180913, 0.6085827458764635, 0.4714533724929762, 0.4523835620157176, 0.5695608244225228, 0.637283132804491, 0.3820422393546535, 0.8362258548891154, 0.7330764324817928, 0.5378759034277064]","[1.0831018050189416, 0.3300161911732267]",-34.9091682434082,0.307,2071.862776156525,77.17277619125028,1.0,0.0,0
229,"[0.8575921659930147, 0.5273612888765211, 0.5331447969476774, 0.900399766821272, 0.5356851531841548, 0.3259544863810069, 0.6261701608938115, 0.38736768982276676, 0.3751197354859016, 0.12629143180147895]","[0.4648991519757761, 0.9135610615426188]",-26.022842407226562,0.009,1982.4132946873885,143.3513893529214,1.0,0.0,0
230,"[0.2848018161686278, 0.43348291965655544, 0.3299399981494768, 0.6705084029454147, 0.6811032432442818, 0.377961877310601, 0.784266317745777, 0.444040783711659, 0.9785756767744233, 0.6427153968078682]","[0.41154798004305587, 0.9898145542508431]",-31.366622924804688,0.136,1977.980073673744,118.62761752240942,2.0,0.0,0
231,"[0.5239376267538829, 0.8517431152933385, 0.4288244633290539, 0.5606392299075613, 0.41133041997023123, 0.4196180361828137, 0.41529841445846394, 0.611941347135704, 0.6203880908967021, 0.1980423637606756]","[0.5710149929788569, 0.3450388598244184]",-22.12190055847168,0.036,1551.3271224526345,31.86032691056974,1.0,0.0,0
232,"[0.39543341149585504, 0.4253395720041902, 0.3747819376793991, 0.8011549047447336, 0.6313862490332084, 0.24459882350949916, 0.3090393022926918, 0.35837175329273807, 0.736567923353774, 1.0]","[0.5617826217124652, 0.9406804233525666]",-36.646087646484375,0.058,1859.573409983572,134.27072822941,2.0,0.0,0
233,"[0.3577568812631843, 0.311133467358313, 0.9045464393254972, 0.25731228863503386, 0.7050572320845792, 0.7202300728781884, 0.6164182992396872, 0.48641835720092397, 0.5164751981149126, 0.6965939868502413]","[0.7748797264456836, 0.7720605929782114]",-27.65741539001465,0.173,1613.3270119765396,62.81251923588715,2.0,0.0,0
234,"[0.6589093516743105, 0.47851828441599004, 0.46774397401563295, 0.5677860652030561, 0.6449006061541269, 0.7537739993158132, 0.25569798822657525, 0.43260395066071955, 0.42425918774978094, 1.0]","[0.4960153530074064, 0.9502846583682946]",-42.58210754394531,0.014,1705.1430214617842,84.6858118762893,1.0,0.0,0
235,"[0.36213420630646626, 0.7389069309071293, 0.588334596881517, 0.41611305850988983, 0.5732171012043698, 0.4598770442152651, 0.5001279987628846, 0.4202103718199265, 1.0, 0.4265416615397541]","[0.6014562755608089, 0.4542147921856191]",-21.345067977905273,0.065,1590.4286312706067,224.68402316237487,1.0,0.0,0
236,"[0.5972800524870067, 0.6069233905864406, 0.5543235609560793, 0.7810994814878935, 0.32075799496770957, 0.31489279523022856, 0.034364065437133516, 0.3364628446754836, 0.7441631091467401, 0.23050421667698365]","[0.41095034877720826, 0.9796646907934481]",-35.02986526489258,0.099,2484.1095429956217,171.88756187213983,2.0,0.0,0
237,"[0.8765245941688922, 0.538986075454469, 0.5747261423958383, 0.8118552687303747, 0.659907658586657, 0.6417064707207045, 0.3326153480146308, 0.3404676081039629, 0.21239055047117553, 0.9267171419992343]","[0.452429616514066, 0.6901611073391684]",-46.10329818725586,0.009,2244.329221801089,191.01312542370488,2.0,0.0,0
238,"[0.31236312485240875, 0.6013424099562807, 0.7365308776579401, 0.4701769625429288, 0.5752020364815239, 0.241658070381499, 0.2583827675265152, 0.7136760388827685, 0.899755198432273, 0.5969529241871783]","[0.7738398100091435, 0.4014786017004364]",-38.28241729736328,0.1,2186.4793280285576,-79.8738359591236,2.0,0.0,0
239,"[0.7275819981003767, 0.4245271368432128, 0.8502394533240752, 0.5561734587077083, 0.6188314454710386, 0.6486759450283162, 0.48137341972561026, 0.18748393458000442, 0.29798474542348713, 0.20892182328199235]","[0.6414495899498387, 0.465318323455352]",-22.250444412231445,0.032,1581.9848719449092,70.50933416829096,2.0,0.0,0
240,"[0.2981932422121854, 0.41153086455919957, 0.43222737498013747, 0.3167093132905601, 0.22370124452271656, 0.4382926277427862, 0.5377188375305391, 0.6253408346069684, 0.11829985189484289, 0.9867101125572834]","[0.5394006996589619, 0.7385548893093382]",-20.431425094604492,0.237,1864.6163485345048,101.9463262984608,2.0,0.0,0
241,"[0.9621096036882286, 0.5540339279240116, 0.7400716975964863, 0.3831073392626162, 0.47539562262963203, 0.424952844111813, 0.8025813448155814, 0.3889707742308304, 0.556998975900698, 0.41582769172994805]","[0.6379450898462822, 0.5111796949161649]",-27.85298728942871,0.052,1734.184725543663,-29.098489041550977,1.0,0.0,0
242,"[0.5097179838137688, 0.6296418398366755, 0.4306681986786005, 0.903605553670936, 0.6758374861295401, 0.4667944638834658, 0.5971692471515728, 0.3794070980795988, 0.03370408872772579, 0.0003723484566569669]","[0.4908419022339019, 1.0639105521766017]",-22.331632614135742,0.03,2439.191772529806,55.60794224986944,2.0,0.0,0
243,"[0.588616861313064, 0.506123813968184, 0.8400539794049823, 0.47350408870968697, 0.5349421368846272, 0.8795873080173147, 0.29007892745555713, 0.4879221665032323, 0.5983695762953326, 1.0]","[0.42435736106814675, 1.1895341639471575]",-44.58153533935547,0.013,2246.603413776094,32.278934208777656,0.0,0.0,0
244,"[0.5493412872383804, 0.7587824088457422, 0.39390939879812287, 0.393989840708043, 0.2705274184832768, 0.0, 0.2622558767807828, 0.2331705163517585, 0.9210206252387866, 1.0]","[1.5, 0.840388206188603]",-33.87095642089844,0.155,3983.7713890397686,7.730785316237643,1.0,1.0,0
245,"[0.9710597649572164, 0.5934752994094276, 0.4629327814470607, 0.6138527158254296, 0.6062480559473198, 0.09700714869095382, 0.7787607339944198, 0.4003534600958234, 0.0010331257908859966, 0.08318583724135696]","[0.4082431370550493, 0.41576845497127934]",-29.094186782836914,0.015,2087.868343080299,114.49482117601539,2.0,0.0,0
246,"[0.42718561165704744, 0.7071904150691299, 0.6939584761183314, 0.5563278439957352, 0.5651866705755098, 0.5406427368377293, 0.47755015487220115, 0.5403734841913529, 0.9302636695639157, 0.9722572785625133]","[0.7754901526096659, 0.7842882995381463]",-13.286643981933594,0.032,1490.6513604281758,180.47096225926242,1.0,0.0,0
247,"[1.0, 0.46529251772092606, 0.5465326786839521, 0.5067081111376333, 0.33364043998713344, 0.6443032151508182, 0.7006284151012724, 0.3407452528454155, 0.936771076371875, 0.21567611609392218]","[0.5163921650579942, 0.8801007041281329]",-28.26624870300293,0.083,2329.3323949055816,-147.574281383781,1.0,0.0,0
248,"[0.8276279925130491, 0.4368710880626873, 0.5937410320213994, 0.7715704041312886, 0.479588355281596, 0.9813404726061624, 0.5670936034041705, 0.44441653865825875, 0.4052322100193586, 0.9815744532300051]","[0.45508360652177615, 1.1260261584409705]",-34.73579406738281,0.026,2154.0943474700775,-51.48912677415797,1.0,1.0,0
249,"[0.9926656084003869, 0.48710940899362987, 0.4867505580846068, 0.43776014214013326, 0.41089952774656613, 0.5824059291790287, 0.5659173630070724, 0.10233171555830464, 0.3450465451086226, 0.0]","[0.7533914339376828, 0.1598659077900278]",-12.198873519897461,0.036,2266.087798187902,39.70543059953488,2.0,0.0,0
250,"[0.41643151233407577, 0.8487018520717368, 0.5442204276104047, 0.7247418695933563, 0.47045864972053736, 0.8416078219599075, 0.5156233009631452, 0.657646331830282, 0.7873487862994645, 0.029457108204757013]","[0.6243386032843194, 0.5482760291988323]",-42.991695404052734,0.034,2249.5386008863184,-118.47165696627474,1.0,0.0,0
251,"[0.5086593168255622, 0.7140387669846514, 0.27684298093864873, 0.30021432689151234, 0.5405330379279449, 0.22744384624866634, 0.4784038223936941, 0.9411408701020484, 0.9830148419589513, 0.4265433626491967]","[0.5684517449641548, 0.436317136851437]",-41.448158264160156,0.148,1681.5527119056155,172.07636738797885,3.0,0.0,0
252,"[0.8100433529200782, 0.55820883469327, 0.689081089013516, 0.44099153579063316, 0.5567215927439002, 0.8832573109121475, 0.17301682433553525, 0.4342649665653013, 0.48780022398438805, 1.0]","[0.6137166173221633, 1.084607054736707]",-42.586265563964844,0.026,2319.8734995450377,-170.99580350786385,1.0,0.0,0
253,"[0.42011492046507476, 0.7292617151823894, 0.3977265180559856, 0.5292281755433637, 0.4107957415472726, 0.6078445754094524, 0.02757397283559505, 0.2038980678225985, 0.877895264392762, 0.7811075892225046]","[0.4511482725037032, 0.9427691653497607]",-33.41961669921875,0.041,2013.4008088309959,-2.9162586219432,2.0,0.0,0
254,"[0.8916567870280353, 0.39865078868942644, 0.7387964134399819, 0.3672363944327661, 0.8211948327118568, 1.0, 0.4356089443099051, 0.644579610549994, 0.14601442507206794, 0.7683841666592003]","[0.8525760658259144, 0.5111060456384715]",-39.515350341796875,0.063,2094.4877569994715,4.139010326124151,4.0,1.0,0
255,"[0.4831835897869172, 0.7104498118244728, 0.7273590217644212, 0.7417930678399569, 0.657284943199402, 0.8513551713233346, 0.1291585037341405, 0.2544948923349533, 0.7451722180228147, 1.0]","[0.7673844352713445, 0.49386040481248017]",-41.981895446777344,0.013,1865.2679629924705,41.21567244605373,2.0,0.0,0
256,"[0.42691057442190805, 0.44570423067874043, 0.8703916228109264, 0.388286796304784, 0.4294941099053335, 0.2552559531443199, 0.6413495876348432, 0.29450027320096545, 0.7215325194815249, 0.3526172314554856]","[0.8566308702331709, 0.5497141148691346]",-30.798446655273438,0.047,1936.3270641919003,89.67570650543425,1.0,0.0,0
257,"[0.5488282387182872, 0.6472789386860964, 1.0, 0.5211571316699649, 0.8784719524700775, 0.5434208180107173, 0.4277486242358962, 0.738663316029023, 0.4390773439233298, 0.0]","[0.7483507694435196, 0.5326671797738356]",-9.369282722473145,0.01,1986.1504216554465,72.08476003302013,3.0,1.0,0
258,"[0.4786756753276463, 0.4081914428949616, 0.25389135922449674, 0.3449436594550773, 0.35492664121851364, 0.06016032001728872, 0.628669074953194, 0.5515199130167395, 0.8569095824153066, 0.4618145022002122]","[0.36670387981365754, 0.7429378954461915]",-38.28535079956055,0.18,1609.1625702880172,26.815977504451638,1.0,0.0,0
259,"[0.4928598560972695, 0.6403806335395266, 0.4913758852143197, 0.6128178884593473, 0.3801026583557529, 0.6499099285491421, 0.5391382863989931, 0.49492147986797763, 0.8062963359337737, 0.03556242770990412]","[0.5315388035614788, 0.809979125476697]",-40.760643005371094,0.054,1715.1581667954729,-6.323338108517419,2.0,0.0,0
260,"[0.45258334009887813, 0.46028231058256175, 0.37604707298640905, 0.5729951702301413, 0.6392956615537431, 0.523676694954264, 0.6666478691867512, 0.9903910992748726, 0.5850687592497732, 0.1728316434841179]","[0.4497673683883642, 0.5852834414287628]",-32.16958999633789,0.057,1664.810823874756,26.737011498146444,1.0,0.0,0
261,"[0.31743355094237957, 0.3913244535063748, 0.8341888885092712, 0.44028965164778916, 0.4819537970905572, 0.3898101238134153, 0.217992571203604, 0.09512025632522242, 0.6673900323855346, 0.6713112028388509]","[0.3991666187581649, 0.603760104179178]",-29.9777774810791,0.1,1655.4281540438517,182.25360288390533,2.0,0.0,0
262,"[0.32440973774076276, 0.5545616489339383, 0.34766439536648613, 0.34422034980051136, 0.3238103513237346, 0.3398331790412495, 0.4484486470019795, 0.657869220562245, 0.4164914442523651, 0.5587606433545875]","[0.3198744153154723, 0.9755650024219319]",-15.980073928833008,0.096,1427.4945272191462,120.04015134027631,1.0,0.0,0
263,"[0.7247787815019464, 0.23330396573650608, 0.5261472580537998, 0.374880848012077, 0.4898777798506094, 0.8019442466641258, 0.6236380269948532, 0.10550007096922087, 0.5896498743264414, 0.5444163778140343]","[0.8124242089432325, 0.26513044730022656]",-38.751651763916016,0.222,2286.931408844327,46.04653887838407,1.0,0.0,0
264,"[0.7503101428610783, 0.7346467680896387, 0.2908606598874075, 0.356510715599044, 0.5268916737392907, 0.06583311877368658, 0.5391462906256475, 0.5437756947532328, 0.5224946069500948, 0.19580959319244998]","[0.5277272798420475, 0.5591473579054301]",-34.065391540527344,0.129,1789.6609104477686,136.97923789820632,2.0,0.0,0
265,"[0.7724888209783887, 0.5151436511262629, 0.4386299764077597, 0.3548809684837391, 0.3316588601789781, 0.38152544115072334, 0.41610740776255883, 0.4118701433140426, 0.8372699491189357, 0.21468591760280709]","[0.47960515751251376, 0.8666590550760578]",-28.800111770629883,0.086,1870.5239533402591,124.28308882982395,1.0,0.0,0
266,"[0.7213898913088599, 0.5163275033002431, 0.6753005099860276, 0.42397990266612046, 0.6926824720450605, 0.8335423441339744, 0.26846749776922796, 0.32833329724676874, 0.19992059235242324, 1.0]","[0.7262210022059836, 0.9853990179305102]",-36.46246337890625,0.032,1634.4814121386246,60.32251442657093,1.0,0.0,0
267,"[0.5781122483064842, 0.4380553661327952, 0.7046415641705844, 0.3349526731924858, 0.7210299593143379, 0.11676619516809181, 0.5718297914245992, 0.27678759125603103, 0.42303844822650344, 0.8182414726657536]","[0.5534497404193397, 0.6395450806540968]",-32.387821197509766,0.083,1924.7495628887352,-49.700613766418485,1.0,0.0,0
268,"[0.6638563675803981, 0.6778170324474226, 0.7701297232691547, 0.3701861678822, 0.6103371574825643, 0.9047998848489165, 0.26926993727542053, 0.37233775362060323, 0.29229879266990355, 1.0]","[0.5462751273146502, 0.9534662373755951]",-37.225807189941406,0.062,1963.6658878512785,69.98100505019872,1.0,0.0,0
269,"[0.4906139907289678, 0.22512382063479985, 0.4038360522379423, 0.41815914880654353, 0.6686056376229205, 0.6534332611128719, 0.1746910059029805, 0.43445807559157534, 0.7286751445367765, 0.8065374758978261]","[0.43051611839097964, 1.1537488738051254]",-32.7264404296875,0.234,2185.12124111912,77.90849373447105,0.0,0.0,0
270,"[0.5147314503649216, 0.4720032555325404, 0.7162151140193025, 0.3706587915759191, 0.4618001945794973, 1.0, 0.368902605191966, 0.3584091780541795, 0.29195669193332446, 0.7337816210743368]","[0.5910933037468111, 0.9874577966816955]",-37.06111526489258,0.062,1809.1796108763497,39.92657118083943,1.0,0.0,0
271,"[0.48606504765189534, 0.5596897667733675, 0.8486123231737601, 0.5911975386294723, 0.5590673125942636, 0.47569912268361825, 0.24954369568834298, 0.4387154464802889, 0.5401865563978021, 1.0]","[0.6086780196683985, 1.1109355825350171]",-38.5478630065918,0.012,2033.8517409988456,46.444076693379685,0.0,0.0,0
272,"[0.4246201970993556, 0.6829779967895793, 0.8822338703760407, 0.8727717780146208, 0.513727412233041, 0.4603614431727006, 0.31962429754464033, 0.17491501768375042, 0.856084369660942, 0.0]","[0.6042751307175183, 0.2673198901679472]",-35.071258544921875,0.032,2426.2200320156608,-158.42818416681519,3.0,0.0,0
273,"[0.5732374148896073, 0.7996520770136997, 0.52125730501844, 0.9334308080847432, 0.4624854928443264, 0.9551115069288012, 0.4235676501713645, 0.49205712891562037, 0.3077335303881341, 0.025319224012558254]","[0.4511320104534439, 0.9176175437447197]",-39.2507438659668,0.015,2488.491030229918,-42.927796767568225,1.0,0.0,0
274,"[0.9804475660321401, 0.7039931486010095, 0.9366309219974447, 0.2701660411263807, 0.8049025843821767, 0.5272484451432576, 0.8278918555591358, 0.31942570691788025, 0.45028773462698196, 0.515507552133156]","[0.5992098725397093, 0.6347848594456678]",-38.401824951171875,0.155,2038.3890391233338,-41.22569083895189,1.0,0.0,0
275,"[0.8462085969115583, 0.3966277150397633, 0.5822061448573204, 0.5619774310594533, 0.696358206760911, 0.7597562385145209, 0.36231028235590396, 0.07141247126331213, 0.38368304358783417, 1.0]","[0.7670681091672961, 0.5229249705375418]",-49.303916931152344,0.041,2100.6353612934054,-25.872710500783228,2.0,0.0,0
276,"[0.4919960774946135, 0.7087402717158737, 0.37522401620805934, 0.8765971504198677, 0.484191394713061, 0.6366491437324837, 0.8806827384673329, 0.8495227519109902, 0.8063212469781285, 0.04341421366073848]","[0.7466535820279013, 0.5448787981449595]",-32.43267822265625,0.058,2591.689587412349,-53.98152194052341,2.0,0.0,0
277,"[0.9962154918459033, 0.5496777280667642, 0.601668127046442, 0.6421333808053504, 0.6487357460595357, 0.15211910377495927, 0.21220069042586173, 0.32120772996922714, 0.9755698252089875, 0.11852733591306931]","[0.2460302938213075, 0.8537449888702742]",-26.8408145904541,0.009,2768.2880586818064,50.717690331269466,2.0,0.0,0
278,"[0.7159399731710671, 0.8549263397321438, 0.3610616631078215, 0.7673164289187073, 0.40954938598931556, 0.48473623918996, 0.28595095232885037, 0.3758873093793529, 0.42474599615571024, 1.0]","[0.605688988289086, 0.8080855776607314]",-41.590518951416016,0.065,2050.567621592321,120.36240091182009,1.0,0.0,0
279,"[0.2459802544055779, 0.8148335451352373, 0.4398912488151673, 0.5617806590862834, 0.4898164655100374, 0.45681716118837074, 0.31798617387910433, 0.7870052033245232, 0.6457274166358077, 0.36437198275726995]","[0.44368861939205195, 0.4388156171832916]",-32.7036018371582,0.199,1732.0569615196205,-58.98296229928263,1.0,0.0,0
280,"[0.6447016520941429, 0.34055745275213567, 0.7035904579838674, 0.32776567606349066, 0.6294760237779216, 0.8042127619862728, 0.2243215790045086, 0.4356962840272854, 0.2921827704958541, 1.0]","[0.7052333726953197, 1.0338018493988967]",-37.51422882080078,0.091,1873.1093545521894,136.90733821856514,0.0,0.0,0
281,"[0.4281684560464204, 0.8310009080743602, 0.6974746748193843, 0.9491513637019957, 0.604513138912537, 0.4254898844949292, 0.3786093580371982, 0.5834125572013757, 0.26792014557418403, 0.2989293944301704]","[0.7981170652243689, 0.595493638560246]",-30.41642951965332,0.031,1566.2891744477477,-17.830747829299753,1.0,0.0,0
282,"[0.38298706001469734, 0.4395373047234432, 1.0, 0.8343212939294652, 0.604715446495016, 0.0, 0.14737825907644855, 0.5866465519424889, 0.19478632920283542, 0.25462880809738986]","[0.4173785611854817, 0.8483094968205224]",-16.79004669189453,0.053,2733.4000195944063,-11.089460185689802,2.0,0.0,0
283,"[0.8972487957044897, 0.4074819653508124, 0.8165718874582948, 0.26845362451568405, 0.685020374019456, 0.6250158677884042, 0.43823971592900973, 0.3266950002768938, 0.5491828011984279, 0.7660535259573026]","[0.5628190845286803, 1.135528203766289]",-40.48473358154297,0.158,2591.487561384939,-44.44474369262605,0.0,0.0,1
284,"[0.5066594091043425, 0.2830879367122036, 0.4245378421693642, 0.24279642332106893, 0.26653417763613063, 0.06145239960063358, 0.28298297022085667, 0.4770960377813754, 0.9296764887079425, 0.6403180772290702]","[0.4191430970046669, 0.5510180681633755]",-9.632688522338867,0.201,1826.9591401869584,-126.61428643260246,2.0,0.0,0
285,"[0.4058769958659903, 0.48456703500467774, 0.629086874885413, 0.4265181706886392, 0.5209922113830521, 0.8750330696510848, 0.14109767291331124, 0.5279027479331511, 0.7276690025480291, 0.9269235642555745]","[0.7382867175369331, 0.4095188164628432]",-42.493534088134766,0.04,1816.6252729207313,41.551950243275996,1.0,0.0,0
286,"[0.7002557679983475, 0.35676005451372594, 0.4963046462856023, 0.3633336751808661, 0.5932703626568137, 0.9413305142671252, 0.17522222852914407, 0.3647039669450332, 0.6375556929868046, 1.0]","[0.607703144208973, 0.8449479041097006]",-36.29853820800781,0.066,1858.3188618933907,48.64147865004213,1.0,0.0,0
287,"[0.850765378220778, 0.5924510321268683, 0.9315842649557825, 0.5444531494710134, 0.8928542761799939, 0.7415503590008996, 0.8680909448451318, 0.20591460642508824, 0.03336211123733405, 0.48963528500259856]","[1.0884756982971642, 1.1857474293036006]",-48.3532600402832,0.009,2928.388221533912,-173.67389445676883,2.0,1.0,0
288,"[0.6161877447002635, 0.8955932773029228, 0.22480681255641982, 0.7010254834994969, 0.578894338389973, 0.507222176549827, 0.31680971951470216, 0.4069333597005127, 0.5407598468458631, 0.9136667562060268]","[0.41767013159599486, 1.1086322899503178]",-40.94855499267578,0.235,2395.4864358060127,99.9578748984739,0.0,0.0,0
289,"[0.7465680208717173, 0.5721727678014392, 1.0, 0.39079542378936794, 0.6256760777214636, 0.7013492600943481, 0.664320930336085, 0.09986824726910697, 0.47916487350850234, 0.741007665714778]","[0.8548416777356607, 0.45328628705168283]",-23.515962600708008,0.044,1887.7464583297758,96.15744512914543,3.0,0.0,0
290,"[0.9116372675944454, 0.4109163624298157, 0.4607779701038749, 0.2665101040244836, 0.22652921966444975, 0.8787993488846335, 0.608407707700143, 0.3365078650327894, 0.5966864575192795, 0.15533843596451566]","[0.6203838908766043, 0.6884551569625228]",-23.608644485473633,0.232,2149.354630704847,10.533787943176264,2.0,1.0,0
291,"[0.3959644931043973, 0.7720506401768976, 0.33452794404730596, 0.7279898047550855, 0.322235269777321, 0.6762934917304707, 0.27184251273208565, 0.5071550102760805, 0.36993386178630294, 0.5948767954384037]","[0.4058796101734829, 1.0282396817140687]",-16.68086814880371,0.097,1791.2158929018183,104.3699771846234,0.0,0.0,0
292,"[0.49632621653594733, 0.389800878880459, 0.7659786892404427, 0.4108468525723727, 0.5217449883274924, 0.751343102900956, 0.29381303157435573, 0.39729285982632745, 0.8508206096803457, 0.9638994782691156]","[0.5027942322785927, 0.8963456967237922]",-40.48419189453125,0.045,1898.5063145391744,33.40504243349562,1.0,0.0,0
293,"[0.4847179108303279, 0.5941111128281978, 0.30104561611694924, 0.13835141031334985, 0.17656405331299135, 0.27379785516671273, 0.9891114917701659, 0.5161877125514776, 0.4416762928180975, 0.9789342858041669]","[0.547172217721698, 0.31244959086791546]",-40.702762603759766,0.563,2422.275294277594,-46.2388856494095,2.0,0.0,0
294,"[0.59058170035373, 0.5207501118100818, 0.7199877865270549, 0.42110390707312445, 0.6286506580565879, 0.7685492430773935, 0.456858153127677, 0.5493653750250644, 0.2794741682541602, 0.8526629825985149]","[0.479140336524228, 1.0182781109653292]",-23.982860565185547,0.034,1655.1534116467387,98.12237699385963,0.0,0.0,0
295,"[1.0, 0.9149523855554419, 0.8684707648709505, 0.37984461801338393, 0.6719287641644903, 0.14407525837365698, 0.2571701544851618, 0.4173116909325286, 0.630707883176147, 0.7462252458674143]","[0.5188456803144846, 1.149261878450621]",-40.870338439941406,0.054,2394.38405509242,16.161355889363534,1.0,0.0,0
296,"[0.3531356664345318, 0.5641076845731521, 0.6805340231078962, 0.4384855481246125, 0.7550447093580279, 0.45339807612109345, 0.14811417326376825, 0.5922219325787798, 0.6715940668293064, 0.4489926114889555]","[0.7135939824689584, 0.39743443377607013]",-28.73179817199707,0.068,1678.8681727105163,-17.08259501451556,2.0,0.0,0
297,"[0.7510936471674894, 0.5623695506139045, 0.9666000987392689, 0.48191492425650384, 0.7296057803184143, 0.5705595198815389, 0.2579350606118312, 0.1923898019416134, 0.5343027189963533, 1.0]","[0.7348234028603223, 1.043032722423544]",-47.539920806884766,0.013,2403.785184263671,-200.6780345006835,2.0,1.0,0
298,"[0.2894163964231247, 0.451436335864944, 0.812782824119781, 0.37950765140174075, 0.33928884009426513, 0.7234581051353424, 0.44439840251720236, 0.24073070187020087, 0.8030218271444288, 0.5014181881889163]","[0.5037211192302624, 1.037457847422686]",-25.519392013549805,0.131,1922.7782461523507,51.677127639984064,0.0,0.0,0
299,"[0.2627948811538815, 0.4508269377832098, 0.1669716404535229, 0.3048909524917226, 0.3812964502922801, 0.18769208406923196, 0.7306888902543455, 0.4585586735214925, 0.7687282486582188, 0.8233836912285131]","[0.46755627730107685, 0.7129301701030404]",-21.051198959350586,0.427,1434.9535451197335,95.43229191640174,1.0,0.0,0
300,"[0.4301408307654787, 0.5858331544601487, 0.3104033056429697, 0.5454618137714244, 0.6674616296336098, 0.4131974561981926, 0.682330071424039, 0.5154796767763984, 0.8805748831520585, 0.09990656593199475]","[0.4383541198067726, 0.5038590017984753]",-25.876123428344727,0.104,1743.9404348025091,-10.457571157282018,1.0,0.0,0
301,"[0.32175524808420436, 0.09062078280909427, 0.17764941844273496, 0.38555703628053745, 0.5274868398486314, 0.44910645065596444, 0.4738736127510065, 0.5486499954962483, 0.2931059653079248, 0.30652290249826475]","[1.1386317409276212, 0.31984600747995195]",-17.012773513793945,0.87,2020.4478440814169,60.76695770012486,1.0,0.0,0
302,"[0.5740780988149202, 0.34148086387612125, 0.7330834843643734, 0.2567460443575502, 0.7722451076948974, 0.08234695671597703, 0.7341664297963073, 0.3869679409544194, 0.4920411696516511, 0.39257230963309064]","[0.5088863308060214, 0.3146184137067666]",-46.1273078918457,0.173,1802.0168752851503,186.06631299616654,1.0,0.0,0
303,"[0.3940021817543092, 0.9987239569279796, 0.3282661826562431, 0.7930538152978949, 0.42401587413195096, 0.3399793442252637, 0.3959046896517393, 0.4209227446393597, 0.5416936157015089, 0.0]","[0.5123135975499032, 0.0]",-30.24672508239746,0.089,2055.1627038871234,78.21182922886356,2.0,0.0,0
304,"[0.4964729995685026, 0.3504756590830916, 0.9373927058923269, 0.29540011244801706, 0.5845374804154964, 0.6797848918051141, 0.7126098590422819, 0.43380415661510857, 0.7054914461046242, 0.5804777032779178]","[0.8772237049880898, 1.002069232411534]",-33.657012939453125,0.119,2031.4265829039232,159.44482185596166,1.0,1.0,0
305,"[0.5034207903342538, 0.6222035701651694, 0.6482654691643457, 0.371152574966431, 0.7495016564538867, 0.028076348888249978, 0.8162226908814814, 0.25462987567726353, 0.20907193129831989, 0.25950612639669646]","[0.5131092617537039, 0.2669136106533368]",-43.005226135253906,0.062,1957.5929370681988,83.07909487178887,1.0,0.0,0
306,"[0.4907755401458931, 0.45386123634928455, 0.47626379218507175, 0.6866530562290162, 0.35866843777692675, 0.06175448328019298, 0.8793221081508726, 0.14287201042902437, 1.0, 0.26552320826615144]","[0.4507296696655014, 0.8836534829310569]",-31.009017944335938,0.066,1901.6752629762286,114.65909985026644,1.0,0.0,0
307,"[0.7110041242711778, 0.8671937144185958, 0.707508826154356, 0.421727694318357, 0.6449308926152505, 0.027855185521587375, 0.6902450056045559, 0.32680408143730644, 0.8318886720917006, 0.21586131040266815]","[0.7193684733807392, 0.34029551507119316]",-35.25943374633789,0.034,1986.5633509828,39.71107393612587,3.0,0.0,0
308,"[0.4803814627461927, 0.5476137081667485, 0.7773401249159365, 0.36121124703326507, 0.557940675628698, 0.29386647260127435, 0.29847698286233154, 0.4829755663211356, 0.36234801386041954, 1.0]","[0.8028075140994917, 0.812205073384933]",-16.99829864501953,0.065,1897.1126915844638,139.6842150084227,1.0,0.0,0
309,"[0.3314315750466323, 0.25446519594920686, 0.822731903255545, 0.36047838697533907, 0.29442622060739987, 0.7421318981353027, 0.40736427608671427, 0.39892587409758395, 0.8158850886671978, 0.3117935791904444]","[0.555721762996401, 0.9083267757951381]",-25.771516799926758,0.178,2129.681575875894,119.88972690635305,1.0,0.0,0
310,"[0.42494558576472025, 0.32405780117316985, 0.5433836989931433, 0.3705023499388995, 0.6057712505303662, 0.9180371965884265, 0.5057956486995175, 0.4093553289247708, 0.37313115178592476, 0.22661565081935975]","[1.4837334372640751, 0.4198091352376513]",-21.782258987426758,0.095,3056.0776238518715,17.736557873716947,1.0,1.0,0
311,"[0.5088168783587624, 0.2996496876578409, 0.7046519272985268, 0.33104813618568446, 0.695353260452267, 0.7043885455153875, 1.0, 0.5516543649498111, 0.33706732327031974, 0.5401661326429227]","[0.588837517005658, 0.8683984035275655]",-38.01860427856445,0.114,1952.352550937286,227.36712236647952,2.0,0.0,0
312,"[0.6378127187283653, 0.6482830081100769, 0.474562070385363, 0.7470178174876145, 0.45891282382339416, 0.5943920066125412, 0.26495231309796397, 0.5659508964758322, 0.3365827206186693, 1.0]","[0.6499439646602486, 0.8899223516302733]",-38.818878173828125,0.017,1806.534641856043,48.699590942016215,2.0,0.0,0
313,"[0.39958556161351133, 0.43592734848862585, 0.4009915518599216, 0.6545569029643196, 0.2964425575020439, 0.053439720787449366, 0.8114484037603935, 0.39661756130360537, 0.9222099907846892, 0.18294299571584755]","[0.4088825006654831, 0.8530342096334235]",-37.09921646118164,0.118,1857.3660927930655,-23.9278756683687,1.0,0.0,0
314,"[0.5847132554533921, 0.4557618398205765, 0.7408468835191423, 0.461469863063915, 0.21738346143641404, 0.512310843655575, 0.38682371281660954, 0.22612719240756687, 0.9988946842225516, 0.5456992557960778]","[0.8158164052191151, 0.696375940923663]",-40.48473358154297,0.253,2589.592775820458,-47.883496329029754,1.0,0.0,0
315,"[0.5161232207491774, 0.6700004826485836, 0.3836004728819031, 0.6871205663563583, 0.6909463405042091, 0.0, 0.48061192670025066, 0.65054227539569, 0.805645053706726, 0.16137204764871016]","[0.7082469729658696, 0.7848920526667119]",-24.96736717224121,0.052,2045.2288992939689,-144.5228341738723,1.0,0.0,0
316,"[0.49942303106592173, 0.5280819451898325, 0.31706541634238505, 0.45767763714905996, 0.5575300246136118, 0.7446180335109266, 0.24236238929404974, 0.14261037157953543, 0.5385687749633293, 1.0]","[0.5436699514725138, 0.41406829914558085]",-32.98647689819336,0.1,1715.4393413064902,-98.389033338545,1.0,0.0,0
317,"[0.46929509189609203, 0.48892421379759776, 0.34505992200695595, 0.5929459183883732, 0.3504687976141648, 0.413572173609573, 0.4915156348591959, 0.41427659016422286, 0.8962238677142714, 0.21161621720400645]","[0.37537047049052924, 1.0622976919532279]",-37.231353759765625,0.075,1831.5217252078135,118.03942983588496,1.0,0.0,0
318,"[0.625190678379338, 0.46111308495022096, 0.43061868574574336, 0.48891294994926576, 0.8539418212930263, 0.39527926433312827, 0.5106353452422372, 0.35820847822203333, 0.4698682138703133, 1.0]","[0.5452211048101383, 0.4557424017037428]",-40.0008544921875,0.03,1598.8691504959204,169.76147836468454,2.0,1.0,0
319,"[0.5532169451481955, 0.4043230098936114, 0.9037326991227586, 0.41036967999778684, 0.452360676823539, 0.8925055263018674, 0.32489274853402034, 0.4375569481960779, 0.4771295193082584, 0.9904478443904204]","[0.684830018740837, 1.181810550082329]",-51.595787048339844,0.04,2547.0484109167387,17.690795213175704,0.0,1.0,0
320,"[0.7521425692065388, 0.7928366710042556, 0.5250141881943523, 1.0, 0.7906746952011515, 0.7682247855190041, 0.3303118689266238, 0.38522470965476974, 0.42938204735728497, 0.7773753201770807]","[0.6659492648034497, 0.49706727338203144]",-25.578575134277344,0.009,1572.0291014020331,185.99440997557997,3.0,0.0,0
321,"[0.554134747370609, 0.7328397113629281, 0.34732706878378294, 0.5788540037749964, 0.5952911965815676, 0.426431144229158, 0.20385984619787975, 0.27638103307286493, 0.4169327826138577, 1.0]","[0.5514627801572285, 0.9317882889937527]",-29.874975204467773,0.074,1885.5203482386398,207.8649016773884,1.0,0.0,0
322,"[0.4478937798939426, 0.4923956920759386, 0.357773851953708, 0.599559486236943, 0.5781074399182923, 0.4687901498421145, 0.19723098865902772, 0.4675310115678265, 0.6295618782719901, 1.0]","[0.3774971575002565, 1.1402963137931164]",-43.232452392578125,0.066,2003.6305039887234,101.78696259587457,0.0,0.0,0
323,"[0.43942526967978884, 0.5760033770600694, 0.38913647227101594, 0.8323952023653926, 0.5949946724120639, 0.8629104821779087, 0.6424587820603761, 0.6157317648830102, 1.0, 0.24615471018811091]","[0.5990062207200748, 0.556309386874806]",-29.634342193603516,0.046,2094.2373586913586,-62.61113954254307,2.0,1.0,0
324,"[0.706854831247118, 0.3786198166728975, 0.5347987425722893, 0.5321467215379656, 0.4997778683624356, 0.6092855155876948, 0.6997965697559052, 0.4103743074674867, 0.43937670512715604, 0.32492635092659156]","[0.6384428046295436, 0.1709047697056797]",-29.90747833251953,0.054,1457.8614458216969,203.46148945266947,2.0,0.0,0
325,"[0.38806536390187457, 0.5344731098464807, 0.7219126448937296, 0.6517334081560033, 0.5835065879428379, 0.6943245136661723, 0.07815153998509854, 0.8530253989261407, 0.668098988970783, 0.9188194733825797]","[0.8741120433629057, 0.36988798338683554]",-42.88453674316406,0.048,2392.8810209337357,-3.41158034459653,1.0,0.0,0
326,"[0.5197797529924727, 0.815953840008417, 0.661153044607629, 0.8128142244071908, 0.5229436237624484, 0.8434173455234308, 0.4402615979768441, 0.8147505993925513, 0.666877322836416, 0.08195895577722119]","[0.6911776343713264, 0.5005027427345676]",-15.30329418182373,0.01,1919.6703360467604,11.585001426244276,2.0,0.0,0
327,"[0.5679272371760125, 0.4884261419134545, 0.6758427093920676, 0.4310880861140879, 0.48984556111158756, 0.8967023869994951, 0.27116562556460355, 0.4074034454932784, 0.7467554601808144, 1.0]","[0.5190657975079019, 1.2308014446339344]",-34.26934814453125,0.03,2025.3812287764063,36.188806493263144,0.0,0.0,0
328,"[0.46583935695858897, 0.5821151961020548, 0.40158698913156315, 0.475710057101946, 0.43344862179016996, 0.6019418737071905, 0.15010947006674655, 0.4299402554507937, 0.7740804382497954, 0.8159448044909722]","[0.44249041723073906, 1.1119934171499568]",-24.55133819580078,0.04,1741.1749758098913,152.85667918138847,0.0,0.0,0
329,"[0.6162087842258794, 0.462285848966526, 0.704150025350684, 0.44305319266180193, 0.6611476059592133, 0.8833593693746116, 0.2602609876257457, 0.3739630299498413, 0.41746151798017533, 1.0]","[0.5858645468241704, 1.1022193733562966]",-28.997554779052734,0.026,1953.399235997333,43.671853915625576,0.0,0.0,0
330,"[0.42432731474632296, 0.666580356075399, 0.40322791448787443, 0.681664168437902, 0.7424422843134516, 0.3832479870773179, 0.48574922337196463, 0.7768247729173581, 0.626239436540439, 0.9700224254208791]","[0.7681328822483781, 0.42296641467075774]",-40.04730987548828,0.04,1982.3105631668072,16.506298190616633,2.0,0.0,0
331,"[0.49904847415237585, 0.4285306200164636, 0.9046644128594183, 0.3953371210390192, 0.48631399331580133, 1.0, 0.2115745851483106, 0.3972967242414847, 0.5291084311430418, 0.9458596358016881]","[0.6201977608378456, 0.9564297126270487]",-48.33577346801758,0.042,2402.0878740827566,159.30449832483902,1.0,0.0,0
332,"[0.6281718522555966, 0.47489088748242697, 0.3890141595124472, 0.5072349094689917, 0.587470328990039, 0.7603496032115027, 0.23379243766552757, 0.4001304368525048, 0.4014531961008538, 0.9999719821585824]","[0.485840806865054, 1.097734417794167]",-36.727848052978516,0.046,1752.944662303993,54.955054085182155,0.0,0.0,0
333,"[0.4136494428713318, 0.8073279798830821, 0.3704526175567702, 0.3907113933271489, 0.41972557582427944, 0.5640117643837231, 0.24797440262147077, 0.22923338431300277, 1.0, 0.4874926129846497]","[0.48450102115803534, 0.4333149502033872]",-29.41939353942871,0.062,2006.3659082367797,124.0679207864256,1.0,0.0,0
334,"[0.44222771175497, 0.5947144289905012, 0.28669496660795385, 0.764095813536798, 0.5231324209462567, 0.6157814392784099, 0.4321491460422913, 0.5535340132567722, 0.7982191207276582, 0.5360414992918091]","[0.33165356331177903, 0.9842668470467889]",-29.222187042236328,0.133,1913.474740785846,62.675382249576785,2.0,0.0,0
335,"[0.8962976021307598, 0.39130340122847074, 0.7636939933831859, 0.2667011122588737, 0.5616039294364056, 0.30041635560809005, 0.8483455381532081, 0.41551776892611636, 0.630050457155448, 0.5684401694190091]","[0.6148616938806285, 0.639709309019941]",-39.16854476928711,0.162,1784.334808017568,-40.64804308020268,1.0,0.0,0
336,"[0.5294613210456317, 0.7267334559961499, 0.8568478251501356, 0.4351610677782988, 0.7875314629760738, 0.27852330214521215, 0.8700014775570805, 0.2947549242552569, 0.5666371341465307, 0.4978857732294985]","[0.5041229486212135, 0.6273888090940789]",-32.02445983886719,0.027,2084.2322418012764,-105.71644006209391,1.0,0.0,0
337,"[1.0, 0.5104340678193083, 0.8776844223388295, 0.6400241844947879, 0.669045112638239, 0.7869329318739471, 0.3097804378378627, 0.39913114840340325, 0.39580950536302834, 1.0]","[0.787444830544207, 0.5480715426750786]",-41.070899963378906,0.011,2091.608035552452,-7.240958856906559,2.0,1.0,0
338,"[0.5354211806587065, 0.477311687563085, 0.24555930730550432, 0.3865097875673149, 0.40234876143323484, 0.47368100476477726, 0.46916888641102694, 0.7457837591312615, 0.6691093415296798, 0.0]","[0.8004637873031282, 0.37029078737340054]",-21.214500427246094,0.199,1996.5593347419313,154.86028877665086,2.0,0.0,0
339,"[0.6267748474406059, 0.7402450471821437, 0.89221930237804, 0.8274109912932418, 0.7088464742816025, 0.6460005675913894, 0.675335348287122, 0.3086214440063929, 0.015035406378364346, 0.47527030732740727]","[0.7287192192833544, 0.45786816738513264]",-20.853221893310547,0.007,1425.1143566224382,56.667371524927404,3.0,0.0,0
340,"[0.5277505500603545, 0.487825136619893, 0.34888409013780464, 0.430298259077435, 0.5764159162533006, 0.26990014900414405, 0.6911003777661787, 0.8520031814883817, 0.8216582882496155, 0.28139515333476584]","[0.6048637116747497, 0.7033678235577375]",-17.972745895385742,0.074,1360.6754852487063,168.65995056322345,1.0,0.0,0
341,"[1.0, 0.9113922928314304, 0.5398799001642163, 0.5740745785825309, 0.4034429219580366, 0.5901671083747826, 0.7903824093572656, 0.5754350913682091, 0.13672980675003046, 0.3291570281502683]","[0.5560413941856198, 0.8511636957807309]",-28.89078140258789,0.04,2323.9584011650127,-112.90688984436923,2.0,0.0,0
342,"[0.39508766796988604, 0.7751116075442706, 0.613106763797528, 0.6580817442506102, 0.4187101509130931, 0.49795828443163564, 0.39702070230215103, 0.3575746682202663, 0.20041837031748724, 0.18401318788007084]","[0.6292768342970961, 0.3753524785922109]",-30.011825561523438,0.042,1390.2730726868372,-20.43916967787652,1.0,0.0,0
343,"[0.5532653119696693, 0.717514510164905, 0.45229489731864, 0.5028451474121843, 0.39780938957170886, 0.9801133221705528, 0.9998200909567428, 0.05926402159402592, 0.3074485022629091, 0.5256482102684575]","[0.5072384765006215, 0.28813358532993016]",-42.500431060791016,0.041,1905.130620095783,-23.70922950028097,1.0,0.0,0
344,"[0.3977332619848237, 0.6226934912913585, 0.6538930775875362, 0.45796052427077155, 0.4556087024868057, 1.0, 0.31225961762665166, 0.5252861119720131, 0.21932554714663632, 0.689264064952726]","[0.49695529632476865, 0.5847387986046043]",-32.0474739074707,0.041,1667.892648248089,-63.22908957494724,1.0,0.0,0
345,"[0.429060412670198, 1.0, 0.5906237086461511, 0.6466975636058423, 0.45114517040461016, 0.5118886946699098, 0.4611537613225891, 0.4168234624165876, 0.28428594085300524, 0.1169644579873626]","[0.7326941776315606, 0.3231432759274972]",-52.5173225402832,0.031,1639.8721597795807,12.150176470938277,1.0,0.0,0
346,"[0.9056919275707705, 0.6706351375622146, 0.960566977187728, 0.38485468927732047, 0.6592954132312371, 0.5936817560181754, 0.7299608576168036, 0.3945557731104036, 0.13060486822725043, 0.6544111709835643]","[0.5345327988633146, 0.9587184810596228]",-23.397403717041016,0.051,2323.7192893261176,124.67465369751812,2.0,0.0,0
347,"[0.22434966369489936, 0.36641528211192914, 0.6322865725877661, 0.3872123200804299, 0.4332196022321156, 1.0, 0.24203186360641032, 0.2500322851180113, 0.5885282969509825, 1.0]","[0.47851855912802377, 0.9142341465068802]",-44.281578063964844,0.235,2095.3743718807395,-96.11308306305136,2.0,0.0,0
348,"[0.4495262376930174, 0.9388563222360108, 0.35936986082801786, 0.5273627529135413, 0.7841731203579314, 0.07356226170173619, 0.46629608862854943, 0.5494747785844063, 0.6624510528381014, 0.39199809692460885]","[0.7509681678115905, 0.6638237983277993]",-30.6584529876709,0.066,2220.3380653531203,-33.99968713924176,1.0,0.0,0
349,"[0.49083009160164476, 0.7006262417564426, 0.45458286069883636, 0.5889779025739149, 0.535465710082392, 0.6845810793791776, 0.13593975752050066, 0.5808128184097373, 0.7827524269732777, 0.044813220127806364]","[0.4171311696793595, 0.650996009326552]",-30.849328994750977,0.019,1660.6020009010138,68.80708332109381,1.0,0.0,0
350,"[0.4134978782855498, 1.0, 0.5374096309205426, 0.6993191641675424, 0.48540831933117634, 0.41575394455760883, 0.6287792080440653, 0.1207801624702162, 0.3031199657578349, 0.17366665298654668]","[0.4750080888039555, 0.39903547636533887]",-21.990766525268555,0.035,1751.0002567061686,128.38537410842946,1.0,0.0,0
351,"[0.36375712252495984, 0.7093502414301848, 0.7706362885922344, 0.37574921284067714, 0.7158702624325006, 0.5690177297414586, 0.0523264939095668, 0.2945862454361532, 0.5627641530809295, 0.4741575170665986]","[0.7150301366882342, 0.3735448426559875]",-37.99042892456055,0.064,1353.452289234408,229.4590623741613,1.0,0.0,0
352,"[0.6307591018410996, 0.5081317303528718, 0.5261735363943524, 0.6862042364490221, 0.501615529479424, 0.7293855216586714, 0.3178402144633831, 0.4815459407018781, 0.2609318001103731, 1.0]","[0.7190455789334191, 1.0370191064059682]",-38.818878173828125,0.011,1901.7377685301244,-22.49210204076411,0.0,0.0,1
353,"[0.7384914076072284, 0.7685417153149432, 0.5057138402477218, 0.3271147953405937, 0.6633655243717176, 0.0, 0.6056147475567427, 0.3493735334426651, 0.7665280406530699, 0.8488997156081604]","[0.37767631415294034, 1.1760488368113295]",-17.699195861816406,0.092,3017.894375439273,-189.73962238956028,2.0,0.0,0
354,"[0.47153765613370774, 0.8702202674612963, 0.48130444457770843, 0.6263908345736101, 0.4573799499278021, 0.14107632514253307, 0.31049329950360766, 0.6741743156767084, 0.812666439689904, 0.0505151780508864]","[0.7811926602962022, 0.6676792232507205]",-42.70718002319336,0.017,2176.0308417294227,99.23298446138071,1.0,0.0,0
355,"[0.8945778545234604, 0.5222074958164837, 0.6379001277903885, 0.5228238514789846, 0.4721608068801313, 0.922239068799248, 0.22254796602360383, 0.1942437300542398, 0.6276367089067603, 1.0]","[0.7530854723979354, 0.8717373716629018]",-44.921546936035156,0.013,2198.0055295368525,53.494254561317916,2.0,1.0,0
356,"[0.6006738220960279, 0.5366440186562909, 0.9478889196500089, 0.5394400286171961, 0.8189304008486037, 0.087531952158874, 0.9483062300790398, 0.47362124708334075, 0.711189366569233, 0.5612124503106867]","[0.7955239238548935, 0.507011199285021]",-30.295318603515625,0.009,2052.9425984229333,-7.8184858187204895,1.0,0.0,0
357,"[0.5384993805429398, 0.7173379002849977, 0.4589195930087254, 0.6860093099655439, 0.5299703274586542, 0.3875893503315286, 0.7357411564062806, 0.3642065390439456, 0.4290425619732737, 0.5704752345650753]","[0.5645527460596378, 0.43314868868851664]",-18.462831497192383,0.017,1080.6648331160823,113.76146968996315,2.0,0.0,0
358,"[0.6456860282974187, 0.4497872564466227, 0.6686736296734658, 0.31857933217449674, 0.7047990154021697, 0.7270965491338849, 0.7381931655214007, 0.5605213779672571, 0.9076295785000055, 0.2974203953868327]","[0.4245214809920318, 1.2144110320558017]",-24.662912368774414,0.099,1947.9715568096544,-28.25361507576997,1.0,0.0,0
359,"[0.4319131503900655, 0.6009793990116254, 0.3521455460854031, 0.49928385356565375, 0.7124685349072233, 0.5361733371191257, 0.019730402123100507, 0.32570547744186673, 0.5073837101433439, 0.8722532563765406]","[0.5130134382634327, 0.33405620234856737]",-43.7520866394043,0.069,1928.657708023785,129.89409292624873,1.0,0.0,0
360,"[0.5450948011042774, 0.5560225083784085, 0.5038839439818249, 0.714914626607688, 0.3970638881362326, 0.39578950562718734, 0.8480521831426538, 0.39707816473881963, 0.7516968201147534, 0.09031295663498991]","[0.531964316987803, 0.9138221658744596]",-43.26448059082031,0.041,1693.759380553068,183.28235332303143,2.0,0.0,0
361,"[0.4602545751164078, 0.9397431324055354, 0.7023427135277243, 0.6850451263128564, 0.48869389654742074, 0.44648643047478087, 0.27601885278002863, 0.33675926556196084, 0.0, 0.0]","[0.5378084860333797, 0.32689305049362605]",-25.620149612426758,0.015,1798.8639142690984,-75.24877708856332,2.0,0.0,0
362,"[0.3697803354191436, 0.4288918331578531, 0.468660111764399, 0.8137083098661151, 0.369035630254894, 0.3735941808354088, 0.5781656073336077, 0.2104478958668199, 0.9113264035710498, 0.0]","[0.4619975981022801, 0.9195682399163262]",-47.64817428588867,0.062,2218.913227192404,-65.94999866492697,3.0,0.0,0
363,"[0.5752269932749265, 0.643669255671632, 0.45568549087226423, 0.6343338785477811, 0.41276626691735935, 0.6446999926883316, 0.6199473346460733, 0.4398010281870126, 0.7981721826052626, 0.1124240950126229]","[0.43086771991521966, 1.2177551749645978]",-41.49542236328125,0.035,2118.2359798264056,130.69996539893646,1.0,0.0,0
364,"[0.31207587535868525, 0.9363554360120924, 0.5026759075155661, 0.5252109342504236, 0.26944934688187416, 0.9127430772769256, 0.36433088597149554, 0.7185401128109649, 0.5392762160386201, 0.403993272992572]","[0.4650149856389126, 0.5945978101078834]",-36.52725601196289,0.156,2005.4896105951636,-49.121603582011005,2.0,0.0,0
365,"[0.6280008421923577, 0.6288686588784673, 0.32928037067794214, 0.3279853616826296, 0.6702625202593072, 0.8741953043501183, 0.5456680607426478, 0.36085074985421595, 0.5625287523582438, 0.7321017690249735]","[0.5954786469413931, 0.39103591948686767]",-22.787324905395508,0.09,1611.6527768129877,4.927233593094741,1.0,0.0,0
366,"[0.5241240862154475, 0.52024086784372, 0.4344091870208898, 0.7777640451530509, 0.5130321673951372, 0.5876652579447884, 0.11789100828697639, 0.3925317262041797, 0.40012236239859755, 1.0]","[0.64237064289122, 1.0867079428985957]",-46.024173736572266,0.027,2310.2307365971137,-105.9452776088765,0.0,0.0,1
367,"[0.38395616634622226, 0.755898545810956, 0.5072184615573269, 0.5011512194313327, 0.527756299197928, 0.6575723581262254, 0.48484681137758634, 0.18069572598680178, 0.9999870974498998, 0.1172000686059306]","[0.8829830117349511, 0.6299613636540785]",-43.532283782958984,0.052,2374.1605290229522,140.7768482883722,1.0,0.0,0
368,"[0.365808434839478, 0.5815674909993017, 0.32595264368256816, 0.43909802835112977, 0.3151915620261208, 0.39856057088893926, 0.5990025261798968, 0.26049572385117353, 0.9795547595990478, 0.10159829729133968]","[0.4840060208064665, 0.6954115761805576]",-24.12371063232422,0.1,1703.802933510836,12.49835844538228,1.0,0.0,0
369,"[0.5076281441936099, 0.8914547915468193, 0.9335903776371194, 0.4468806718758873, 0.7142350248818418, 0.41757676097999463, 1.0, 0.3895611560919582, 0.5365077057691386, 0.43246208597375424]","[0.7747987119936235, 0.5195555909388356]",-36.881744384765625,0.024,1910.63139568654,29.423743861957234,2.0,1.0,0
370,"[0.5913743817823487, 0.7443690987303355, 0.09974723672761839, 0.21351861202746925, 0.7771595940341444, 0.28089577326669074, 0.0, 0.2967566428346439, 0.35255927044847235, 1.0]","[0.7567109117590114, 0.3688192302292089]",-34.329864501953125,0.804,2749.8777881584347,40.8027650995719,3.0,1.0,0
371,"[0.5271090952930905, 0.38332838407744274, 0.4502153205266574, 0.32025373990255407, 0.3468650536329966, 0.33700786018165396, 0.9413711019513645, 0.22948500472695946, 0.5760726783947484, 0.9397712277146343]","[0.5183214373869611, 0.5022461027936767]",-39.942054748535156,0.099,1516.99942408424,191.16992195636394,1.0,0.0,0
372,"[0.4450824307009652, 0.4025516403005688, 0.4197886036346908, 0.536880041266397, 0.35936297030191916, 0.750784487208874, 1.0, 0.381305863841204, 1.0, 0.24710577242711745]","[0.5034043428350612, 1.1026079441394485]",-39.735191345214844,0.066,1687.6455862647135,28.12157053030242,0.0,0.0,0
373,"[0.5432482906130672, 0.5654272628409963, 0.4040524205313937, 0.5146112741862242, 0.40979083330671595, 0.8977231258352397, 0.6857225134411855, 0.194955015659233, 0.5460492558140134, 0.9339835672827856]","[0.5866578618703989, 0.3327591020587081]",-24.792064666748047,0.04,1589.9523202585021,21.509399972884182,1.0,0.0,0
374,"[0.6744613126897864, 0.5892366750246075, 0.5150603070018159, 0.5879297314732181, 0.4025063796620016, 0.38156392161019004, 0.818964500627645, 0.6503942586328259, 0.9070104480381976, 0.10244642994635414]","[0.550991742095548, 0.7600603976762215]",-39.74892807006836,0.04,1626.5243785918294,105.2420560383664,1.0,0.0,0
375,"[0.36945204490814443, 0.47358738806313116, 0.6328520873745868, 0.49254673882879196, 0.5152179398793076, 0.13815870109668357, 0.4653045542049973, 0.3969907388247043, 0.7656351133938218, 0.15845751058490548]","[0.5742264639547359, 0.8924615261156521]",-15.476446151733398,0.062,1730.3380401595887,6.7149922437550345,1.0,0.0,0
376,"[0.5635506314227952, 0.466260377253913, 0.45460380320704974, 0.47065888698111225, 0.3716266191365213, 0.5832367642321213, 0.9232024165357257, 0.4415021727692693, 0.7953613168869734, 0.6038873925824514]","[0.48440754245468415, 0.92879664496668]",-14.70195198059082,0.062,1205.9885910167282,38.80755697293253,1.0,0.0,0
377,"[0.5383047901455252, 0.6117452662246459, 0.7980876809547788, 0.4554366122980507, 0.5706135220462164, 0.2487751012452642, 0.06749364960718725, 0.391630454236639, 0.7338849347418979, 0.6849274850830703]","[0.5880105079234742, 1.0223741217621765]",-30.80209732055664,0.019,2176.4399158612605,43.4185532995719,0.0,0.0,0
378,"[0.3836353836358155, 0.9876818607641403, 0.3711088018424326, 0.6945927800905949, 0.4829249093622419, 0.7439935668319787, 0.6518437914816825, 0.6909161930504502, 0.793587033189682, 0.17174276020002782]","[0.7986804777864838, 0.47692442405022095]",-41.70304489135742,0.062,2319.3826268689445,161.1083768556897,1.0,0.0,0
379,"[0.6478019112383748, 0.4565533889722984, 0.5611859889877542, 0.5410163055314193, 0.24389310464612013, 0.6973234573580552, 0.6097249130214659, 0.4427906847563853, 0.3959000702529544, 0.5596428248462348]","[0.4217090928849252, 0.9073901188789434]",-19.83675193786621,0.2,1627.6355592555133,166.92660442330657,1.0,0.0,0
380,"[0.4480687108311021, 0.8257995414266671, 0.6068461731324498, 0.13205568827790717, 0.4847525929275096, 0.566852386573821, 0.7277106511364625, 0.49404581566487477, 0.4554264979555572, 0.42189871976190896]","[0.5367658532624598, 0.6160127307729]",-17.101396560668945,0.592,1714.718662404848,15.64078928938818,2.0,0.0,0
381,"[0.4196139910534483, 0.6704182810171533, 0.36644187195363576, 0.4276359078728576, 0.35993220730529485, 0.819137765255085, 0.0558922638298217, 0.39869133408305246, 0.5526901056180911, 0.743596395368762]","[0.30555084153175077, 0.24683251416044677]",-23.96601676940918,0.066,1733.2508087885606,91.54726805143457,1.0,0.0,0
382,"[0.5662382164052828, 0.9691240652210588, 0.7350854943444386, 0.5118946424902938, 0.7815106179019088, 0.0, 0.8419974558815174, 0.23231407282834737, 0.12059680045248201, 0.1986809938350093]","[0.6691317817628529, 0.16905924419384247]",-30.968908309936523,0.01,1830.9549679415225,156.45463016763622,2.0,1.0,0
383,"[0.43746119594816185, 0.5661977173232892, 0.44714778234546176, 0.4623575506772005, 0.28848763316049997, 0.3577183812735788, 0.435033078116037, 0.5337033342498553, 0.7383856745222201, 0.2759128378091243]","[0.48424984027087165, 1.077278394880618]",-24.263595581054688,0.131,1699.3090071125473,1.7212483339869777,0.0,0.0,0
384,"[0.8087698526640708, 0.5910815904370001, 0.762156524224979, 0.41574878702609785, 0.7290549760061983, 0.5449722474599075, 0.027691577048432815, 0.3112873048996789, 0.23614151630858754, 0.7983652212395675]","[0.47732705846854734, 0.9579851412242287]",-44.293846130371094,0.034,2342.605853214178,-145.1436877676599,1.0,0.0,0
385,"[0.881035051914957, 0.43965503084429414, 0.5471525391164921, 0.3668780506779158, 0.37052133425524547, 0.5965867050165383, 0.3665066777063262, 0.23869913221723127, 0.2952046402361454, 1.0]","[0.6851845764496164, 0.9884401845746396]",-42.42284393310547,0.063,2518.7842834714957,82.19405044788175,2.0,0.0,0
386,"[0.38626812015991774, 0.6869770347435208, 0.3549983152860175, 0.6473113788014594, 0.4160539220983983, 0.7697586868495525, 0.6723848783648041, 0.16262409182063065, 0.21337217177820306, 0.16766975309058496]","[0.7958064002223302, 0.45216002307690045]",-29.62431526184082,0.068,1899.843975361412,149.89478797259517,2.0,0.0,0
387,"[0.6203457212293855, 0.5326298037086801, 0.3844465686435497, 0.9505672395736449, 0.708410591485608, 0.29394496900283384, 0.10609163563466138, 0.7825157633114351, 0.6808295726088207, 0.6430431363999]","[0.40469920569454465, 0.9843604553253172]",-40.32180404663086,0.051,2280.00147530249,-93.5354033524975,3.0,0.0,0
388,"[0.6748121531301923, 0.29799447873315055, 0.4852172477204568, 0.4406405687065463, 0.13210735233894075, 0.2917834057881623, 0.5061934559149974, 0.6929683440280265, 0.8159990535767883, 0.6905867968859826]","[0.4747073589830384, 0.6852068819118557]",-40.603172302246094,0.592,1795.0530442518234,33.906662864922396,2.0,0.0,0
389,"[0.4811235277572299, 0.4889784329976302, 1.0, 0.3656636670158791, 0.804889551949019, 0.7481203182469137, 0.23708815136676128, 0.45532768122205985, 0.5207108159745557, 0.8833370543456328]","[0.7655852151046064, 0.2271367617912745]",-42.41398620605469,0.063,2531.818736083505,-173.06457107994186,2.0,0.0,0
390,"[0.4597676825819686, 0.7594025134155724, 0.5991681066633134, 0.45232945148190384, 0.6699080459871088, 0.16616540513579645, 1.0, 0.5285834925182779, 0.20076389686370685, 0.5720327562076977]","[0.46179111316373256, 0.20710781841835305]",-30.71841812133789,0.023,1527.6870743949598,193.01888569184814,2.0,0.0,0
391,"[0.752123849188254, 0.1569468143698099, 0.5433310582935581, 0.5059381273960063, 0.5326693795308791, 0.0, 0.5180392915883203, 0.25729818834112217, 0.7092358720207685, 0.8922226755022896]","[0.6718681517385385, 0.5713225165210395]",-43.55901336669922,0.47,2448.7959015833017,-56.211895535725716,2.0,0.0,0
392,"[0.7140608117768473, 0.34576149910654075, 0.7916235149492092, 0.2626919305397284, 0.6302503796379585, 0.9389969111447386, 0.5164519149948894, 0.3806991348773807, 0.45062566324411624, 0.87233422288145]","[0.6909772573713385, 1.076681303418671]",-21.217365264892578,0.166,2123.9303065216673,75.3535863056824,1.0,0.0,0
393,"[0.6075093757747831, 0.5123643089951181, 0.6159022610170382, 0.7215470606179395, 0.507335217581088, 1.0, 1.0, 0.37606768768848237, 0.3600928836874667, 0.3510793692583973]","[0.4785810842281343, 1.1930470285723458]",-24.196741104125977,0.011,1888.9244634769648,93.42647445167125,0.0,0.0,0
394,"[0.6848129700273937, 0.5410289609748896, 0.696122585022364, 0.6148838778133014, 0.7879638862878325, 1.0, 0.18614547869974846, 0.3474924266192926, 0.2822782775004343, 1.0]","[0.7155607730794424, 1.0929932352475886]",-24.52728271484375,0.009,1798.4893759520403,80.08352541453965,2.0,2.0,0
395,"[0.489427950571474, 0.6136836920560369, 0.9696645241798268, 0.34064309453271485, 0.45229985442059084, 0.9271920322928222, 0.18158227103129954, 0.715002427585999, 0.2891329654603194, 0.8249172459317309]","[0.5915800982124039, 0.41546595426402194]",-43.321449279785156,0.077,2565.8506708620307,70.65938527463038,2.0,0.0,0
396,"[0.29142979712420813, 0.9870195398879736, 0.026000330613721007, 0.5450850901199716, 0.2485422383105008, 0.2880791158413234, 0.31591996913507797, 0.7298930118556778, 0.32904245892255557, 0.16141625485094185]","[0.3227646929322738, 0.177066887884293]",-48.74311447143555,1.0,2342.7932371344095,29.12444054662913,2.0,0.0,0
397,"[0.8331530516470976, 0.14706113393888992, 0.27906462574477775, 0.2592095197624949, 0.42269706915388566, 0.39247876553798006, 0.9753125607941804, 0.7123034338692413, 0.889412429543446, 0.46429688939197905]","[0.41973878065115194, 0.8073833751588452]",-24.87526512145996,0.513,1987.5882848598135,16.558960719642613,3.0,0.0,0
398,"[0.6940731632603327, 0.614263042032951, 0.5184624513181368, 0.4622228456075586, 0.251355181596513, 0.3917021680324213, 0.5454355871393262, 0.3375167837370367, 0.9106342203304791, 0.29195223914444407]","[0.49167283673161993, 0.9007966769754194]",-36.46018600463867,0.189,1724.854683452067,-36.68966195571102,1.0,0.0,0
399,"[0.5516078530119385, 0.9761107894345181, 0.6309489301032263, 0.5799138629163854, 0.4286747275727073, 0.40655653674533127, 0.4754761583091218, 0.0, 1.0, 0.06475685898437596]","[0.7208178040574572, 0.5041173226939089]",-11.842248916625977,0.031,2572.2243618463594,-101.97505261009366,1.0,0.0,0
400,"[0.49231401095989247, 0.46269425874309705, 0.4625125424363517, 0.5999360466631114, 0.3856639968684181, 0.26475726009288153, 0.7897335446844783, 0.41836407713111745, 1.0, 0.021601408414110596]","[0.13813649233686523, 1.1446471304418357]",-40.511566162109375,0.051,2542.2866392671076,-8.782434360685329,1.0,0.0,0
401,"[0.5153351876304154, 0.7317027095905572, 0.4231113570157925, 0.5673089965797062, 0.32138844329443095, 0.35582236268317097, 0.7051213600301968, 0.4398546407908169, 0.8497693134685262, 0.12176688868755245]","[0.4124795126178508, 1.2416995004927307]",-27.700939178466797,0.097,2460.049690803963,44.058051867179614,1.0,0.0,0
402,"[0.5311053060678851, 0.808896598151985, 0.5643198735347481, 0.6408410720219843, 0.445276686929956, 0.6734936667028962, 0.5146377542081668, 0.15687042891084355, 1.0, 0.28887167422871285]","[0.6950199980503041, 0.31362745383685053]",-40.002994537353516,0.024,2128.866194157409,-44.24959978158796,1.0,0.0,0
403,"[0.427006332295217, 0.7237308514342816, 0.43154366781909, 0.6138024548925318, 0.4113118922333489, 0.20776039767045262, 0.5547300426407932, 0.5507112925553351, 0.3089420926589872, 0.06228032246377639]","[0.5458812067995493, 0.8379545106993894]",-41.44333267211914,0.036,2048.966497518588,8.128793566823987,1.0,0.0,0
404,"[0.7599066354572419, 0.7970526271129649, 0.5626498926728553, 0.5176518677297417, 0.5620363442076561, 0.07180165777657584, 0.33801209335269317, 0.47149710613173507, 1.0, 0.06913273094037849]","[0.6536377170201061, 0.7077714096699776]",-27.46002960205078,0.01,2186.530457586798,-77.81051857283757,2.0,0.0,0
405,"[0.6943640953458473, 0.7498858271612905, 0.805052507871471, 0.40707746035269243, 0.5104952526216319, 0.7893282561482295, 0.010564534687697679, 0.6327447227621934, 0.729160620636458, 0.9143898059805163]","[0.3758565965919122, 1.338407410398247]",-40.64691162109375,0.039,2826.2563443112435,-67.58998120953379,2.0,0.0,0
406,"[0.6013754708846465, 0.36747869392447835, 0.9032567694156328, 0.4037614721273502, 0.3495359368062394, 0.3182644104726, 0.9965519464336672, 0.3893843920289373, 0.6092019335250215, 0.12948344605731196]","[0.5418305999324486, 1.06112575712949]",-44.85226821899414,0.074,2585.910066747921,-264.9043710761414,1.0,0.0,0
407,"[0.45572908495939596, 0.8716281019943978, 0.42096838838409417, 0.5021337106494138, 0.3807202563545683, 0.40653498957685785, 0.1948933762280305, 1.0, 0.3995273917782642, 0.4283724060407993]","[0.5343055014306448, 0.499609247918915]",-30.839595794677734,0.053,1942.6814207896327,173.7828581120424,1.0,0.0,0
408,"[0.39766580683431996, 0.12881110652957514, 0.5996650738809408, 0.2843439482806035, 0.707262257580038, 0.5470585154273064, 0.7079333297941522, 0.22216829600049717, 0.6663001101158673, 0.5456193329627812]","[1.1947558269011715, 0.29923267904317985]",-37.81330108642578,0.616,2536.9860735550046,-16.345089653055254,2.0,0.0,0
409,"[0.3181718914970817, 1.0, 0.2739283576760915, 0.23237966425172848, 0.4284559137033178, 0.33969644317941106, 0.04263564345968472, 0.9997960781917301, 0.5059981727620212, 0.6766055847167635]","[0.548749976842903, 0.6193281429100245]",-56.208465576171875,0.224,2784.5736731330844,-59.875470117468865,3.0,0.0,0
410,"[0.41699996179141424, 0.904944657984141, 0.705536381926217, 0.7525251099632154, 0.5331653761341566, 0.6165537802490756, 0.7162665018689692, 0.5574973152124846, 0.2827170189897279, 0.16693531946038892]","[0.5535353473484048, 0.5316050486423245]",-29.663522720336914,0.034,1827.8144020866298,-161.3967165639732,2.0,0.0,0
411,"[0.3468627910452893, 0.9215127905732448, 0.3708695116435932, 0.8226845712318549, 0.49628902384074003, 0.6002871366567404, 0.08977786226285799, 0.7704488081821727, 0.18568442220864062, 0.36896850730389896]","[0.7182687910602985, 0.5498655764367893]",-43.720359802246094,0.074,2076.037037259791,22.479328702566676,2.0,0.0,0
412,"[0.33021943834323775, 0.3301909410587024, 0.41840613976086405, 0.2836036007223413, 0.26232943879356474, 0.0017654802052806176, 0.4852096265036638, 0.0, 0.9120731807302246, 0.9860243332071091]","[0.2904482424719083, 0.72069101848029]",-32.42075729370117,0.166,1798.1736946573799,123.75062820421343,5.0,0.0,0
413,"[0.5115747950941296, 0.5278498907820913, 0.8185952123137403, 0.4362125433566453, 0.3355973326771949, 0.9855845691666346, 0.03794161598711883, 0.5038015864225733, 0.5271726685337794, 0.5355219816299484]","[0.34697695263305817, 1.0404096308176614]",-46.89624786376953,0.083,2699.7235578598847,83.73328226002513,1.0,0.0,0
414,"[0.5701384838641639, 0.4357944114474211, 1.0, 0.3206963780319731, 0.5504512611363794, 0.5464925960639555, 0.004055477485450725, 0.4478133854314676, 0.6119733454306675, 0.7550092966251779]","[0.4656942030318628, 1.2256518631621185]",-45.431148529052734,0.099,3242.3334619301895,-97.0698904073331,1.0,0.0,0
415,"[0.8126748486500093, 0.5101321483604212, 0.613730141068398, 0.562932985676167, 0.495452426217074, 0.7895710900530974, 0.7548840449418681, 0.25947540482446785, 0.3369106217835293, 1.0]","[0.6737448498451497, 0.7890462591911485]",-25.210193634033203,0.012,1775.8694436434603,97.65197792164074,2.0,0.0,0
416,"[0.854857643795442, 0.5853082436007796, 0.6815140880495218, 0.28127548925328394, 0.6727362339100307, 0.7839827048408422, 0.8825015422882962, 0.3224417951418591, 0.5001426803640436, 0.5525330347108474]","[0.5394177519525496, 1.024966315479875]",-34.76054000854492,0.144,2260.617474105156,-131.7605187642875,1.0,0.0,0
417,"[0.38166081739753327, 0.6488461606145629, 0.7068201892315413, 0.5356860782279484, 0.8283433494825506, 0.25924630652760067, 0.7355330869682549, 0.9847322309080275, 0.7574864322103728, 0.334811044076383]","[0.6101740734919429, 0.7263098024293653]",-35.15592575073242,0.053,2114.105408103961,59.8853939316904,1.0,0.0,0
418,"[0.46422581558479276, 0.2813841244010896, 0.8480407027695697, 0.3537562107859797, 0.529711249708416, 0.8187027306365622, 1.0, 0.26380379725190883, 0.3356884443398069, 0.33122548817676456]","[0.48861830108392956, 0.7113849409257319]",-42.506309509277344,0.144,2085.5108998592254,-41.3497822146291,2.0,0.0,0
419,"[0.4268807335481398, 0.955969114886826, 0.451775326165955, 0.6490353961289083, 0.42457323463707114, 0.16601172430114794, 0.1106365787925655, 0.4773797616152244, 0.24667734828435, 0.22705938085394353]","[0.5892826660888069, 0.7827148866117999]",-26.590604782104492,0.032,2014.653383625445,150.18226688822477,2.0,0.0,0
420,"[0.6021366582633612, 0.7649630753428446, 0.44002110186393123, 0.2861912640447588, 0.5127447186918652, 0.5391730202827394, 0.9942689073756827, 0.29122568509141455, 0.5927615305132171, 1.0]","[0.4638731362989984, 0.2125290625724403]",-46.947879791259766,0.134,2362.026045913804,-168.46823080497853,2.0,0.0,0
421,"[0.3820021142521683, 0.9389797018018864, 0.3984954562065836, 0.542101801435034, 0.3345300432189411, 0.5269075897650657, 0.6455635177903359, 0.5728569010498873, 0.5985714437735175, 0.08129734862620619]","[0.4470922482055802, 1.0033186090810864]",-42.305355072021484,0.083,2430.377443603998,170.63453726784593,0.0,0.0,0
422,"[0.580714123808604, 0.5346523162546432, 0.48660486302509454, 0.8904453346943499, 0.3956288018195424, 0.42037481556402906, 0.028253230565931497, 0.20694615419594742, 0.12395029912816903, 1.0]","[0.25975060846220177, 0.9424391447511445]",-32.50737380981445,0.042,2571.240694321041,-56.39654273866478,2.0,0.0,0
423,"[0.7083507859167946, 0.6254112338860669, 0.48997688866360933, 0.3348662229317813, 0.5240656718619403, 0.1962998035790302, 0.7606693787552722, 0.4940948060760503, 0.4859159820570825, 0.6863823538488494]","[0.6503122829184503, 1.0513713597899819]",-36.63286590576172,0.083,1895.508476900546,42.57506500397406,0.0,0.0,0
424,"[0.558729090130733, 0.568532039201982, 0.6872811112474335, 0.49449023606533643, 0.7653553717352992, 0.23990207813206021, 0.9838552860443902, 0.03676325642081127, 0.0, 0.2029138614792874]","[0.3645598906728254, 0.1822346904879127]",-23.042556762695312,0.012,2560.516222107571,-53.9635947984695,1.0,0.0,0
425,"[0.364767552380631, 0.6219515647569593, 0.4880102791447704, 0.3781448510400205, 0.4554050101438244, 0.10848927154688015, 0.1900846585008383, 0.3172137936407407, 0.7099184681242531, 0.05762114545240978]","[0.5740920095094516, 0.6646351177033317]",-37.09921646118164,0.063,1767.3877085739953,78.77488194614574,1.0,0.0,0
426,"[0.46598342935827475, 0.6697078526069825, 0.4473025391684539, 0.5544951088729522, 0.6776215424216147, 1.0, 1.0, 0.016526461512168758, 0.35078309488086895, 0.8647435727824306]","[0.5982409286276917, 0.37221922589083906]",-37.58622741699219,0.024,2063.0324036973557,26.189358745062833,1.0,0.0,0
427,"[0.7258423639440112, 0.800214705546439, 0.7838411721244783, 0.5742119785152054, 0.4293046285267458, 0.8310440766272159, 0.25497088285941566, 0.16460368459152427, 0.7748075723927468, 0.6644909323513496]","[0.6346157145597223, 0.6346088707296119]",-30.3077335357666,0.031,1670.8551106543728,98.93724567745375,1.0,0.0,0
428,"[0.5964889322596444, 0.4767135986680684, 0.820311459327265, 0.8350579371719768, 0.440970180460153, 0.9300549025708414, 0.14269694929080556, 0.4149443885204316, 0.381679951224072, 1.0]","[0.5893888764353077, 0.6654867336814556]",-36.38489532470703,0.026,2071.6925753811424,191.35634781839477,1.0,0.0,0
429,"[0.28597784092201173, 0.6860211499989735, 0.5621933838586158, 0.3848361154700445, 0.7205836596827428, 0.4251337279782328, 0.43359321691875363, 0.8983839926494798, 0.47646149957846606, 0.776942770910039]","[0.5431334986554555, 0.16697037946998125]",-19.28764533996582,0.135,2104.6117983950053,66.35360347536889,1.0,0.0,0
430,"[0.33682674373328764, 0.6922684954821713, 0.5828259433269884, 0.4966585274434119, 0.3642153707268178, 0.8933087916712357, 1.0, 0.3288094848429494, 0.6310855719469753, 0.38754671036684685]","[0.5109426218119425, 1.1876579262476268]",-43.837059020996094,0.083,2356.012416045983,-125.26950029514495,0.0,0.0,1
431,"[0.4644166533815276, 0.7387744460160506, 0.573615080049747, 0.651688911394868, 0.8561781300675091, 0.7365203970211431, 0.10957776877774043, 0.2896535237005791, 1.0, 0.9694544631098913]","[0.7544690569530739, 0.4891214730442635]",-23.575050354003906,0.015,2374.7049398847707,-92.59321994732494,2.0,1.0,0
432,"[0.31210533347645186, 0.7962050440252115, 0.3998788946495272, 0.5560721457896382, 0.4621489978487181, 0.5958644488054765, 0.007245262825247485, 1.0, 0.5881473288511071, 0.6154608507736546]","[0.8989231369021925, 0.41009860301774337]",-45.38252639770508,0.101,2401.22484700521,88.97823212682593,2.0,0.0,0
433,"[0.4233838187799078, 0.3969370468964613, 0.4925333305402301, 0.4118244324249475, 0.45785648427542325, 0.9113954066132923, 1.0, 0.3403555704931447, 0.6312950889867364, 0.3194935029215442]","[0.5589535089701104, 0.9821580494972754]",-39.735191345214844,0.041,1446.8652104138062,184.55296777371154,1.0,0.0,0
434,"[0.6072170689947682, 0.6675998589725203, 0.6748111736315171, 0.43090464127475203, 0.40965898633618325, 0.2304765530673525, 0.9165989337616555, 0.5248340885343064, 0.6255176956061649, 0.13906162419005363]","[0.6712608096340286, 1.012983629502188]",-36.54914093017578,0.036,2091.973814419999,-110.80135953290073,0.0,0.0,1
435,"[0.4948743283286901, 0.4428175485752082, 0.42954526107967467, 0.41472799136818905, 0.5516541200390971, 0.9049908320795709, 0.9150464717658197, 0.46246849911414506, 0.6110062211218718, 0.3668536305213226]","[0.537357463469988, 0.903108448812588]",-24.290708541870117,0.035,1174.3583170059142,163.63572888323256,1.0,0.0,0
436,"[0.504131785985239, 0.47764271793072427, 0.9541189401383927, 0.40342736051574574, 0.4912858464082955, 0.646722865262358, 0.0970599060018745, 0.3706265932168475, 0.7857046764710358, 0.41997957905896466]","[0.5593034506156023, 0.8299049704659627]",-39.5085334777832,0.04,2249.018569382094,-34.04941304115374,1.0,0.0,0
437,"[0.6505967629663135, 0.3227381188506328, 0.7578466170437003, 0.5918908686251692, 0.4693291330536658, 0.5197258452592594, 0.4127941116049212, 0.3574324339522353, 0.789009292778576, 0.7744054390194957]","[0.6145490501398325, 1.0454048276242955]",-15.90473747253418,0.097,1993.008831490377,46.28750592008976,0.0,0.0,0
438,"[0.3859148624157713, 0.8317074404764438, 0.7031727937149486, 0.6423838469638047, 0.4675255635602279, 0.1945319157653626, 0.34617647747250324, 0.7705469875587572, 0.7383944935998424, 0.6173271292211362]","[1.1370432222841163, 0.3800446282554061]",-35.848777770996094,0.05,2424.604219472034,137.38731486501953,1.0,0.0,0
439,"[0.7820442725432364, 0.6197411541937644, 0.5031841674836772, 0.2871092466109044, 0.5800551364958947, 1.0, 0.5024744719861439, 0.4002280544753754, 0.4369264758780999, 0.910835017497743]","[0.6084787375115607, 1.2006337550986736]",-21.362443923950195,0.132,2117.621872627222,-6.410634939307158,1.0,1.0,0
440,"[0.4817677611591353, 0.5149928901461701, 0.6804314077014484, 0.5800376763398053, 0.47086715833306375, 0.8515598200670563, 0.9143626598070522, 0.6870245451614371, 0.5818854138139041, 0.3220691508058741]","[0.5504543061774533, 0.8585690204564883]",-14.47245979309082,0.014,1295.9365884927947,133.58447790841674,2.0,0.0,0
441,"[0.24014504867661102, 0.9261668259983595, 0.4836434061816237, 0.6439360866805336, 0.5014263903051254, 0.02959780541142979, 0.4169351023572682, 0.6321605830891437, 0.41455954768792974, 0.1640145188636771]","[0.6692334406810406, 0.8944776031930243]",-30.950300216674805,0.208,2426.487924948569,-198.43957899611104,2.0,0.0,0
442,"[0.5049503561544666, 0.5436204804723005, 1.0, 0.28958727550255237, 0.4754629798126245, 0.5021192345666966, 0.06435878850457377, 0.24315208436980013, 0.5986361913419355, 0.4405485671620438]","[0.7540075050944267, 0.42805075147716815]",-42.17344284057617,0.131,2090.236487511868,138.2219602374273,2.0,0.0,0
443,"[0.5082439932374526, 0.5705835067774678, 0.6082923127297729, 0.6248469331048087, 0.550296192009599, 0.39198158288989515, 0.8646079393254985, 0.49540989177542316, 0.5915250649128302, 0.0]","[0.3023865704124562, 1.0977478311651088]",-40.08927536010742,0.011,2115.7239540068445,89.45093287540632,2.0,0.0,0
444,"[0.3677660092509424, 0.8249257745573783, 0.7688616818894851, 0.6303924700185799, 0.4808658133026193, 0.43105413433620965, 0.08086633619724193, 0.6140854892782089, 0.9100156220387559, 0.0035132136022691276]","[0.6294813122170775, 0.3173885678653604]",-50.75187301635742,0.063,2656.5851047403153,-292.53402902333016,3.0,0.0,0
445,"[0.6066730064041267, 0.5325856639463541, 0.3268132920521607, 0.3031418012403301, 0.3235101957294314, 0.2424353754701593, 0.972347962053157, 0.5010191958878188, 1.0, 0.9337165510474064]","[0.29031608395096953, 1.1304258939330003]",-30.80999755859375,0.111,2044.572998947471,136.43050512722283,2.0,0.0,0
446,"[0.6161211017374693, 0.650606987218684, 0.6517016580712297, 0.4703001074608986, 0.5711104273829833, 0.8176109925584762, 0.05245369698148209, 0.9928663579738206, 0.7680733355858045, 0.8539813971919779]","[0.7036042809532238, 0.5821506021603903]",-45.53689956665039,0.014,1890.6821677988878,155.55340907985644,1.0,0.0,0
447,"[0.7849243349853909, 0.34060447746958633, 0.8893103215648887, 0.34621215083683565, 0.7162887127777877, 0.5801429003574285, 0.24351717177971213, 0.3875162782597902, 0.37302699985449633, 1.0]","[0.44359350311443296, 1.229673859309295]",-43.95604705810547,0.077,2693.0183035771297,35.9502019504983,0.0,0.0,0
448,"[0.8575263126938856, 0.7392298370544156, 0.8440670873411101, 0.3098386656533973, 0.63597453894783, 0.15465892238927412, 0.8289568844290758, 0.43401714347203046, 0.42718822933551476, 0.30971558681073585]","[0.5775675687265482, 0.9542273417627871]",-38.870025634765625,0.104,2454.3000275849017,-151.98092165964795,2.0,0.0,0
449,"[0.7182387851951038, 0.8503481341652708, 0.7354067720455371, 0.782132786436897, 0.426505711191036, 0.6871316052566214, 0.21260702681232257, 0.4997560925096695, 0.42461047489174125, 0.4888698179659578]","[0.448208396586706, 1.0530457314463497]",-27.195859909057617,0.032,2105.3332474563686,104.52092742453328,1.0,0.0,0
450,"[0.6215746539141735, 0.4369216351398418, 0.8885100721810704, 0.7331220828624733, 0.48559400927358876, 0.7743947588905375, 0.02653442622029522, 0.6082150725238681, 0.5860006859399006, 0.9993388987277987]","[0.6581665443073845, 0.5895039110313779]",-36.17852020263672,0.026,2147.006153877107,-9.610468594256702,1.0,0.0,0
451,"[0.47793158289133875, 0.43690095710218024, 0.497158975322064, 0.3855711856308301, 0.4392160773881868, 0.06351976961698812, 1.0, 0.25034087358780915, 1.0, 0.2736959822906248]","[0.387169656133781, 0.7861086262992826]",-30.06407928466797,0.051,1717.5775515666262,166.45123637727428,1.0,0.0,0
452,"[0.5738913748723948, 0.7697374399182062, 0.5304526700141593, 0.4223857386217742, 0.270834907441843, 0.5836311996926397, 0.9173712486496451, 0.23801206513285195, 0.7613926650662786, 0.37681462920563963]","[0.5808412564072419, 0.9700384809847038]",-46.21998596191406,0.155,2223.9668789456987,-137.2728453690446,1.0,0.0,0
453,"[0.40856345728720334, 0.9572694112060387, 0.43990942221681073, 0.4895519001471244, 0.5482765886891544, 0.5565077630774553, 0.0, 0.766795791549677, 0.3792855852510228, 0.5748108138600183]","[0.6435250353699684, 0.2659187544752607]",-24.623796463012695,0.037,1918.0669436416047,17.15747793670144,2.0,0.0,0
454,"[0.6036124207228887, 0.5871217488532947, 0.32708320803851554, 0.6997520340979951, 0.6410157661988997, 0.4229815081909136, 0.07449617919618287, 0.40894033154222054, 0.4861324395322841, 1.0]","[0.5908361273068804, 1.1629704639932972]",-28.808345794677734,0.092,2380.8439218840817,60.292752316247004,0.0,0.0,0
455,"[0.9525604991385869, 0.49894431205513695, 0.7794328730774148, 0.3824505437389441, 0.4849407740682201, 0.4573086341122759, 1.0, 0.48379298247840147, 0.7818620416588774, 0.3938614940150651]","[0.538733140407342, 1.043421365980076]",-28.235136032104492,0.053,1984.243177935029,-39.899821690738065,0.0,0.0,1
456,"[0.5395994433962693, 0.5095303852904867, 0.795021712169672, 0.5218108014815854, 0.35089900489274806, 0.6102104597075442, 0.4250493770148063, 0.3731666810133527, 0.7245412368824677, 0.28362403896696897]","[0.5440428545438277, 1.042284896182699]",-31.392459869384766,0.073,1874.150636658129,59.15799045244708,0.0,0.0,0
457,"[0.5348772785455855, 0.5427705282371105, 0.7308182593451094, 0.40424974638684263, 0.43255710445078044, 0.25334865613149793, 0.43221315697456525, 0.11452181248780836, 0.832457390736833, 0.15885424430636513]","[1.2396633119611187, 0.49584835302643276]",-34.11256408691406,0.04,2696.411858778905,19.870821866890594,1.0,1.0,0
458,"[0.580486028791995, 0.7918790471393115, 0.5202174967274414, 0.8627841448392596, 0.3374866953611889, 0.656783088737553, 0.6186834089466166, 0.5137839774790589, 0.25348106386069064, 0.25531479284476355]","[0.18988216457826784, 1.3238666338155742]",-36.96916961669922,0.083,3052.582999398958,-6.631871368402187,1.0,0.0,0
459,"[0.31814132468121453, 0.7440348695808099, 0.49363250451169377, 0.603214958184266, 0.463709122787561, 0.4390327717754513, 0.44073526843191696, 0.14671967855022114, 0.36471980564227946, 0.7395322516070209]","[0.8511540655554913, 0.4517181929668669]",-20.750274658203125,0.1,1900.3170825858967,-14.708777193056278,1.0,0.0,0
460,"[0.5513462637018434, 0.8438305443206842, 0.5722636672477321, 0.5014061431634899, 0.4720838349367549, 0.6779546740724666, 0.22141489956509106, 0.17655870873339133, 0.6489678725072423, 0.4585111562676769]","[0.6235405634441884, 0.3553552646980108]",-21.16366195678711,0.014,1462.502537086373,155.762683091134,1.0,0.0,0
461,"[0.810417600236631, 0.5319540958061355, 0.7548898816855122, 0.379980536840355, 0.47155831257709696, 0.11321055935741138, 0.850105136062129, 0.4968606344327946, 0.7821854197472108, 0.6900990632935144]","[0.6918296673452025, 0.9521646012978932]",-31.726442337036133,0.054,2027.6589966433696,35.5510791089001,2.0,0.0,0
462,"[0.5703073531789783, 0.5658010203900393, 0.7386707313371415, 0.4644110115697218, 0.3472890855496869, 0.02241094915737824, 0.9982309431521088, 0.2674798294844016, 0.9960673988977194, 0.23564792318722874]","[0.42722856448186575, 1.047252911317307]",-39.63066482543945,0.074,2535.7827120581414,82.97987364208024,0.0,0.0,0
463,"[0.7584736204140005, 0.6363809698857908, 0.6027245309553179, 0.4060665807437433, 0.5075967283516637, 0.757212103343697, 0.2279288714923017, 0.23378847760360816, 0.14210352423068454, 0.2247904777152162]","[0.7950049136172305, 0.3591178268921539]",-26.24513053894043,0.04,1443.765086884143,195.06271667781877,2.0,0.0,0
464,"[0.9034107474889613, 0.36502175188534447, 0.37532396766577114, 0.6090369679386081, 0.7886943261786499, 0.7444298993185156, 0.6550536344126041, 0.09439097047345263, 0.9263362184906856, 0.45380285561580247]","[0.4482392016168055, 0.7357848601631253]",-37.75590133666992,0.063,2619.198008769047,-268.74194766449705,2.0,0.0,0
465,"[0.5210670182812299, 0.6085938266937203, 0.43270035893346304, 0.7904646573395454, 0.3699620500905235, 0.7171431271721533, 0.6777152447033361, 0.4419486723189214, 0.23662023223267134, 0.7244013599405317]","[0.529750992530135, 1.2292109563222455]",-32.37224197387695,0.062,2434.8933278013687,92.00593936569712,0.0,0.0,0
466,"[0.5213491768246405, 0.6583911799499064, 0.9706477389997376, 0.6336880489654813, 0.7418732919684499, 0.16361086478898712, 0.0, 0.3130176188880967, 0.7717926265829037, 0.7915628238885021]","[0.6108172091251678, 1.0266689621952492]",-38.342491149902344,0.01,2586.3964447397598,68.70708318094714,1.0,0.0,0
467,"[0.15872891820454316, 0.2650848558878244, 0.42688232642043417, 0.48804034581084177, 0.5403796526008773, 0.7468474067225702, 0.07963738459109031, 0.3229391307258433, 0.32784540899308917, 0.6916448377856338]","[0.41191975464218633, 0.35708670064702247]",-45.27062225341797,0.464,1891.347934920431,149.74351942471765,3.0,0.0,0
468,"[0.6608346403206256, 0.6674002341206982, 0.3813133465890452, 0.623065540582299, 0.3241728876898545, 0.591100786715682, 0.22345229188080562, 0.20582813622042267, 0.6368823060446779, 0.6894654125681625]","[0.4849025354072076, 0.28890703026504927]",-32.699317932128906,0.095,1731.946354205257,153.08390257929892,2.0,0.0,0
469,"[0.7514819115425166, 0.4528638417626421, 0.6305796510189471, 0.5079552998946195, 0.28652448454368984, 0.3085795401847384, 1.0, 0.0, 0.8832423190254556, 0.5507790223086428]","[0.2303087222166903, 0.3112888244002112]",-34.46734619140625,0.133,2688.377530879032,36.83151641077521,1.0,0.0,0
470,"[0.8062604215387704, 0.8621028792696707, 0.7832950360835137, 0.6967515545845295, 0.4148823698556304, 0.4788148547817269, 0.10521010115525427, 0.39768861787122595, 0.6802339792098961, 1.0]","[0.39413815495972676, 0.5635521977081553]",-26.801862716674805,0.035,2278.444682482797,111.47782828585724,3.0,0.0,0
471,"[0.5688501036173274, 0.5328947484663965, 0.4096155502286196, 0.31707763795082233, 0.6466867412831929, 0.8722832409783411, 1.0, 0.3222066428847373, 0.665900995873172, 0.3966090492873297]","[0.47580557300607174, 1.0435277218340577]",-36.62870407104492,0.1,1890.6949376024288,30.866518354834994,0.0,0.0,0
472,"[0.6317165166807891, 0.553576427465802, 0.5261393814256571, 0.5186424759762737, 0.3632730252572479, 0.19135126337185124, 1.0, 0.4515176229341468, 0.9471309507700518, 0.2036665848293692]","[0.45049773739889815, 1.0902484839590685]",-31.94872283935547,0.065,2075.879087516282,146.3875398869594,0.0,0.0,0
473,"[0.5672563337167066, 0.45329284592078983, 0.6906263253563206, 0.5067082536864607, 0.416174634710722, 0.769506863007737, 0.9810910078996562, 0.3468759459430108, 0.9324633761351004, 0.013127762255154858]","[0.4129922613692763, 1.0869574536037365]",-34.84518051147461,0.034,2052.8538808706894,131.61003178008988,1.0,0.0,0
474,"[0.5098527797619149, 0.5319738715135026, 0.44335666349187774, 0.5721417882348093, 0.7106185154065912, 0.030140492808847407, 0.7905352954423366, 0.07491846700314618, 0.9715629406292134, 0.33982340495550684]","[0.7374760874543875, 0.31183698808685717]",-8.692806243896484,0.026,1918.9456621173574,118.389123066508,1.0,0.0,0
475,"[0.35419717082513263, 0.5528214213017857, 0.5841290129702918, 0.459817134753735, 0.9730454407081892, 0.2860261229761496, 0.8483180607368948, 1.0, 0.5224541484912693, 0.35846601847416276]","[0.2764254246148491, 0.34118274160370865]",-43.69337844848633,0.068,2309.562561021918,-6.129469267615605,1.0,0.0,0
476,"[0.4793735505460478, 0.7661593321256236, 0.6815911411086322, 0.5698134935511197, 0.4170773977477594, 0.5046812177453653, 0.07379404708130191, 0.36942588146607414, 0.5669165501964557, 1.0]","[0.48608001760494435, 1.0252549351779452]",-50.755859375,0.034,1961.4962326169318,69.02778865459649,1.0,0.0,0
477,"[0.43430409854766666, 0.4767235689308308, 0.6204879053918245, 0.4605554063345689, 0.9703335788104414, 0.0885908026224445, 1.0, 0.997408516106053, 0.6452139655985102, 0.28384515215870404]","[0.4839192346070848, 0.3609772326963871]",-45.82310104370117,0.027,2589.1365148196405,12.356243961854034,1.0,0.0,0
478,"[0.5242827589803318, 0.5759833429991217, 0.3547252159265126, 0.3606005683775603, 0.32730231402469684, 0.0, 1.0, 0.4270432145076443, 0.5081168534662092, 0.34175740718802383]","[0.4325734167506033, 0.40642605521735226]",-25.55724334716797,0.092,1971.3757085882046,116.52426875825805,1.0,0.0,0
479,"[0.3517813751230988, 0.9047055510913232, 0.37382475468541576, 0.401534350492658, 0.4989230662407209, 0.48441229630613886, 0.0, 1.0, 0.19953800966444868, 0.17386062816345052]","[0.5208300982215168, 0.3857515425630347]",-41.43785858154297,0.07,2444.957201011765,84.1402122883037,3.0,0.0,0
480,"[0.6178492023971945, 0.7277030343217543, 0.3863578270904292, 0.6200451895354155, 0.6377197739647621, 0.11704795159106382, 1.0, 0.9287255115140959, 0.8175225105142898, 0.3260446907705063]","[0.6575346866222147, 0.6309134241716965]",-36.5935173034668,0.05,1960.7375766968526,-97.89520302885427,1.0,0.0,0
481,"[0.44857855707120675, 0.9458034741486159, 0.5393669125223115, 0.8682315796533099, 0.6577728675214837, 0.21810338293267154, 0.6412717981081567, 0.5634525909926024, 0.35508030134299273, 0.24348190713120516]","[0.8041232207388789, 0.4046026482426916]",-19.54304313659668,0.024,1823.3024929723022,-99.20997554930136,1.0,0.0,0
482,"[0.4611860618432197, 0.4849161230326067, 0.2688256589855381, 0.5860915915380206, 0.2153490978089583, 0.6205630842874706, 0.3392539522610213, 0.43953099211844654, 0.5775024903779729, 1.0]","[0.4913215748942056, 1.0692978250713354]",-22.5295352935791,0.256,2272.427732416746,31.8027589624279,1.0,0.0,0
483,"[0.4114312529855253, 0.5428186594084421, 0.8385256113981799, 0.4414082276022723, 0.39161317298637305, 0.303491979751419, 0.24364933109026685, 0.26329200625184024, 1.0, 0.2244614412598121]","[0.40182770174651394, 1.0034465899772502]",-28.944015502929688,0.043,2098.467405042359,116.20553175495294,0.0,0.0,0
484,"[0.848922742398058, 0.46316717546502584, 0.32955735386218926, 0.32909660527808904, 0.7047468417857294, 0.6847989256428876, 0.3876980333415859, 0.342776204506988, 0.438555944079476, 0.8002756737800547]","[0.5877695436728256, 1.0114897808885335]",-20.597105026245117,0.088,1901.6572510179474,92.366850044193,1.0,0.0,0
485,"[0.3869112472535163, 0.5641021753478589, 0.5488027385975395, 0.3868948184987794, 0.792644713388006, 0.22089554259881827, 0.0, 0.49560438555597036, 0.40794608365389473, 0.011254860245849863]","[0.47221969358388594, 0.28666378881091487]",-46.38523483276367,0.05,1586.8533320491622,-54.854446690763496,2.0,0.0,0
486,"[0.4632764840501329, 0.4154976982563777, 0.4004595936897177, 0.8137749684982264, 0.7171308832848596, 0.34930631370997617, 0.0, 0.5023997354695986, 0.8112000531980459, 0.45575327751672584]","[0.30546173666423176, 1.133043042217539]",-42.21822738647461,0.041,2938.7940964079944,-23.79687489270873,2.0,0.0,0
487,"[0.43714020786039987, 0.4005444265993606, 0.7596498588382428, 0.3311854855402274, 0.5328993886216241, 0.0, 0.6012852290119829, 1.0, 0.7323869493070266, 0.7053377509365438]","[0.5426841409857573, 0.5211279872804611]",-35.95185852050781,0.086,2305.606914035593,4.8052735365146475,3.0,0.0,0
488,"[0.7655948318812618, 0.34648376555396554, 0.8643888471171824, 0.36630025987514436, 0.7879255256213503, 0.48179664731278976, 0.9482517406917826, 0.4031494065160402, 0.6352091573192282, 0.5204856459833607]","[0.4575876607485425, 0.8336361734507756]",-28.169889450073242,0.074,1627.891154168694,177.54907299893222,2.0,0.0,0
489,"[0.6514787400749483, 0.7371789160014205, 0.6171995454504056, 0.4621157665058364, 0.36763231548383923, 0.4007828533458276, 0.5132012117081284, 0.5314200326719815, 0.8394566286537858, 0.0]","[0.4833172337456669, 1.0960683290640205]",-21.198665618896484,0.063,2249.795041495823,49.74410970596708,1.0,0.0,0
490,"[0.7649761146492564, 0.4697504353925964, 0.7703044681725014, 0.5333589784993557, 1.0, 0.8671632941411945, 1.0, 0.39777610623409454, 0.0, 0.7925463357613184]","[1.2243714192773119, 1.4316051890305068]",-37.810760498046875,0.014,3612.2181970456186,-158.97006207184415,1.0,2.0,0
491,"[0.5656529022755654, 0.8363248294828921, 0.46545087262119167, 0.49959410404875254, 0.5459376523121776, 0.9298595795183835, 0.145631388425709, 0.5621682615899908, 0.6590361980300878, 0.6142010222469981]","[0.8660365911026493, 0.14356086130380658]",-17.523448944091797,0.015,1700.1921560252142,144.53121518821678,2.0,0.0,0
492,"[0.5106463044096277, 0.8411061921871217, 0.6592517318354918, 0.6520446990420693, 0.47356399479063177, 0.7222358741651632, 0.6190861428224965, 0.42530458184190173, 0.44222289062513676, 0.32084094437586574]","[0.5996904505090466, 0.9160237246429057]",-9.144789695739746,0.013,1695.4694281890936,221.35128558096258,1.0,0.0,0
493,"[0.277459978844679, 0.5477330342650873, 0.45921740995221216, 0.45164292447236576, 0.7047094004704378, 0.39390209328062287, 0.3920788594092845, 0.7097002087373133, 0.30640312336015835, 0.21300389997083558]","[1.0341989674067622, 0.23483144753094434]",-10.033134460449219,0.147,2036.208802226452,37.43772286883936,1.0,0.0,0
494,"[0.37905343641852446, 0.8887166328510172, 0.34273717447183283, 0.6162732654981441, 0.5876584256174022, 0.3282376064186227, 0.4720467294407216, 0.6506332906811977, 0.7858085424862183, 0.15701437286542583]","[0.5004907773113121, 0.5416456105494374]",-34.727203369140625,0.075,2286.305553119379,-197.79001448087882,1.0,0.0,0
495,"[0.6186556917081639, 0.3987615925829003, 0.47576601146728986, 0.37389638457548474, 0.6009538946542823, 0.6549733398623011, 1.0, 0.22035641878607254, 0.5664065955595714, 0.6383565075274155]","[0.5718081999503146, 1.0162145748444347]",-34.5788459777832,0.06,1935.426187562283,211.5353052928734,0.0,0.0,0
496,"[0.41623997541349134, 0.4258151870712069, 0.6163151307159329, 0.3747335921559743, 0.3873656981630803, 0.6914440215536464, 1.0, 0.19094985770853054, 0.7560046757887768, 0.4815356463213749]","[0.5068341521521434, 0.9219036256710659]",-27.262218475341797,0.058,1638.6153189804836,124.0814049025002,1.0,0.0,0
497,"[0.4513771003816272, 0.5319223106191708, 0.6641439306644548, 0.8660516698112206, 0.6354827532460559, 0.7467470896643127, 0.29344375675363016, 0.38887370562019624, 0.11068360157603588, 1.0]","[0.5188492739892232, 1.1064494074878963]",-37.83012771606445,0.023,2323.5680041688433,-19.768386693189427,1.0,0.0,0
498,"[0.30242629763558265, 0.564327177943431, 0.5376596017956422, 0.6594516137130516, 0.585268527125839, 0.678338927276958, 0.35162164123761974, 0.22162881762273484, 0.46848099969696555, 1.0]","[0.6785894951078407, 0.5851227279537701]",-42.42284393310547,0.112,2023.9243108035967,30.83552108056773,1.0,0.0,0
499,"[0.33667873229175704, 0.7962160664353857, 0.3388613177872164, 0.6224472541765246, 0.686270107746585, 0.31394377231712056, 0.3938187488344995, 0.5265756019751386, 0.8224804143899113, 0.5538664163363917]","[0.7070612678260444, 0.617496731274848]",-42.068424224853516,0.083,1739.9782039517668,-71.61935648558512,1.0,0.0,0
