eval_id,x,hub,f1,f2,f3,g1,g2,g3,feasible
0,"[0.17893481367543618, 0.4672684011434851, 0.3549173343096512, 0.9051438366771739, 0.652784802685132, 0.6399131657151546, 0.37050052710804804, 0.790518245853265, 0.17735319182304865, 0.29830276735556926]","[0.6423134569639611, 1.0768760939477686]",-28.648828506469727,0.01,2518.0807980310824,-79.77996047064914,2.0,0.0,0
1,"[0.9669622001623905, 0.6358708041446514, 0.5151536963223518, 0.4483805454001032, 0.27789921550015906, 0.9198501605372782, 0.7527320970790866, 0.82589525837557, 0.33881245331376186, 0.22633305684340344]","[0.6423134569639611, 1.0768760939477686]",-39.573699951171875,0.0,2402.9590688354106,16.739684459824502,3.0,0.0,0
2,"[0.5258168433452484, 0.6631806204725954, 0.4477019015387208, 0.19539759987155403, 0.43531315595064457, 0.43091206068443144, 0.012840482366806572, 0.3651808011323914, 0.5948658710060528, 0.2999915037451498]","[0.6423134569639611, 1.0768760939477686]",-21.06226348876953,0.01,2554.3120365386494,141.40768751578332,1.0,0.0,0
3,"[0.20941612123621955, 0.7974623155214327, 0.34510057866729216, 0.5633773745025455, 0.9004495990042221, 0.8746240571921795, 0.606709676684979, 0.9468197909796484, 0.43276273961995204, 0.3193418039018624]","[0.6423134569639611, 1.0768760939477686]",-45.213966369628906,0.07,2616.8512539531534,-4.157631145781522,3.0,0.0,0
4,"[0.6959948701337834, 0.2615530463118, 0.22789197890735768, 0.5800284530205562, 0.7312406583584447, 0.3138203272623701, 0.7008408895008554, 0.4931103229848808, 0.18890636475445843, 0.5484830646246303]","[0.6423134569639611, 1.0768760939477686]",-32.37224197387695,0.01,2697.7482547676727,-32.07318548538768,1.0,0.0,0
5,"[0.6215032596259377, 0.42019325992063383, 0.46997091240616984, 0.5771775044961992, 0.0018023536068190182, 0.3721443167968299, 0.49482967791705623, 0.6756392228496231, 0.4162706429924663, 0.7940310607755042]","[0.6423134569639611, 1.0768760939477686]",-35.898887634277344,0.42,2242.0035741318384,147.75899994041845,2.0,0.0,0
6,"[0.5193842211443356, 0.49995502241119394, 0.9047040725533528, 0.05873521751558297, 0.7300645778190835, 0.32654466381127, 0.09344593349461805, 0.9897361675845034, 0.3582312185913814, 0.3142381312178827]","[0.6423134569639611, 1.0768760939477686]",-52.07240676879883,0.0,3134.758594336709,-99.72895453213295,4.0,0.0,0
7,"[0.5670497583644489, 0.7742121576308749, 0.8883954263166767, 0.1602743126680698, 0.023632428671776062, 0.4165709623150299, 0.9584644009640338, 0.6209354652000495, 0.9470620833116628, 0.29770945642086144]","[0.6423134569639611, 1.0768760939477686]",-63.582733154296875,0.42,3283.092562573861,-341.85993032965564,2.0,0.0,0
8,"[0.2816134931005958, 0.48736306607251145, 0.012857887744930352, 0.4914833323409261, 0.5640238638655345, 0.6718259817227047, 0.09288854875744723, 0.6043157467736379, 0.6013821213404011, 0.89045910829968]","[0.6423134569639611, 1.0768760939477686]",-36.01071548461914,0.02,2512.0101462055754,-116.95764112295899,3.0,0.0,0
9,"[0.9183968578705968, 0.9421208694705342, 0.6390262522229664, 0.5460602299006425, 0.23326320620013874, 0.188257161102365, 0.7877266263227836, 0.6596072674909493, 0.9172632996428407, 0.5993159922695809]","[0.6423134569639611, 1.0768760939477686]",-34.026126861572266,0.01,2912.4788688758845,-204.5200848446077,2.0,0.0,0
10,"[0.8142430618716505, 0.615508274358867, 0.7660363414662829, 0.6068143810342034, 0.6283478623630906, 0.13476145162112996, 0.40283347552957394, 0.06771436062054059, 0.8570786899866468, 0.32133769545352076]","[0.6423134569639611, 1.0768760939477686]",-8.531303405761719,0.0,1842.366634701642,114.499686236121,1.0,0.0,0
11,"[0.6557960559218892, 0.6685927884100901, 0.2799917441958927, 0.08390938896269085, 0.23169822139230722, 0.33815284273601076, 0.1283444014420535, 0.032718378196915365, 0.5547696198165065, 0.5160825876377318]","[0.6423134569639611, 1.0768760939477686]",-45.35253143310547,0.01,3196.8369193359695,-2.6116797505108025,3.0,0.0,0
12,"[0.659569533072841, 0.35506101458853867, 0.313666741563808, 0.6631833646572645, 0.47300486086298876, 0.8811861793495235, 0.31867896643874516, 0.11784964452439528, 0.8196545814372104, 0.5582973969485474]","[0.6423134569639611, 1.0768760939477686]",-17.50359344482422,0.0,1755.710816828849,149.27164547003017,1.0,0.0,0
13,"[0.9584801136956184, 0.7450348866476518, 0.2157905760841189, 0.7173945053263936, 0.34378554600189437, 0.6989151716524886, 0.8894983573045284, 0.6501660583206906, 0.8422279297235258, 0.6887947057130477]","[0.6423134569639611, 1.0768760939477686]",-23.675552368164062,0.01,1810.8078385809667,160.7368877929929,1.0,0.0,0
14,"[0.6044006058026058, 0.10168575708216332, 0.9634847481204788, 0.11363799358817561, 0.1009807921059821, 0.4093610338226653, 0.35304843378314044, 0.21652350161279854, 0.36767942473700777, 0.2671989318362714]","[0.6423134569639611, 1.0768760939477686]",-40.7098274230957,0.0,2789.0601508951813,220.5130222955224,4.0,0.0,0
15,"[0.9144561221029246, 0.5858895145468258, 0.6679799243985048, 0.7898093832755049, 0.1836603870914313, 0.3187820814455795, 0.23874477955495155, 0.12765638766488252, 0.4229460447715928, 0.758249565648491]","[0.6423134569639611, 1.0768760939477686]",-22.85169219970703,0.02,2984.723167485701,21.788233872218285,3.0,0.0,0
16,"[0.5542825390272328, 0.24062604181377323, 0.36528505670346056, 0.96536926984468, 0.12046907762387415, 0.4381450103309691, 0.7813658931947177, 0.043090690634595696, 0.03046480812489505, 0.46581253099537934]","[0.6423134569639611, 1.0768760939477686]",-48.83353042602539,0.02,3813.1700574173274,-310.7544861799364,2.0,0.0,0
17,"[0.20785494157193374, 0.5675652419333407, 0.9363122242578448, 0.8533136562599993, 0.8114328725032335, 0.3351350375860954, 0.9578419522589532, 0.07389597584523522, 0.16782365513224518, 0.2963472178481993]","[0.6423134569639611, 1.0768760939477686]",-41.63924026489258,0.01,2851.4968203488625,43.09507077192737,4.0,0.0,0
18,"[0.7178343572828981, 0.850551259756355, 0.2754808528630017, 0.7392607956370342, 0.6629613377688489, 0.7187932050275267, 0.9796258488514935, 0.6283084586743911, 0.07962933757560675, 0.32151551530824796]","[0.6423134569639611, 1.0768760939477686]",-53.595947265625,0.0,2714.4400545057983,-170.72017157700702,1.0,0.0,0
19,"[0.16146904266095086, 0.46188359707756765, 0.6419175904033568, 0.9051507074391362, 0.28879164900942544, 0.5494715578347591, 0.5770798329599061, 0.49866886134850175, 0.17791419839100442, 0.35622164118008504]","[0.6423134569639611, 1.0768760939477686]",-34.25837707519531,0.01,2757.8117809691385,-75.27726953416715,1.0,0.0,0
20,"[0.774382020078661, 0.2064226800628115, 0.7715370379067442, 0.07837290492218618, 0.8953850271326209, 0.6520981168659544, 0.7444418905939161, 0.7702414655724522, 0.21213914882577256, 0.8794320598717107]","[0.6423134569639611, 1.0768760939477686]",-42.62029266357422,0.02,2833.216705598921,55.03930560159341,2.0,0.0,0
21,"[0.20557265759667276, 0.26268325844768114, 0.02094484416240605, 0.27068090144591017, 0.5879702166328254, 0.5513756583147158, 0.41628477156613086, 0.28176023673675177, 0.9191304909520741, 0.1775164934316158]","[0.6423134569639611, 1.0768760939477686]",-39.23221206665039,0.07,2673.351073874237,7.557674429773186,2.0,0.0,0
22,"[0.4275645425413398, 0.6373601174260564, 0.42099270734434335, 0.5749995088018878, 0.5529869643862163, 0.49293616218995406, 0.5324478498483587, 0.3107930117753044, 0.9758320136707291, 0.8870121467184444]","[0.6423134569639611, 1.0768760939477686]",-21.458051681518555,0.01,1621.8674517239035,99.48995108251174,3.0,0.0,0
23,"[0.015272435183649069, 0.8647679793230478, 0.4875580786370386, 0.29526571288950065, 0.3657350555800003, 0.2030974028229966, 0.5694728969947693, 0.36880428868132864, 0.6788297965535495, 0.43523470740661496]","[0.6423134569639611, 1.0768760939477686]",-44.21868133544922,0.01,2946.755654057053,20.738577437012736,1.0,0.0,0
24,"[0.7768482879275864, 0.9936568534146455, 0.1381690550005069, 0.49465670555808827, 0.11771307998234448, 0.9461829725207951, 0.4849152370071329, 0.024923602435105274, 0.0763549914853281, 0.23483907948984994]","[0.6423134569639611, 1.0768760939477686]",-37.90608215332031,0.0,3188.7237762510704,-99.51286038756263,4.0,0.0,0
25,"[0.9919930979414978, 0.11013211899741604, 0.6220697409528387, 0.3547334554703645, 0.9761006353570684, 0.16222855752056586, 0.9159237744769517, 0.739900702350839, 0.9338325089891943, 0.5584557017778705]","[0.6423134569639611, 1.0768760939477686]",-30.92024040222168,0.43,2818.4419864311744,-156.75601786757983,4.0,0.0,0
26,"[0.9868402765278871, 0.43974028393442544, 0.6442476693303388, 0.5149392859956807, 0.8756598515631787, 0.505794352818757, 0.7854340014599015, 0.2005303566832357, 0.01645945948648464, 0.5424458861963711]","[0.6423134569639611, 1.0768760939477686]",-32.09645080566406,0.0,2681.43778202676,56.89214017769791,2.0,0.0,0
27,"[0.04618702854343115, 0.9994364677711847, 0.43132345380885195, 0.010231902156670136, 0.33099943817048805, 0.9377589260828116, 0.7373054252872605, 0.5914192820348003, 0.10844932301271404, 0.4112686884886242]","[0.6423134569639611, 1.0768760939477686]",-56.161827087402344,0.99,3645.636572639265,-91.66607698869865,3.0,0.0,0
28,"[0.7559488323569789, 0.11610473609591099, 0.8880321199869642, 0.7419162010314087, 0.5220921065907778, 0.17072977658825428, 0.6974639333086391, 0.8796672522975737, 0.9835673000846709, 0.7744687729754793]","[0.6423134569639611, 1.0768760939477686]",-42.035125732421875,0.02,2799.6976566701524,-46.81450397997753,2.0,0.0,0
29,"[0.4171774343880905, 0.9108220921659664, 0.7464710369587361, 0.11221292406831795, 0.5101225863270002, 0.3532556606165881, 0.43070700374480275, 0.4970226157004175, 0.1268760779065603, 0.7076778979003703]","[0.6423134569639611, 1.0768760939477686]",-44.84500503540039,0.0,2708.457057102499,-43.37359375375945,2.0,0.0,0
30,"[0.7424842116732404, 0.00921065799657117, 0.18956699187220505, 0.5664491371813656, 0.4590016363424163, 0.3356970836114517, 0.5333564262211142, 0.32011996751753846, 0.3918329723107977, 0.050458948610459076]","[0.6423134569639611, 1.0768760939477686]",-51.847232818603516,0.02,3153.9088027822118,-55.94526327800804,4.0,0.0,0
31,"[0.18301541483209494, 0.5118814273652947, 0.8573010008865969, 0.3995968392250302, 0.09751514963535424, 0.8418955837519252, 0.8851177060251493, 0.19316997569865946, 0.5257783000795696, 0.08535616172648453]","[0.6423134569639611, 1.0768760939477686]",-57.462852478027344,0.07,3399.86392751079,-300.81804733205456,2.0,0.0,0
32,"[0.841486558403682, 0.38328936307170336, 0.5179331099356654, 0.3151851034187104, 0.8929563307131257, 0.8267136201588152, 0.7065846822128775, 0.7476535197594388, 0.47403622225949027, 0.8166440705290728]","[0.6423134569639611, 1.0768760939477686]",-26.07138442993164,0.0,1813.9305274417757,164.59166259984994,1.0,0.0,0
33,"[0.30996375517120167, 0.3987189364419349, 0.7115105508132997, 0.8270938070133592, 0.9606887020277379, 0.8817710808483114, 0.6823799448443975, 0.40168496892501016, 0.4653517170757224, 0.9366989347480371]","[0.6423134569639611, 1.0768760939477686]",-39.169429779052734,0.02,2506.203156754935,32.07200877485786,4.0,0.0,0
34,"[0.9002654171528618, 0.14704654594174182, 0.7411145400827215, 0.5292209856627658, 0.16078650452811283, 0.9083534610543227, 0.6483341011050769, 0.5287591672457896, 0.20143090853695012, 0.7831343292771509]","[0.6423134569639611, 1.0768760939477686]",-50.93180847167969,0.02,3015.3109668756897,26.171151451205162,2.0,0.0,0
35,"[0.1496055765932932, 0.07706848791542142, 0.024011331493556054, 0.2929158759379945, 0.2864487199904745, 0.7281969713021883, 0.41225211081351676, 0.6603726714939671, 0.46770008428541465, 0.5157744326426499]","[0.6423134569639611, 1.0768760939477686]",-14.365425109863281,0.04,2117.2942686434612,171.15515516819812,2.0,0.0,0
36,"[0.6576467600079774, 0.7770490207042496, 0.9421656316593494, 0.8731312620415899, 0.993906309433891, 0.16691335878547553, 0.7825153662907529, 0.38069524000658606, 0.09368549297431539, 0.21220747485396863]","[0.6423134569639611, 1.0768760939477686]",-13.633962631225586,0.0,2218.6614588444713,-30.023933099419025,2.0,0.0,0
37,"[0.3738491444106369, 0.8351417342075574, 0.9624014436858985, 0.8918217642332203, 0.2362906836924623, 0.0935034547745921, 0.4859329784263382, 0.14461570487334963, 0.35954611893234156, 0.6571231551575867]","[0.6423134569639611, 1.0768760939477686]",-44.99790573120117,0.01,3518.6205401657176,21.14482454058637,4.0,0.0,0
38,"[0.030188469259489592, 0.4736051880661374, 0.4341822332207885, 0.24864819916465264, 0.5982968449905018, 0.5254697248274498, 0.04850513258211875, 0.3049191826586233, 0.9302937489130779, 0.1541575029427562]","[0.6423134569639611, 1.0768760939477686]",-39.55205535888672,0.11,2877.700667685883,-20.386053971719264,4.0,0.0,0
39,"[0.7571316253352183, 0.5988506638162991, 0.6385458531009636, 0.28353426632010625, 0.6181307496852578, 0.36956669018657895, 0.3799349341788377, 0.681937037573606, 0.8310576876132559, 0.6052685945074544]","[0.6423134569639611, 1.0768760939477686]",-19.99098777770996,0.02,2073.533976829782,119.76808342748106,2.0,0.0,0
40,"[0.21800593004626811, 0.3953770523791057, 0.054731143300722596, 0.3164785602685367, 0.07482644255422188, 0.25396254580418, 0.03387269818171201, 0.662682068619064, 0.720244476030497, 0.7401312499629299]","[0.6423134569639611, 1.0768760939477686]",-30.873035430908203,0.07,2547.2109537865017,118.64511945326655,3.0,0.0,0
41,"[0.21417883012053884, 0.9065322424574986, 0.3942866712901717, 0.7611131728418318, 0.08229124940952703, 0.8695515555783495, 0.6893133058623288, 0.025647897127963226, 0.562817570968351, 0.5707371869026688]","[0.6423134569639611, 1.0768760939477686]",-48.13214874267578,0.07,3486.928163913906,-69.22652875966133,3.0,0.0,0
42,"[0.006155669335288327, 0.613256681670192, 0.2906059077682427, 0.33109368071345846, 0.9314994667781543, 0.4513766078981988, 0.8026586252465906, 0.23204551611998447, 0.05919464671039454, 0.8806350809002281]","[0.6423134569639611, 1.0768760939477686]",-46.13884353637695,0.01,2992.714452080471,-43.87935080221206,3.0,0.0,0
43,"[0.6021361701813102, 0.08362765145734896, 0.12499955865727308, 0.7854702016115908, 0.4115541827996497, 0.07458742422196396, 0.9320824085782379, 0.14566874185476875, 0.3015314021630472, 0.4100234308800571]","[0.6423134569639611, 1.0768760939477686]",-51.40578842163086,0.64,3768.39583975796,-234.23620778494234,3.0,0.0,0
44,"[0.70006605596892, 0.8122050151262458, 0.29045961628587613, 0.7550132519180535, 0.6089078108765937, 0.47233225860496875, 0.4959391441876757, 0.19457688761579417, 0.2195079915141478, 0.6014041791288685]","[0.6423134569639611, 1.0768760939477686]",-27.71138572692871,0.0,2455.3192669550895,61.00720955656993,1.0,0.0,0
45,"[0.9632475898482437, 0.2075204227297318, 0.33089948499767685, 0.895368602951573, 0.2225521522559719, 0.08962073043795493, 0.6615530572198147, 0.12858287186718842, 0.7314763939923757, 0.09521030422128629]","[0.6423134569639611, 1.0768760939477686]",-40.713768005371094,0.01,3872.3654825993517,63.05103770130253,4.0,0.0,0
46,"[0.8424122866034477, 0.9295786250874855, 0.23087836206189072, 0.41791291612573434, 0.0043001907504852666, 0.5699619505238555, 0.5171815371217462, 0.13356210614198927, 0.6840174887857596, 0.3953518057604567]","[0.6423134569639611, 1.0768760939477686]",-48.61430740356445,0.01,3074.127338912807,82.1672805883054,3.0,0.0,0
47,"[0.4038284511492043, 0.1949619252207303, 0.32508812283388366, 0.8276226232184107, 0.25882907767580354, 0.6710113104026503, 0.8760714488267184, 0.8268079808374883, 0.8848800971002195, 0.8398657742651049]","[0.6423134569639611, 1.0768760939477686]",-27.955842971801758,0.11,1643.7974109435372,139.4453735146278,3.0,0.0,0
48,"[0.23050736777684355, 0.17768312108581985, 0.07519442630360906, 0.012996611642042799, 0.8380952953924874, 0.3994430020003472, 0.484130910594359, 0.9568421661505032, 0.4965961443363097, 0.13251492264908082]","[0.6423134569639611, 1.0768760939477686]",-33.00898361206055,0.92,3287.831879943534,85.64826711118621,2.0,0.0,0
49,"[0.5971018283213804, 0.7575365645348388, 0.8250134678055777, 0.5828599453946457, 0.10742835312995902, 0.5310825299332868, 0.6985947417360271, 0.79328366533945, 0.3499641877600487, 0.16381779297574706]","[0.6423134569639611, 1.0768760939477686]",-45.72307586669922,0.0,2296.342027528988,58.21565288645044,1.0,0.0,0
50,"[0.8712075744884107, 0.8940306698397861, 0.05725705910185852, 0.38465057531290003, 0.4297612930140656, 0.26650062593238233, 0.30608634300284987, 0.2899974830836338, 0.10368010753270052, 0.7979429078588656]","[0.6423134569639611, 1.0768760939477686]",-47.8977165222168,0.01,3193.387027625089,175.8444406502147,5.0,0.0,0
51,"[0.4138198863286343, 0.9987729501752127, 0.5439146577146111, 0.4957244334967964, 0.5467064159249725, 0.49373414724032827, 0.2153195271485615, 0.9877562857569903, 0.5914193066587919, 0.1152692012378228]","[0.6423134569639611, 1.0768760939477686]",-53.06174850463867,0.01,2539.332132688597,39.53810665757629,2.0,0.0,0
52,"[0.716135524315577, 0.9265763828646507, 0.3525112870284548, 0.9446171043542214, 0.2829551262065978, 0.9120736349889094, 0.586668750518576, 0.6755103035703888, 0.9781358594533898, 0.9356865558408266]","[0.6423134569639611, 1.0768760939477686]",-28.576072692871094,0.07,2435.5707964307567,-144.39668179884774,2.0,0.0,0
53,"[0.7302890913744294, 0.1674810081672875, 0.753517706913019, 0.5401208121935621, 0.7245877983606205, 0.871837117572774, 0.9762467026410432, 0.16651737808920697, 0.11153341754909052, 0.5951806393739761]","[0.6423134569639611, 1.0768760939477686]",-56.64017105102539,0.46,2725.330204639013,-115.27411564429764,1.0,0.0,0
54,"[0.5782871366069361, 0.7697291933269581, 0.762139086122917, 0.18878064680754914, 0.5091940832753937, 0.8472292340199105, 0.09171535480487203, 0.541465667810765, 0.3471792790332324, 0.8588457797698037]","[0.6423134569639611, 1.0768760939477686]",-43.53879165649414,0.0,2864.5963595825533,135.2298556702751,3.0,0.0,0
55,"[0.8819028684025597, 0.44215445593765246, 0.6023637298660838, 0.5972601161994129, 0.5028525707037969, 0.10210216325630683, 0.8435291936572402, 0.855161877800188, 0.22303588556876974, 0.5151548407681276]","[0.6423134569639611, 1.0768760939477686]",-36.179203033447266,0.01,2226.837646303781,-15.71572168278874,3.0,0.0,0
56,"[0.8940779162131687, 0.23498961995322054, 0.419580930338459, 0.976586484833995, 0.6718489551105283, 0.3557522738346047, 0.7488579702300604, 0.48435065818854983, 0.6746453961518705, 0.933888328549897]","[0.6423134569639611, 1.0768760939477686]",-41.33652114868164,0.02,2787.4187856780727,-285.5768400945333,4.0,0.0,0
57,"[0.7162948143876834, 0.633303004964886, 0.2842264265315978, 0.5315023647330197, 0.16828799503434966, 0.9547723756151152, 0.5874149048515857, 0.23079608369978155, 0.05905631897829, 0.7083692223653099]","[0.6423134569639611, 1.0768760939477686]",-54.58639144897461,0.02,2987.2707704969835,-249.76943468512468,2.0,0.0,0
58,"[0.6790112450880074, 0.16316519791014217, 0.40765415183042697, 0.12870168473469945, 0.2589351675039948, 0.028343139334361833, 0.617824345855178, 0.5889658881432593, 0.8624856673584459, 0.37440426122847836]","[0.6423134569639611, 1.0768760939477686]",-22.480308532714844,0.24,3066.629373998795,-158.30627795797955,1.0,0.0,0
59,"[0.4493700221843081, 0.9805186398602482, 0.16238519618917013, 0.7747330486829124, 0.9269667072846148, 0.5928292560660468, 0.20942917933874872, 0.14533662442438278, 0.38245569953067815, 0.06655933206506481]","[0.6423134569639611, 1.0768760939477686]",-35.389156341552734,0.0,3102.6062936689063,-2.291702320517743,4.0,0.0,0
60,"[0.531556426498312, 0.5070854352124422, 0.8115158779645404, 0.9065365526896961, 0.5984557285856507, 0.7572363648024241, 0.4065989313758811, 0.5091038982398773, 0.23860277166153243, 0.6344792238011022]","[0.6423134569639611, 1.0768760939477686]",-24.55362892150879,0.0,2095.845940420379,18.99760735670455,2.0,0.0,0
61,"[0.9071308491231435, 0.8057203967146486, 0.8606094137766368, 0.45377265711836035, 0.28418447481174003, 0.0932556167095393, 0.6834897381142566, 0.6088586050511545, 0.7963263969226773, 0.05541820375084594]","[0.6423134569639611, 1.0768760939477686]",-43.37617492675781,0.0,3236.709551698313,97.5975805730038,3.0,0.0,0
62,"[0.7499650752203063, 0.8286791964841059, 0.732673900343337, 0.2885492360637769, 0.9641909194355908, 0.8123738744004979, 0.44768897078982806, 0.7136426366346105, 0.7655390330287417, 0.3521042640297445]","[0.6423134569639611, 1.0768760939477686]",-26.173748016357422,0.01,2135.8665902175144,84.94510962316386,2.0,0.0,0
63,"[0.2734455081289784, 0.8778101871478206, 0.9700481051284774, 0.7107197883330453, 0.17805372425306576, 0.5838583952545342, 0.6082916064372581, 0.9226138965254466, 0.7068938596677737, 0.3410494410080632]","[0.6423134569639611, 1.0768760939477686]",-38.37424087524414,0.0,2664.8809642014644,-71.35417840824311,2.0,0.0,0
64,"[0.8101457296942176, 0.2280566951506835, 0.22304648289323237, 0.924136868277313, 0.789535267507927, 0.4004563457975292, 0.06312328594757288, 0.5771130237442562, 0.39152128917861095, 0.12879539688539776]","[0.6423134569639611, 1.0768760939477686]",-38.30205535888672,0.0,3530.7031488093294,61.43393215312679,3.0,0.0,0
65,"[0.8227363212679712, 0.5025606068041493, 0.908109533488695, 0.9206273772124154, 0.9575457340150523, 0.927533016416715, 0.4547750411614556, 0.22781927260544554, 0.9175002153456928, 0.8911272695186331]","[0.6423134569639611, 1.0768760939477686]",-38.20683670043945,0.0,2356.1396985721685,176.38297937664817,2.0,0.0,0
66,"[0.5257346329023362, 0.5329964905168298, 0.990639601409795, 0.251527827378371, 0.9523085496828213, 0.6817674337546545, 0.30174696680193824, 0.024971054597207276, 0.9286453867112823, 0.2788153200698916]","[0.6423134569639611, 1.0768760939477686]",-42.34843063354492,0.1,3062.7490898120277,-175.86570622503217,4.0,0.0,0
67,"[0.9997833061126037, 0.7768585578074371, 0.3942723117638868, 0.365580543517224, 0.08148784695969813, 0.8126439577096267, 0.5718454658466616, 0.009240921185286521, 0.37478364972859823, 0.0845042229607581]","[0.6423134569639611, 1.0768760939477686]",-49.431488037109375,0.0,3195.1378876049016,-284.18149926022136,3.0,0.0,0
68,"[0.26336865996841896, 0.7741195095586619, 0.5409625194758698, 0.8480012485422075, 0.607166702087762, 0.49435303821171106, 0.5888790694642251, 0.7965971449799559, 0.4398439170373013, 0.921273436026339]","[0.6423134569639611, 1.0768760939477686]",-38.0869255065918,0.0,1982.7656015118541,16.729630690814332,3.0,0.0,0
69,"[0.07981038863443302, 0.7765125817177001, 0.7499415283760433, 0.7643439658462289, 0.7243701142611022, 0.6089065627815833, 0.4273334428771106, 0.8400368202688958, 0.5368069237341939, 0.7093358803370182]","[0.6423134569639611, 1.0768760939477686]",-18.6925048828125,0.02,2221.4945615671113,68.42231757794988,2.0,0.0,0
70,"[0.38336605026633674, 0.9497165831071963, 0.2985069748682504, 0.39949343909853774, 0.5177565235617638, 0.021266888800367978, 0.46769515980033105, 0.2505317426241227, 0.5778802937632774, 0.3821946206602572]","[0.6423134569639611, 1.0768760939477686]",-29.533084869384766,0.0,2873.5332998431386,-129.07302533245235,3.0,0.0,0
71,"[0.0777693282984464, 0.015711917565417455, 0.03178643189854169, 0.7854677853048522, 0.7057423812360156, 0.9807575212243176, 0.9197663366514505, 0.5054269244667682, 0.6635755780222387, 0.0974922192832548]","[0.6423134569639611, 1.0768760939477686]",-42.722286224365234,1.0,3472.2844731884775,106.9818459419069,3.0,0.0,0
72,"[0.8640520830481424, 0.9417543835241045, 0.754641530372679, 0.9610305096185403, 0.6116997308754507, 0.6498260778716096, 0.9952487648365548, 0.8051539384181663, 0.7193226172612094, 0.5269555824937427]","[0.6423134569639611, 1.0768760939477686]",-11.080883026123047,0.0,1917.8755710870118,53.15402724624349,2.0,0.0,0
73,"[0.5228323970774745, 0.6246786674856942, 0.14925623156099344, 0.2875922450562092, 0.9906653646367811, 0.6399529178325101, 0.0014144060403000758, 0.41676208486118294, 0.6745174438589251, 0.26583932751635087]","[0.6423134569639611, 1.0768760939477686]",-48.26299285888672,0.01,3389.6360288764795,-144.2725806232104,1.0,0.0,0
74,"[0.8106950284353274, 0.7237942943471243, 0.62393304346714, 0.8290796483047306, 0.5217383225233776, 0.371363733734405, 0.0887408170722429, 0.520572740267371, 0.11856417054776269, 0.8633650244253868]","[0.6423134569639611, 1.0768760939477686]",-37.26445770263672,0.0,2008.0596936566362,69.62219705193871,2.0,0.0,0
75,"[0.6947502219036878, 0.8533618591602296, 0.07370010102690538, 0.7842517413175707, 0.8806375712299053, 0.16075194566464812, 0.23098960238576394, 0.08488212291906116, 0.8403622115635324, 0.7543904956801237]","[0.6423134569639611, 1.0768760939477686]",-37.86424255371094,0.0,2880.367603364263,36.74156027506808,2.0,0.0,0
76,"[0.8940284997514252, 0.5371629487015432, 0.953437692149841, 0.24074569509220756, 0.05067655270041982, 0.9276018534213704, 0.6322590242345172, 0.5141982542357074, 0.9386181452913288, 0.5833464330546384]","[0.6423134569639611, 1.0768760939477686]",-55.60497283935547,0.16,3273.6444849528784,-419.5260844110677,3.0,0.0,0
77,"[0.929456281974438, 0.6054816408440422, 0.2725705493239152, 0.7385845901125128, 0.7663919905778864, 0.7443624476912377, 0.48643712619774204, 0.563335562695645, 0.5612137229143882, 0.9671155182841802]","[0.6423134569639611, 1.0768760939477686]",-37.733001708984375,0.0,2000.9692707099816,-2.446394508032114,0.0,0.0,1
78,"[0.6394181320310675, 0.8492845872814717, 0.28834976811030466, 0.8248313523805849, 0.021192485967230446, 0.7078780929873919, 0.5531682306732453, 0.7934942679678835, 0.9798728902634072, 0.5070309916890025]","[0.6423134569639611, 1.0768760939477686]",-41.80161666870117,0.02,2582.7503842190354,-182.5422590433502,1.0,0.0,0
79,"[0.061240492509463396, 0.4774523140734741, 0.9991807967318271, 0.38608199219723316, 0.24681500143150326, 0.4962855255378299, 0.2197696237272867, 0.7428354700925476, 0.7948665969438388, 0.2845492949397507]","[0.6423134569639611, 1.0768760939477686]",-41.993019104003906,0.01,3053.588060447813,-147.2660905799833,4.0,0.0,0
80,"[0.776388330433611, 0.7848153038573314, 0.18480090546608985, 0.7406825157355698, 0.9022353468267977, 0.695182862013775, 0.389336865594085, 0.4345208878444201, 0.8463292093941244, 0.9926712475508036]","[0.6423134569639611, 1.0768760939477686]",-39.574737548828125,0.0,2552.67077225964,-6.841656496428982,1.0,0.0,0
81,"[0.3132397975721768, 0.9985020214646991, 0.005060730361583388, 0.7776823488067415, 0.25975179140571236, 0.8380500091231199, 0.27961191937826124, 0.14248162866480163, 0.8038733863813131, 0.9402158860773521]","[0.6423134569639611, 1.0768760939477686]",-43.33140182495117,0.11,3593.182568730448,59.800976689406525,4.0,0.0,0
82,"[0.2364603835787169, 0.18448702377750803, 0.05081905408233478, 0.3489718871464118, 0.8867933696486153, 0.7285604875338647, 0.7572403376957872, 0.5901663105982617, 0.6591013850540004, 0.32212857009904194]","[0.6423134569639611, 1.0768760939477686]",-33.6115837097168,0.02,2584.4630408021017,153.0654894020807,4.0,0.0,0
83,"[0.9510701802556571, 0.39988951454637567, 0.055650737695164154, 0.8501450211797864, 0.6483004330568504, 0.4518702354585523, 0.20452596777768461, 0.06108624531024287, 0.007310117632674751, 0.6096316318919724]","[0.6423134569639611, 1.0768760939477686]",-35.317317962646484,0.0,3521.1198774624067,-317.00460570179393,4.0,0.0,0
84,"[0.5872352749005229, 0.06393323583137334, 0.6945808746622851, 0.48220086174828447, 0.8334175698963002, 0.459870823835844, 0.19242039293859248, 0.8909882393571232, 0.3904114645983593, 0.040177965127814685]","[0.6423134569639611, 1.0768760939477686]",-48.65023422241211,0.0,2854.3544738437026,42.12891922200785,1.0,0.0,0
85,"[0.5985758345871983, 0.4300393691139389, 0.37243007705351383, 0.8817514476314033, 0.3424644226717115, 0.9712301083954569, 0.3018510325020679, 0.5745738627700203, 0.7292526536982986, 0.3825904426083937]","[0.6423134569639611, 1.0768760939477686]",-38.42506790161133,0.01,2094.709582678603,53.4781020641166,2.0,0.0,0
86,"[0.63502728733354, 0.11388916622728484, 0.747014075347425, 0.7758764367661649, 0.08647709917462654, 0.6280608358670441, 0.5769092434232069, 0.12721069445210398, 0.14858070758394004, 0.5572078546815494]","[0.6423134569639611, 1.0768760939477686]",-36.040550231933594,0.01,2569.8518114013023,195.73812848136623,2.0,0.0,0
87,"[0.780985808736175, 0.6067232865488414, 0.5790628611602225, 0.01430671010617679, 0.21962741239349215, 0.616373951502569, 0.0922816586127585, 0.5148822734681908, 0.7659537039244858, 0.4635670167071807]","[0.6423134569639611, 1.0768760939477686]",-52.61631774902344,0.27,3098.324488050174,-124.6534511116459,1.0,0.0,0
88,"[0.45701797728846927, 0.8621389210993113, 0.2120786478798098, 0.4285060656921795, 0.7188453664551908, 0.6802894010109622, 0.7800250945620328, 0.22875224889428014, 0.3654175239650753, 0.5478334919510167]","[0.6423134569639611, 1.0768760939477686]",-26.036895751953125,0.0,2512.943397799276,-174.60453399543417,2.0,0.0,0
89,"[0.4504319488756726, 0.3809775475075534, 0.7476093249607522, 0.9913542603116414, 0.6520653244378435, 0.6044036215883223, 0.8581130817641731, 0.7960139699696593, 0.6871077871430232, 0.7662621411728373]","[0.6423134569639611, 1.0768760939477686]",-31.240829467773438,0.01,1980.972000786821,85.21981301782517,2.0,0.0,0
90,"[0.6327254031923586, 0.4066176926696692, 0.08574045683452891, 0.08191057443936256, 0.35461403423612814, 0.9550447893769723, 0.3692763840139527, 0.9428737187044048, 0.910196129994927, 0.9913877372975627]","[0.6423134569639611, 1.0768760939477686]",-27.648666381835938,0.72,2221.780497973331,197.1651177199833,4.0,0.0,0
91,"[0.13135175626218798, 0.7905530029991071, 0.44095645603041267, 0.15628624958009374, 0.591796377331508, 0.2418497993311799, 0.3891706526204568, 0.20099980305076082, 0.8586558791077182, 0.786219021931593]","[0.6423134569639611, 1.0768760939477686]",-55.444129943847656,0.16,3149.692720516293,-268.4747881837977,3.0,0.0,0
92,"[0.3665832090380381, 0.9158184967138981, 0.5955774721345557, 0.07481951342173032, 0.5673117940149709, 0.4866878941503999, 0.9052436405248236, 0.6814141439119714, 0.3440417285659956, 0.4419650139988215]","[0.6423134569639611, 1.0768760939477686]",-53.596439361572266,0.0,2475.2029097675263,-90.74729514333745,1.0,0.0,0
93,"[0.307446645068817, 0.23567751219805289, 0.20708851409187945, 0.4943279727816198, 0.4055637897834451, 0.7028169528741445, 0.9100988944392857, 0.7179064872954681, 0.7330076988314537, 0.35373439562102404]","[0.6423134569639611, 1.0768760939477686]",-32.893760681152344,0.1,2036.7574969473333,82.85802713650116,3.0,0.0,0
94,"[0.6443761028742461, 0.6885114177885335, 0.030913806982511116, 0.3532580582142216, 0.9534958328580669, 0.9631974765263525, 0.016103906602583873, 0.21330747520684723, 0.1594740806048386, 0.265778871345004]","[0.6423134569639611, 1.0768760939477686]",-53.276527404785156,0.0,3220.074220144506,-292.67552677966637,4.0,0.0,0
95,"[0.45865449078868403, 0.30509033216353065, 0.41855823683762505, 0.7478255072252766, 0.23553986915343472, 0.14069062321513548, 0.5458132940351627, 0.0888636151464528, 0.9695928196373975, 0.22157654943262317]","[0.6423134569639611, 1.0768760939477686]",-18.918642044067383,0.0,2310.893616135736,142.78992629236734,3.0,0.0,0
96,"[0.7552159943394102, 0.040370707144080864, 0.9813772478688699, 0.5153149421746288, 0.910343297921036, 0.45420505547012746, 0.04813983122800558, 0.7233442574260556, 0.15816577487152306, 0.3751710146610433]","[0.6423134569639611, 1.0768760939477686]",-35.24836349487305,0.0,3140.059926353997,-38.16400395557184,5.0,0.0,0
97,"[0.3281304603858689, 0.8181714338565055, 0.5502056291308189, 0.9702819216958674, 0.30066032264884734, 0.7900586350881433, 0.01925586781175037, 0.3510258213214089, 0.31454782438050544, 0.6583865173492458]","[0.6423134569639611, 1.0768760939477686]",-43.920162200927734,0.01,2849.3906000233414,27.82377210077499,3.0,0.0,0
98,"[0.9037402795471224, 0.5598245940552832, 0.2570828630151657, 0.13610477459938908, 0.9473443490862454, 0.6420485174959202, 0.12078534878414093, 0.7988312383907286, 0.9402324282421817, 0.6390532777292492]","[0.6423134569639611, 1.0768760939477686]",-61.7773323059082,0.43,3061.2168443900678,179.15602411667197,1.0,0.0,0
99,"[0.30221909226560184, 0.7975973952202949, 0.14165070791568668, 0.8173507648704089, 0.25851438466396526, 0.9241044610280598, 0.7369895603864459, 0.6104646177909167, 0.23181256898713043, 0.4475202207374134]","[0.6423134569639611, 1.0768760939477686]",-48.00917053222656,0.03,3008.211839432147,-82.19551545617713,2.0,0.0,0
100,"[0.8035066573664837, 0.7022482414448199, 0.7093114735287274, 0.9652170855788428, 0.8243563002918738, 0.09648644883438273, 0.5766195680806475, 0.15419258900900268, 0.15546562631719962, 0.00917316821445513]","[0.6423134569639611, 1.0768760939477686]",-6.32234525680542,0.0,2164.452349282763,102.38795152865947,1.0,0.0,0
101,"[0.7195004950415923, 0.37842862823836176, 0.39349274994146555, 0.6163015967224857, 0.6914434989483232, 0.3046567652859218, 0.8796755724509028, 0.5339384971784534, 0.011592934525473941, 0.9487947586005496]","[0.6423134569639611, 1.0768760939477686]",-42.47620391845703,0.02,2521.751195971468,-265.833335466927,2.0,0.0,0
102,"[0.4016999109951922, 0.2292489342201297, 0.24515935675421263, 0.6367890951940093, 0.9897932982186103, 0.8423787828506093, 0.5460277207837742, 0.20780490507478977, 0.028560625439357668, 0.7011267414189005]","[0.6423134569639611, 1.0768760939477686]",-46.52499008178711,0.01,3266.54143641733,-312.3224099811581,3.0,0.0,0
103,"[0.269070139713404, 0.05499392323071117, 0.8433602535891348, 0.12900394921563885, 0.6582118143436272, 0.6044756331609129, 0.6648109914356697, 0.8078221419700701, 0.1479295726827744, 0.2850736194158079]","[0.6423134569639611, 1.0768760939477686]",-43.84463119506836,0.02,3489.7019872096275,-118.69001929958074,2.0,0.0,0
104,"[0.9297507240519517, 0.5634199478940086, 0.8827535612958681, 0.5618889960245675, 0.9244529781497786, 0.5709538627484234, 0.7594772939890706, 0.461904012674792, 0.07761667129692928, 0.894418494807833]","[0.6423134569639611, 1.0768760939477686]",-38.472808837890625,0.0,2676.5357581204225,54.09204512120067,1.0,0.0,0
105,"[0.05478953396800346, 0.8929034742149677, 0.3196444370098902, 0.664706689658231, 0.14793159855021942, 0.3514911145265569, 0.5866398392914269, 0.35319963878904514, 0.6892663271917325, 0.44700174082895716]","[0.6423134569639611, 1.0768760939477686]",-30.698604583740234,0.0,2415.3296030680835,29.655372734279496,1.0,0.0,0
106,"[0.8347595745491668, 0.6988675198956907, 0.6866724817101327, 0.35558788893639215, 0.09508903257180923, 0.8336533981961108, 0.8084100973051591, 0.8363508948891228, 0.07105491020813881, 0.5935812761629663]","[0.6423134569639611, 1.0768760939477686]",-20.070615768432617,0.01,2727.646776525499,201.19020933352203,2.0,0.0,0
107,"[0.012536743404010897, 0.18980406670699845, 0.3557449173694821, 0.369793602498109, 0.20086019503623131, 0.841026144065147, 0.8168514899028182, 0.10659926752742499, 0.009092962875132948, 0.14630354452115713]","[0.6423134569639611, 1.0768760939477686]",-43.635009765625,0.49,2716.3915076326316,87.81302236593388,4.0,0.0,0
108,"[0.9756601775154008, 0.5488425883330939, 0.05910691087058184, 0.3378527236027137, 0.16325904233950994, 0.43316902583192884, 0.0560272129170265, 0.601449317003417, 0.29677840171116987, 0.7582404608997709]","[0.6423134569639611, 1.0768760939477686]",-41.90060806274414,0.02,3443.6530492195516,-61.716169822010386,3.0,0.0,0
109,"[0.9420847439230261, 0.37622332660650026, 0.17496622371873294, 0.8216719164976793, 0.8196977818608093, 0.3688674353259649, 0.29221005044073023, 0.31448575189790184, 0.08337264872053807, 0.05504207537745487]","[0.6423134569639611, 1.0768760939477686]",-36.52505111694336,0.0,3002.5755675060373,204.66835498254284,3.0,0.0,0
110,"[0.537729980775812, 0.339315813534637, 0.7623876705634723, 0.35962974597936526, 0.5951958360281309, 0.7665201488486659, 0.8762579949850319, 0.6410984793573328, 0.1362369449940265, 0.20413929496933914]","[0.6423134569639611, 1.0768760939477686]",-40.4764289855957,0.02,2540.890678597915,-125.8945635956984,3.0,0.0,0
111,"[0.8792311853358806, 0.49501061038966987, 0.7269770743932037, 0.15356499678748725, 0.5033944253884468, 0.8791822930263492, 0.6899085447642473, 0.34312520710304795, 0.42874608601676834, 0.6932169019488224]","[0.6423134569639611, 1.0768760939477686]",-41.27314376831055,0.0,2618.111778160392,236.97853789749243,1.0,0.0,0
112,"[0.6842154101324546, 0.9219876455127275, 0.23367256597764796, 0.49606584535045695, 0.6626537420388173, 0.05543079717655708, 0.20512157225427397, 0.0890994583684015, 0.9243618013726733, 0.4913496130204209]","[0.6423134569639611, 1.0768760939477686]",-44.940982818603516,0.01,2990.404502791039,-216.27516011692848,3.0,0.0,0
113,"[0.859281218778339, 0.5611165503191516, 0.9827840630008519, 0.585085390202391, 0.5444618951846689, 0.949564299086237, 0.7929934602330717, 0.029411239235242692, 0.6884768772022605, 0.3036169314527529]","[0.6423134569639611, 1.0768760939477686]",-38.79835510253906,0.0,2596.775989518466,73.28552061935363,3.0,0.0,0
114,"[0.26718469116517973, 0.8807389678583045, 0.7443155268923154, 0.46192160344674327, 0.32406617952943784, 0.8851265554500901, 0.13764199567402158, 0.6990966888588673, 0.3975088220024602, 0.7173861706578798]","[0.6423134569639611, 1.0768760939477686]",-47.141143798828125,0.02,3037.964628165935,-43.201028326936466,1.0,0.0,0
115,"[0.45247337124071896, 0.6989471733513501, 0.683541574470258, 0.22167143756974972, 0.024884477720097387, 0.6777524142018176, 0.9811954308212117, 0.0788765837661155, 0.5887160631256492, 0.4534815367450279]","[0.6423134569639611, 1.0768760939477686]",-44.79648971557617,0.01,2716.937181633458,-145.9542981447155,2.0,0.0,0
116,"[0.3060414915822871, 0.045614647479246706, 0.1698945128235967, 0.327369356524045, 0.09820299795625209, 0.178935698624885, 0.01680915781628134, 0.9384470089993842, 0.9373588466277836, 0.6040155277723563]","[0.6423134569639611, 1.0768760939477686]",-41.33177185058594,0.37,2706.489340740201,-10.461714182054095,5.0,0.0,0
117,"[0.5289915403376455, 0.8474807160362391, 0.6653282359997233, 0.7857854248244959, 0.08037477381511537, 0.6347877012062826, 0.38988975964644024, 0.2113034888859071, 0.5344616857248191, 0.29298870976719316]","[0.6423134569639611, 1.0768760939477686]",-33.401004791259766,0.0,2847.2142215015465,-9.973581276016716,2.0,0.0,0
118,"[0.13482141188228725, 0.4038075206638657, 0.6094900728209032, 0.9859579752173755, 0.648497001591261, 0.7452042653685345, 0.5233488590791816, 0.3727810004023012, 0.7529720741997458, 0.15204806867769938]","[0.6423134569639611, 1.0768760939477686]",-48.66461181640625,0.02,3058.3197504296463,-121.58459830816082,3.0,0.0,0
119,"[0.3709872965392369, 0.7037427331809246, 0.13996031475751614, 0.3823594271032599, 0.10505061328104037, 0.3791549486011354, 0.0813701115957296, 0.7941129580516811, 0.2994116779251216, 0.08460306395340955]","[0.6423134569639611, 1.0768760939477686]",-42.59764862060547,0.07,3118.4592914047244,117.75121761331616,2.0,0.0,0
120,"[0.4189741629970366, 0.9699117484559723, 0.2220407111980922, 0.012789876187601412, 0.31270167132539406, 0.45997477469437087, 0.6644194985160856, 0.6832502507651536, 0.744559197427086, 0.6794491398203203]","[0.6423134569639611, 1.0768760939477686]",-23.649194717407227,0.21,2659.457513863606,100.76716388223846,2.0,0.0,0
121,"[0.9553723516455663, 0.5550250553838378, 0.061770215923576455, 0.09424508878986604, 0.885601198053925, 0.9890855796450195, 0.06982167761726388, 0.2712555408258229, 0.28786062350000285, 0.30743782160332767]","[0.6423134569639611, 1.0768760939477686]",-47.7943115234375,0.0,3272.795013061557,191.2107572676919,4.0,0.0,0
122,"[0.3293919735316172, 0.7609383992053, 0.5023709987852863, 0.7228853717443727, 0.7534770961776495, 0.8310244990468959, 0.32264155373208614, 0.5601100029866747, 0.1339460898077096, 0.0970778243722017]","[0.6423134569639611, 1.0768760939477686]",-31.603368759155273,0.02,2184.7216515782266,172.15506873038004,2.0,0.0,0
123,"[0.587110578348086, 0.1714457893775192, 0.39139104673107716, 0.5136887453413143, 0.4452074269775953, 0.9452054146070634, 0.7745644059621553, 0.2330118724051765, 0.19055301746419206, 0.5859429943688529]","[0.6423134569639611, 1.0768760939477686]",-37.41982650756836,0.02,2246.587594934843,36.23813113432638,4.0,0.0,0
124,"[0.770788533030745, 0.8883839193519775, 0.9144803637987642, 0.4887058292200799, 0.3646621536980942, 0.8139727202129289, 0.48612577588154604, 0.896146325137442, 0.10952417180408247, 0.7458083069696299]","[0.6423134569639611, 1.0768760939477686]",-52.286903381347656,0.01,2945.64738330361,-23.878876308786232,3.0,0.0,0
125,"[0.5604156316799681, 0.8611558687979183, 0.12847145887802247, 0.5146345509864684, 0.523665362712431, 0.18725689348791774, 0.6459146208318678, 0.8201085122478708, 0.35754266000513846, 0.5402158483968539]","[0.6423134569639611, 1.0768760939477686]",-34.55780792236328,0.12,2800.8005041660444,-41.8845567373678,1.0,0.0,0
126,"[0.9780548653909901, 0.2736674764709437, 0.11188455684536436, 0.807371768156787, 0.8096182558531588, 0.6845788309638183, 0.4170475832995577, 0.3549414940530422, 0.4042686263824271, 0.31490733645323854]","[0.6423134569639611, 1.0768760939477686]",-34.312252044677734,0.0,2735.1055793581454,103.01895128126193,4.0,0.0,0
127,"[0.6230074639391648, 0.13360926299989084, 0.9167672757418429, 0.22035768422645075, 0.04485332656783636, 0.07352333795544808, 0.40880414131810217, 0.711988354931567, 0.2975273563646582, 0.641401122341347]","[0.6423134569639611, 1.0768760939477686]",-63.95173263549805,0.02,3350.3035874652887,16.84394483758615,2.0,0.0,0
128,"[0.9472325248960742, 0.755454629752528, 0.780061757102364, 0.710259600164908, 0.7047211670496576, 0.6422564543381665, 0.37977027355380333, 0.4896631607478674, 0.25867928959590547, 0.23372784172498706]","[0.6423134569639611, 1.0768760939477686]",-8.948549270629883,0.0,1707.7820867745716,209.40253243988099,1.0,0.0,0
129,"[0.335793672377542, 0.43792311817284646, 0.6041326528423511, 0.22773911812783887, 0.6641044919146061, 0.2844460135102499, 0.21546795902042237, 0.6456229741679043, 0.7717189411613833, 0.9582363208313013]","[0.6423134569639611, 1.0768760939477686]",-37.50104904174805,0.02,2348.4478517115467,46.60003831776774,3.0,0.0,0
130,"[0.8656080200597478, 0.9219052444547219, 0.983727388938172, 0.35654991667628266, 0.9302265866828253, 0.9466579071197159, 0.906116325157632, 0.9553969292706447, 0.13247513984568116, 0.3127389898656713]","[0.6423134569639611, 1.0768760939477686]",-42.115684509277344,0.0,2669.463381893666,136.37487437723485,3.0,0.0,0
131,"[0.8654779144998634, 0.6211942125057737, 0.6640248985651535, 0.17025306085671987, 0.7187466485264637, 0.9955559293835239, 0.2864910766576876, 0.8449447862568075, 0.8770640849117394, 0.9231949897497057]","[0.6423134569639611, 1.0768760939477686]",-24.125600814819336,0.17,2476.038062872851,92.85836221977019,0.0,0.0,0
132,"[0.3458398653390058, 0.18417164982218692, 0.9309289841508848, 0.15060017468208287, 0.5872382977165849, 0.9103649863042285, 0.7261618291689391, 0.552249632089859, 0.9614677292603704, 0.2753536552389062]","[0.6423134569639611, 1.0768760939477686]",-42.57864761352539,0.47,3032.752047949752,-84.35799607702438,4.0,0.0,0
133,"[0.9196404658756056, 0.9383504053227681, 0.2187989192840022, 0.5080834778008053, 0.014351223669649249, 0.8265148965654883, 0.6470987742160579, 0.5982898581954376, 0.5076646957513038, 0.2572848419199575]","[0.6423134569639611, 1.0768760939477686]",-48.07048034667969,0.01,2845.0517637743665,-48.64539832454341,1.0,0.0,0
134,"[0.26934023606387725, 0.37871378065540573, 0.6859950032584036, 0.4537725799511275, 0.23604388595352865, 0.08804538466398992, 0.44877177071764984, 0.5196482412958837, 0.14620660141764175, 0.3202896897841182]","[0.6423134569639611, 1.0768760939477686]",-20.307764053344727,0.0,2490.4535059247646,-67.9896123837546,3.0,0.0,0
135,"[0.1484950650899468, 0.4041966139901253, 0.25516958042863036, 0.36271064194860614, 0.7821125756956795, 0.25719436398107787, 0.23062353884357234, 0.7836793737726518, 0.3824049967880525, 0.768238505197692]","[0.6423134569639611, 1.0768760939477686]",-36.58320617675781,0.02,2742.2563517457284,-10.245652863665953,2.0,0.0,0
136,"[0.716385996089235, 0.06327975635177896, 0.6269361437482296, 0.18109314098630847, 0.9021275781945923, 0.5812782457398945, 0.8600208195248047, 0.9403360826230013, 0.11695864466562156, 0.3153229844942612]","[0.6423134569639611, 1.0768760939477686]",-48.918643951416016,0.42,3516.2851581304017,-288.6529788521964,4.0,0.0,0
137,"[0.9597781863701643, 0.22496127568648616, 0.34134576361400626, 0.6432750315931122, 0.28628074697416617, 0.7562731115909688, 0.6265866671500011, 0.8203849844559825, 0.7293754870832325, 0.021990014112351797]","[0.6423134569639611, 1.0768760939477686]",-46.35445785522461,0.01,3023.7226186502376,-124.7629477357628,2.0,0.0,0
138,"[0.4131475727716367, 0.9124032923424445, 0.45893509468036386, 0.25106740906126734, 0.8833613837164876, 0.7169231946608777, 0.30800332117408546, 0.8816054360851197, 0.6811403246607249, 0.630371301005869]","[0.6423134569639611, 1.0768760939477686]",-28.300765991210938,0.01,2344.270243164183,-24.635752533493076,3.0,0.0,0
139,"[0.11565570042275553, 0.041595633849606184, 0.8843520208464611, 0.2151090051974397, 0.5735977359264416, 0.6522845511029491, 0.28175387393094586, 0.7142785526077157, 0.6916823570049038, 0.8090220945823875]","[0.6423134569639611, 1.0768760939477686]",-23.555421829223633,0.02,2439.042542659425,73.71403994721311,4.0,0.0,0
140,"[0.6721104583575495, 0.7296342187636143, 0.4739226973545144, 0.28581635092102875, 0.4681629843903574, 0.8254801373084067, 0.08266991220501763, 0.061203593061259, 0.2809169120182934, 0.3292587349797783]","[0.6423134569639611, 1.0768760939477686]",-24.8730525970459,0.0,2505.020855197065,-62.406472773454766,2.0,0.0,0
141,"[0.23228091657539618, 0.05426942941600188, 0.64408169726669, 0.45747164311275057, 0.8623754067587331, 0.8599896901650723, 0.4629175393884998, 0.19045702012300358, 0.3419721427664947, 0.050534082991161466]","[0.6423134569639611, 1.0768760939477686]",-46.18790054321289,0.04,3032.675821813706,-148.62100788058592,3.0,0.0,0
142,"[0.060766751227409155, 0.7078875457624656, 0.5071654469063878, 0.6708388195881021, 0.8551430913581805, 0.47046193510130896, 0.873279547572385, 0.9647747521749821, 0.9527191144554003, 0.895411510256301]","[0.6423134569639611, 1.0768760939477686]",-41.78416061401367,0.01,1990.1765134756884,105.9111834703287,3.0,0.0,0
143,"[0.03070531024734957, 0.6575978871871808, 0.08363235320878659, 0.4893317912796302, 0.4168556579356446, 0.8803574917842812, 0.1427164803115275, 0.11781197321724635, 0.06774882641023494, 0.1623406733602244]","[0.6423134569639611, 1.0768760939477686]",-30.28363800048828,0.64,3410.5436323021377,53.39288219663723,3.0,0.0,0
144,"[0.04417743868357071, 0.08794489606226807, 0.6588672320408605, 0.9800520879520132, 0.9332577139513735, 0.1089679164485472, 0.9005752411775929, 0.6386067407551226, 0.558593675429037, 0.6531862784698638]","[0.6423134569639611, 1.0768760939477686]",-44.73444747924805,0.47,3655.692017072756,76.11137330855303,3.0,0.0,0
145,"[0.4473911936368299, 0.43173299469882775, 0.05531256856604416, 0.36698082474648563, 0.4340139705353385, 0.6991826987417876, 0.19244940411694578, 0.9238690214779002, 0.8377072963040652, 0.06709562178443895]","[0.6423134569639611, 1.0768760939477686]",-43.13624954223633,0.78,2467.617043986739,43.04453410453834,5.0,0.0,0
146,"[0.5563822187438876, 0.7260025222504382, 0.7995120725748841, 0.026441703628025226, 0.9419898585788191, 0.08847289272101, 0.39179460837642965, 0.10356728322190056, 0.12300861584078282, 0.27448046215529986]","[0.6423134569639611, 1.0768760939477686]",-30.444244384765625,0.0,3221.8659662910845,-118.84829190043627,3.0,0.0,0
147,"[0.588845636643683, 0.21618948084474676, 0.5939127999960057, 0.9593706727229263, 0.8198478937425377, 0.3902364127245298, 0.15906124620126882, 0.46400619978931257, 0.8294791902513858, 0.06614010461537645]","[0.6423134569639611, 1.0768760939477686]",-40.46232223510742,0.0,3049.102004921466,128.76188049803838,2.0,0.0,0
148,"[0.45156292574658574, 0.8488117451574484, 0.4286108865894751, 0.08805233176469074, 0.5665337843583129, 0.003296327432012802, 0.2560789614014882, 0.23612117921944897, 0.9586068453757216, 0.4595065287163326]","[0.6423134569639611, 1.0768760939477686]",-56.19878005981445,0.82,3388.583873111621,-137.9184851871476,4.0,0.0,0
149,"[0.7761848185753711, 0.846854879635996, 0.022978218343810308, 0.036249847834912585, 0.36992481758708784, 0.4892050673434599, 0.8102865773128454, 0.48932505692570216, 0.38696360300240396, 0.7988426594711194]","[0.6423134569639611, 1.0768760939477686]",-36.05939483642578,0.01,2703.595375881445,79.97133378708503,3.0,0.0,0
150,"[0.22922681412005508, 0.46637269518494107, 0.8122770112463165, 0.7977661554662414, 0.659354693182698, 0.5878122976758001, 0.8263048742417161, 0.06625896237466655, 0.14938385823549294, 0.06653921586901057]","[0.6423134569639611, 1.0768760939477686]",-34.942256927490234,0.01,2592.685562311231,111.36482538743442,1.0,0.0,0
151,"[0.08054788099806443, 0.8601914027908943, 0.2084726977879202, 0.2904436674950118, 0.06853897181242108, 0.9372543415399972, 0.45626972969776824, 0.22437203715511944, 0.3511531204510572, 0.3254021317503606]","[0.6423134569639611, 1.0768760939477686]",-42.887935638427734,0.72,3489.5583114727315,0.3817535264507228,5.0,0.0,0
152,"[0.0490295825137822, 0.867626714821944, 0.7618227765790141, 0.31501219816815174, 0.8808036995766261, 0.05496458580479735, 0.679700535750702, 0.6813597714281255, 0.665643389526232, 0.9266831395727709]","[0.6423134569639611, 1.0768760939477686]",-43.2902717590332,0.0,2913.5881738134317,75.64018419295249,1.0,0.0,0
153,"[0.4108513701893276, 0.74470602605526, 0.5633271988531235, 0.20852279259952544, 0.6274793307499508, 0.8819493062357093, 0.21426015602194803, 0.28171747617647835, 0.49746088179297465, 0.025665783580594792]","[0.6423134569639611, 1.0768760939477686]",-40.11445617675781,0.01,2613.150054426623,-70.52484843125814,1.0,0.0,0
154,"[0.3101744326482555, 0.22797981504792064, 0.22530084301164288, 0.8279607310900859, 0.1757182770713983, 0.3866699293118283, 0.7170740426541252, 0.5903238271470422, 0.9276479065637084, 0.22721937936767145]","[0.6423134569639611, 1.0768760939477686]",-26.509849548339844,0.01,2238.1875286190757,40.704573799370934,1.0,0.0,0
155,"[0.2722101857598672, 0.28138982516341715, 0.4716528724794773, 0.20191798386281934, 0.7721492587663759, 0.3412904229329067, 0.7035905102338563, 0.050738103424240566, 0.249518325127549, 0.13109146283215278]","[0.6423134569639611, 1.0768760939477686]",-22.202150344848633,0.01,2738.931459465425,59.33705076945529,2.0,0.0,0
156,"[0.09457813780623125, 0.08507152712004418, 0.17880657334724204, 0.3481085270278008, 0.698637585910915, 0.6349237892297566, 0.7027988261547281, 0.6323526871068543, 0.07728642528037166, 0.0031691311384866028]","[0.6423134569639611, 1.0768760939477686]",-31.903667449951172,0.02,2889.3225123174266,137.77188591768285,4.0,0.0,0
157,"[0.7532472386920946, 0.20989156304468082, 0.719383244085887, 0.597896684266351, 0.3214326546147245, 0.9034982458714553, 0.4831486214953853, 0.30094641277342715, 0.02982761739605111, 0.2936840159260854]","[0.6423134569639611, 1.0768760939477686]",-42.477622985839844,0.0,2847.395235409267,-114.429033268546,1.0,0.0,0
158,"[0.6701084063376931, 0.6831846819094485, 0.9358497906314226, 0.6377047108751728, 0.31778360708710485, 0.6248340028701975, 0.8779616933131994, 0.10402885056771038, 0.3399736774381027, 0.8265580578934063]","[0.6423134569639611, 1.0768760939477686]",-42.756683349609375,0.02,2487.379523447253,-170.4378053036923,3.0,0.0,0
159,"[0.5288586319055841, 0.19213091550926398, 0.8675877396634963, 0.7211058448699144, 0.31630509982709254, 0.44325022014514026, 0.7401929137786639, 0.6668617325012389, 0.10949584111377597, 0.46890613978268103]","[0.6423134569639611, 1.0768760939477686]",-54.498779296875,0.02,2952.1724018656137,-104.82361605743665,1.0,0.0,0
160,"[0.7812770182209237, 0.20720432871171657, 0.14290260560057066, 0.4102741937667702, 0.06847830470572691, 0.09811634970366057, 0.9516996874003288, 0.7324884226126347, 0.8766609115287107, 0.7363685240021385]","[0.6423134569639611, 1.0768760939477686]",-50.97416687011719,0.27,2813.9128938742906,127.79228116668317,4.0,0.0,0
161,"[0.9499888889195457, 0.36383884229745267, 0.8025329189442894, 0.2676261872271354, 0.9065074141773358, 0.700922350030322, 0.9670906285117008, 0.6784193368161898, 0.753279773493818, 0.6387176575534785]","[0.6423134569639611, 1.0768760939477686]",-30.352535247802734,0.02,1917.3963678195976,125.5094732222577,1.0,0.0,0
162,"[0.3835309558317628, 0.058642587020947046, 0.9621358506034158, 0.09767184931132944, 0.9982524458900154, 0.9802175827594947, 0.3217830567736615, 0.6192290585361623, 0.5612808607691554, 0.9293088575385368]","[0.6423134569639611, 1.0768760939477686]",-35.90907669067383,0.02,2872.581883488031,-152.42450122864938,5.0,0.0,0
163,"[0.3090265179429885, 0.26851089212797474, 0.19371489903914219, 0.7856915504602244, 0.22389748101238605, 0.24924732825162788, 0.21833104736851416, 0.3034775758387541, 0.5272613290419353, 0.8362500590072786]","[0.6423134569639611, 1.0768760939477686]",-24.623323440551758,0.02,2887.3257412844114,167.06079931899083,3.0,0.0,0
164,"[0.4357754864179123, 0.6271190137207799, 0.022349575093780327, 0.308025015886914, 0.4456355733593388, 0.15366788882139137, 0.053482790820976955, 0.7804577577617052, 0.6198751820852312, 0.9939237024335033]","[0.6423134569639611, 1.0768760939477686]",-48.321693420410156,0.3,2731.8188808661394,-107.97093369825933,3.0,0.0,0
165,"[0.0878621163594161, 0.6945476028862985, 0.18550922268078518, 0.11801228162400856, 0.2921137271576991, 0.984906174218585, 0.9970733044996931, 0.29445278935026065, 0.9896829030727179, 0.24807609949612353]","[0.6423134569639611, 1.0768760939477686]",-38.62054443359375,1.0,2451.6176272036623,201.12348918079385,4.0,0.0,0
166,"[0.543584167554053, 0.545297060128252, 0.325050694455721, 0.47729196716302114, 0.3498645441819347, 0.8838969635785733, 0.015210039737961534, 0.6310730947285591, 0.213559281917735, 0.4277744592185143]","[0.6423134569639611, 1.0768760939477686]",-44.2552604675293,0.0,2024.4635770602108,-89.34221758225192,2.0,0.0,0
167,"[0.011036898004570084, 0.8509557936368897, 0.7931892950790559, 0.263993084210701, 0.1788764300897362, 0.6231933849531686, 0.16709073503091199, 0.39744665411667945, 0.5747348361250786, 0.3055747301206845]","[0.6423134569639611, 1.0768760939477686]",-43.226070404052734,0.02,3273.555013865909,-143.81031442811042,3.0,0.0,0
168,"[0.8133663066791815, 0.9628232011302038, 0.23767932881684062, 0.8096759229112922, 0.2369196511154159, 0.4369823792444665, 0.2731132040193992, 0.535839798885289, 0.7956800213292295, 0.19609734150837033]","[0.6423134569639611, 1.0768760939477686]",-43.50520324707031,0.0,3052.6284915543083,-117.64504777259367,3.0,0.0,0
169,"[0.33250384477971406, 0.18854681798242512, 0.7417435352371256, 0.9278811462281022, 0.033300264243295685, 0.40208512065369284, 0.17616217000997725, 0.3071336473520868, 0.5337728898469631, 0.7194085078346806]","[0.6423134569639611, 1.0768760939477686]",-47.101097106933594,0.1,3385.0025598770376,-194.47810044263446,4.0,0.0,0
170,"[0.18084884063283002, 0.43633532535430153, 0.9065080763180832, 0.6043124462215863, 0.5872285982040742, 0.4144139832146043, 0.04314296722080091, 0.28101195226585196, 0.2557610363426642, 0.8522607335690005]","[0.6423134569639611, 1.0768760939477686]",-35.477813720703125,0.0,3088.159181909029,-199.6060476054849,3.0,0.0,0
171,"[0.18010619022525454, 0.525500934696347, 0.5960128594789159, 0.8071086677534273, 0.20286764725919604, 0.42098084374395617, 0.10412152796761343, 0.9993912661114922, 0.5185039737375067, 0.10701224076363192]","[0.6423134569639611, 1.0768760939477686]",-35.977725982666016,0.01,2923.1337835001145,-272.64905123510414,2.0,0.0,0
172,"[0.8766498096336656, 0.7686517025559559, 0.04761243128975212, 0.506187782967574, 0.386070372964165, 0.7383009835637632, 0.4680734156881291, 0.5720878705854956, 0.04440162891246935, 0.6487256280138249]","[0.6423134569639611, 1.0768760939477686]",-56.688690185546875,0.02,3285.411778693655,-233.010984555522,1.0,0.0,0
173,"[0.13368891403694005, 0.22455320379050214, 0.3859616679537914, 0.39938412682009794, 0.12348828104924947, 0.2705522415945647, 0.739693220628408, 0.6416370168828518, 0.42832946746327927, 0.42859910958867786]","[0.6423134569639611, 1.0768760939477686]",-15.490437507629395,0.02,2236.616211242114,-11.956876430068064,2.0,0.0,0
174,"[0.9984488093956607, 0.6924642868304091, 0.06342677305387578, 0.7948730108603752, 0.9143816030584786, 0.7519021309812931, 0.807252002501729, 0.7998532676005666, 0.6598468276449211, 0.06317626391310616]","[0.6423134569639611, 1.0768760939477686]",-49.5749626159668,0.24,3191.2351281645524,-47.1431653656212,2.0,0.0,0
175,"[0.08977155595489761, 0.41053904129997854, 0.4759415404873387, 0.8065653226436704, 0.17816227217858083, 0.9215145627816151, 0.9453229138529861, 0.43399828273717755, 0.46476109405478294, 0.42934861701053484]","[0.6423134569639611, 1.0768760939477686]",-37.246376037597656,0.54,2863.4110600258828,-244.35431495974734,3.0,0.0,0
176,"[0.2073224023292477, 0.8521227640940977, 0.3458340278600034, 0.02360336355419801, 0.18545283460901119, 0.9043927724502601, 0.12547500935241174, 0.8121702294337332, 0.003189255496842014, 0.9308930014537555]","[0.6423134569639611, 1.0768760939477686]",-44.22842788696289,0.27,3814.745500578016,194.73559087629906,4.0,0.0,0
177,"[0.48147006803590653, 0.21340148890196164, 0.573404697384642, 0.6198444458862084, 0.6191717574762696, 0.1748252856388649, 0.1360219765335564, 0.20149278356193023, 0.9774352295291229, 0.23551444165998014]","[0.6423134569639611, 1.0768760939477686]",-30.2081298828125,0.01,2112.4500070244108,156.95568332561487,3.0,0.0,0
178,"[0.16403377522318108, 0.4804472636918431, 0.007192866469526105, 0.5607662991641126, 0.3960737495166723, 0.28183451360658573, 0.21297457628728644, 0.7909462147064075, 0.7267086558673471, 0.2269716767801182]","[0.6423134569639611, 1.0768760939477686]",-42.74941635131836,0.39,2893.6369604098436,109.4570004346512,4.0,0.0,0
179,"[0.6077860632196825, 0.28073881275572976, 0.9710365660888092, 0.8973020791176108, 0.2503455248406665, 0.4169363525250378, 0.8515180726038478, 0.7838058235060442, 0.5934547497866065, 0.8457274810351767]","[0.6423134569639611, 1.0768760939477686]",-32.87540054321289,0.02,2400.990188085248,200.43386782649333,3.0,0.0,0
180,"[0.728094120199411, 0.9830550510036772, 0.37331008888664463, 0.4096569511680185, 0.26854152671642095, 0.1443835286682874, 0.940735532560731, 0.4479484119590289, 0.5040958406810103, 0.16024532069870923]","[0.6423134569639611, 1.0768760939477686]",-45.536293029785156,0.0,3030.065024337154,140.5258042106766,2.0,0.0,0
181,"[0.9393989353830288, 0.9858655818297903, 0.3247464431716375, 0.24331635625050174, 0.38423333341931165, 0.6709830973064372, 0.6982420513872339, 0.8010237339493456, 0.9987950512341403, 0.41640266363989276]","[0.6423134569639611, 1.0768760939477686]",-42.29603576660156,0.33,2610.8250166547055,162.21411633655336,3.0,0.0,0
182,"[0.6914351403513369, 0.4447442161600801, 0.023782482295502727, 0.5756808407052876, 0.3708778587220465, 0.30478671451641715, 0.3487117595879021, 0.5877492224914974, 0.34926550415987756, 0.03806324786787729]","[0.6423134569639611, 1.0768760939477686]",-37.7217903137207,0.02,2981.6422739665495,45.32585317421356,3.0,0.0,0
183,"[0.3087814407367515, 0.4909276431707591, 0.13247005060381778, 0.472107454073346, 0.5899850142146588, 0.7367939564278779, 0.18505568418139828, 0.4822348140186007, 0.4601514520787844, 0.34903792640533104]","[0.6423134569639611, 1.0768760939477686]",-17.498472213745117,0.01,2434.6804325603002,-17.983589770762592,1.0,0.0,0
184,"[0.39451859543611556, 0.6228177506773701, 0.7037432006760869, 0.365749837295812, 0.7032985306008853, 0.32881570878299715, 0.03415723961140471, 0.8024004474991243, 0.02970312352675064, 0.6345393621912823]","[0.6423134569639611, 1.0768760939477686]",-23.540573120117188,0.0,2402.0626020697623,-27.766659439345744,1.0,0.0,0
185,"[0.7534993973827674, 0.5717525846534874, 0.06225935815185024, 0.5054053001201103, 0.35182996364770036, 0.13995254810095337, 0.38552445095725174, 0.6349588618338919, 0.804770926001364, 0.40856775412190005]","[0.6423134569639611, 1.0768760939477686]",-37.35694122314453,0.02,2705.429089541075,-116.54057185298706,2.0,0.0,0
186,"[0.2598057815988547, 0.4752043011843474, 0.958880340525764, 0.84931956440077, 0.37788748721662246, 0.48786825585290705, 0.07125839079290264, 0.8231083815575788, 0.48925985741280564, 0.7244352740859032]","[0.6423134569639611, 1.0768760939477686]",-46.2791748046875,0.0,3218.4654703076408,-188.66189224398028,3.0,0.0,0
187,"[0.9878648306524159, 0.0912655767004329, 0.45471475339069733, 0.25434365172350704, 0.48733945887671626, 0.7554882087909527, 0.8006908410872319, 0.01246283982921581, 0.9055899039295476, 0.7465226935601093]","[0.6423134569639611, 1.0768760939477686]",-32.41920852661133,0.17,3412.6451388776836,-71.1679988658658,4.0,0.0,0
188,"[0.4411262945740456, 0.6054066424867802, 0.1389448567745346, 0.6115741323879332, 0.04716946989255344, 0.007856996124235849, 0.28272518566029703, 0.6861051196814519, 0.24729102823595994, 0.8152572662426008]","[0.6423134569639611, 1.0768760939477686]",-38.36909484863281,0.35,2903.712037843952,192.05577657721193,2.0,0.0,0
189,"[0.697612695599998, 0.7824753772428598, 0.784973769085112, 0.15686488781728625, 0.7682068380824069, 0.12788775515923678, 0.385581443709322, 0.8575262887789135, 0.4813264634777643, 0.9569296814606374]","[0.6423134569639611, 1.0768760939477686]",-38.086158752441406,0.0,2751.383962682949,83.98907765652675,1.0,0.0,0
190,"[0.6634207519069552, 0.9557988296965577, 0.6155167046416357, 0.3850541712746295, 0.4494071415681936, 0.6546143416417265, 0.1266719460657728, 0.7092630160947211, 0.5866457206400852, 0.06996514963645684]","[0.6423134569639611, 1.0768760939477686]",-48.128204345703125,0.0,2887.5413450485653,130.88057157765274,2.0,0.0,0
191,"[0.3842674781164872, 0.7165945092612049, 0.17862351096933993, 0.2470856904033879, 0.3188925007886103, 0.0017557717554940178, 0.8931072707668967, 0.8895127146322115, 0.026465783915418317, 0.4416977351221908]","[0.6423134569639611, 1.0768760939477686]",-41.40093231201172,0.19,2880.605947160507,19.686520489036155,3.0,0.0,0
192,"[0.8395235875238811, 0.08391586375619386, 0.7250082763552772, 0.6071216453811863, 0.5800202034927997, 0.576100982060954, 0.2107961889575083, 0.491948570521029, 0.14317148851740558, 0.3196784370401732]","[0.6423134569639611, 1.0768760939477686]",-43.49956130981445,0.0,2653.2555573187483,15.151590003991743,1.0,0.0,0
193,"[0.047520397392731506, 0.5919798398006686, 0.3064097673667602, 0.32792994101866213, 0.7878446032672827, 0.3728363261308083, 0.5787117190056119, 0.4554037830078247, 0.47114116121184435, 0.6360022222230448]","[0.6423134569639611, 1.0768760939477686]",-42.51449203491211,0.0,2086.416687111319,207.56625621730862,0.0,0.0,0
194,"[0.4446399937601204, 0.22728801713590197, 0.2879441331411836, 0.14750070867601994, 0.8436062702267746, 0.17906035257837982, 0.7561329070989913, 0.6982274670967067, 0.14140918885279363, 0.6546772784586367]","[0.6423134569639611, 1.0768760939477686]",-43.627281188964844,0.02,3186.647781800872,112.2376645543529,3.0,0.0,0
195,"[0.1461999841221896, 0.8505027077264864, 0.3696641065187357, 0.3390405643708231, 0.2036222965230723, 0.9073585470968146, 0.5526734083388856, 0.22233589635585937, 0.6961945154768536, 0.7534216395615138]","[0.6423134569639611, 1.0768760939477686]",-45.71765899658203,0.35,3006.7913631738907,6.979486465205412,2.0,0.0,0
196,"[0.9726223773831725, 0.07766082560771503, 0.1184996392199853, 0.25066118375978863, 0.02867969242932178, 0.7288973388456872, 0.25320840230371877, 0.5862877841303937, 0.302619051385687, 0.6403316903821166]","[0.6423134569639611, 1.0768760939477686]",-34.31727600097656,0.02,2991.8841459814703,77.29272992462364,4.0,0.0,0
197,"[0.6880012781337407, 0.10681019365686806, 0.9285638262812921, 0.967315938413883, 0.7087577990860889, 0.5598901421191216, 0.7010741368432125, 0.905111667461617, 0.8731989645366934, 0.17610658031262338]","[0.6423134569639611, 1.0768760939477686]",-34.493961334228516,0.02,2976.979933778708,168.3323970831388,2.0,0.0,0
198,"[0.998130232262949, 0.38470711003344027, 0.9943916830861037, 0.9386986987166009, 0.2348578689586277, 0.21935712944476415, 0.9399145587107938, 0.3100485318450724, 0.1622339734551096, 0.06129924189572411]","[0.6423134569639611, 1.0768760939477686]",-42.45389175415039,0.02,3366.276588620268,114.61341821821401,5.0,0.0,0
199,"[0.6887862256907277, 0.5540915185333197, 0.3077811965960938, 0.6405209954481194, 0.21341979587950666, 0.07287117624986805, 0.4381484703129349, 0.7283665999101082, 0.35482448126188837, 0.8340726139540823]","[0.6423134569639611, 1.0768760939477686]",-34.16259002685547,0.02,2352.543971749755,51.91214864358625,1.0,0.0,0
200,"[0.6486006494159957, 0.19380752218892117, 0.9497825137597736, 0.42357485359533564, 0.4858718013113754, 0.9822990894159328, 0.9649857029319217, 0.9181711795194344, 0.7839657062578016, 0.8198749765649148]","[0.6423134569639611, 1.0768760939477686]",-26.916641235351562,0.38,1661.7349827399673,132.15887853850487,5.0,0.0,0
201,"[0.2635993674193322, 0.16148152124344362, 0.4269813759462219, 0.2757511325650315, 0.7115495422553745, 0.7616329901244171, 0.29309857840627973, 0.14980965004804958, 0.7151718699517148, 0.8365588391889383]","[0.6423134569639611, 1.0768760939477686]",-27.768718719482422,0.01,2482.426188459657,171.9608609965747,3.0,0.0,0
202,"[0.9082163693388744, 0.7437227949886266, 0.6764224258140813, 0.03703083851166411, 0.7228885134963051, 0.25655660921630863, 0.15622937321623365, 0.01843103316420236, 0.8362181558820356, 0.29891215266540727]","[0.6423134569639611, 1.0768760939477686]",-29.95267105102539,0.42,3201.8893444860414,11.675988450168234,3.0,0.0,0
203,"[0.7488775345850122, 0.5585929282336166, 0.19145687611154794, 0.35295890874405345, 0.21637692988271595, 0.31293058136898255, 0.7741863712057506, 0.3632150772992232, 0.6728384312976444, 0.6188875231757243]","[0.6423134569639611, 1.0768760939477686]",-30.531909942626953,0.01,2409.9868314039254,7.250092882400423,2.0,0.0,0
204,"[0.7543428390920066, 0.3648758876314073, 0.5371059706790229, 0.6858305869182729, 0.8639650554159009, 0.23089232981458407, 0.044158411530694996, 0.5044828599895296, 0.5415398438749051, 0.8451720774554141]","[0.6423134569639611, 1.0768760939477686]",-40.970542907714844,0.0,2626.61093361542,-3.4503740015519213,1.0,0.0,0
205,"[0.11649832995042819, 0.6842178420741181, 0.27530201129332055, 0.7522161597402067, 0.5259281605202262, 0.5903254782745199, 0.46311827740480727, 0.15040473839414303, 0.016757336625316754, 0.9938348744333847]","[0.6423134569639611, 1.0768760939477686]",-55.94941711425781,0.01,3518.790979519394,-500.51021300220225,3.0,0.0,0
206,"[0.7204588037822188, 0.8486353664337799, 0.7820391481352714, 0.9425045433912704, 0.23489765929366058, 0.1663168584140179, 0.6567360358900407, 0.2674270531888858, 0.6784110031270532, 0.3460451597921975]","[0.6423134569639611, 1.0768760939477686]",-21.10735511779785,0.0,2659.1618177466253,91.43640093755675,2.0,0.0,0
207,"[0.17710812714263202, 0.0741346096900799, 0.8707946213422434, 0.4444239486245163, 0.9425500761413288, 0.009716232414975545, 0.15263706905564978, 0.6092311243343874, 0.519581683576319, 0.391524316578285]","[0.6423134569639611, 1.0768760939477686]",-26.699533462524414,0.0,3138.066310817819,-41.585546152638415,3.0,0.0,0
208,"[0.40135587301114717, 0.14791926557384283, 0.5539380448657644, 0.5271990229182197, 0.14791601258820386, 0.17655827993787065, 0.02315383283154826, 0.5691130764161094, 0.7387438676954584, 0.5774982419233301]","[0.6423134569639611, 1.0768760939477686]",-37.29493713378906,0.01,2754.0357737747813,-34.20598087597966,3.0,0.0,0
209,"[0.9446769399217294, 0.7774006504214518, 0.10959329861366585, 0.3484331364349479, 0.5721595507131221, 0.6062259162272958, 0.5070464852279064, 0.98504514386293, 0.17366350945609033, 0.12019875903079391]","[0.6423134569639611, 1.0768760939477686]",-61.468292236328125,0.88,3270.632317754767,-72.11057872872937,2.0,0.0,0
210,"[0.3722145634004176, 0.0077131796485232496, 0.24151852325746537, 0.6732952929304965, 0.9088463123525481, 0.5465261816907485, 0.8869115868963966, 0.5734913389951621, 0.4067744094966801, 0.7791498794981278]","[0.6423134569639611, 1.0768760939477686]",-47.374446868896484,0.88,2827.6819020812636,29.587604963034835,2.0,0.0,0
211,"[0.6625246732545998, 0.7988304366938831, 0.879271247901451, 0.04955143666111195, 0.3376421298045018, 0.5888126563465511, 0.0919664233138261, 0.325977989676805, 0.3654852958492605, 0.9999564270935071]","[0.6423134569639611, 1.0768760939477686]",-42.047142028808594,0.08,3405.3503164544677,-160.41468027663234,2.0,0.0,0
212,"[0.2882384318370508, 0.8329580706241374, 0.46111845060091605, 0.014953239925243555, 0.07959497437879515, 0.34392046305138346, 0.8105994290371019, 0.8722488125316756, 0.7245207365676226, 0.17116153612205054]","[0.6423134569639611, 1.0768760939477686]",-52.83754348754883,0.16,3017.0205446061877,-199.4675810511506,3.0,0.0,0
213,"[0.9614120618637194, 0.6360958709703528, 0.8726831787312693, 0.5507062662473726, 0.5175069190187463, 0.9873329137728944, 0.44825294815801064, 0.4143107296915123, 0.10989462210241607, 0.13446650484522393]","[0.6423134569639611, 1.0768760939477686]",-42.309425354003906,0.0,2545.0346940312024,183.16162329569372,3.0,0.0,0
214,"[0.31983510872400134, 0.7322109524574533, 0.8363091930181366, 0.11013043745427653, 0.8514491012926406, 0.24665233668284847, 0.6497575091234038, 0.8896202966430242, 0.989887839602937, 0.3522803703278945]","[0.6423134569639611, 1.0768760939477686]",-60.71165466308594,0.91,3221.370638070644,-183.79184990383703,3.0,0.0,0
215,"[0.5708975817683498, 0.21194305046824247, 0.5100328042399159, 0.9897815335427407, 0.3886399168921685, 0.07343002958745237, 0.3163393412506482, 0.0895748103069145, 0.9045724743485111, 0.8226013360699166]","[0.6423134569639611, 1.0768760939477686]",-45.908634185791016,0.01,2867.86808590306,147.05165576235953,4.0,0.0,0
216,"[0.5048597976673007, 0.5475169947514968, 0.6355807357370956, 0.04252204023852202, 0.25629792018174247, 0.24274078740894744, 0.13494190809756168, 0.8417879677641303, 0.08393906555441577, 0.16266693969754287]","[0.6423134569639611, 1.0768760939477686]",-43.2833251953125,0.0,2421.998530430685,58.78188749126454,2.0,0.0,0
217,"[0.09212183462009893, 0.24175557615456134, 0.29121482998321835, 0.7376947441892885, 0.45956674078721815, 0.7537826211793481, 0.749913251333755, 0.4445858841816027, 0.9124801593063075, 0.3477880107885618]","[0.6423134569639611, 1.0768760939477686]",-42.87715148925781,0.07,2267.1602522281078,2.5295579394879155,2.0,0.0,0
218,"[0.6588809910099503, 0.23623193202093107, 0.2844824418195878, 0.6331046882596, 0.2878664884112112, 0.24753495533039838, 0.14837855005095013, 0.5601484621366206, 0.9325761933538286, 0.748331463273627]","[0.6423134569639611, 1.0768760939477686]",-33.3933219909668,0.01,2621.3806407976463,-61.68590627291445,2.0,0.0,0
219,"[0.6299236219070964, 0.9645571695822519, 0.4052696852534363, 0.022120331177627683, 0.8408658576387749, 0.9476344772600274, 0.47072295051902535, 0.8383732978903379, 0.7366511487300702, 0.8898064495186778]","[0.6423134569639611, 1.0768760939477686]",-51.587127685546875,0.17,2386.230389921046,-112.53833359837637,4.0,0.0,0
220,"[0.02002953661304374, 0.40533050428329664, 0.796165912207028, 0.575226869815294, 0.2990475942217966, 0.6122328920414554, 0.06907557632031813, 0.4108578368687521, 0.3650317420963247, 0.8036763723784557]","[0.6423134569639611, 1.0768760939477686]",-53.8122444152832,0.02,3103.8660391774292,-124.06542404484708,4.0,0.0,0
221,"[0.8269627663379682, 0.5072089906705599, 0.1183741774829159, 0.78828000898319, 0.4465090430230346, 0.14718845935802605, 0.14087098993470237, 0.126046170526948, 0.7847278037221936, 0.1794339761498457]","[0.6423134569639611, 1.0768760939477686]",-32.87711715698242,0.0,2815.7634533633077,132.14494727417394,3.0,0.0,0
222,"[0.02511207054851472, 0.9165520861428346, 0.1193268726805049, 0.9250948352130012, 0.3311825226016072, 0.07782711858034841, 0.32704412010735884, 0.9272298608450183, 0.433957247348262, 0.23054788891893196]","[0.6423134569639611, 1.0768760939477686]",-46.04277420043945,0.45,3814.8214383804293,73.24531652329154,5.0,0.0,0
223,"[0.5797130679770504, 0.24396364951074034, 0.05986299388263128, 0.07830575511755866, 0.0988925446277461, 0.23352020652782812, 0.929004854896315, 0.18897480380296883, 0.037067495391977956, 0.9202417246058301]","[0.6423134569639611, 1.0768760939477686]",-21.75514030456543,0.47,3295.518871801116,9.77652949867371,4.0,0.0,0
224,"[0.9482348131798805, 0.34330135749137924, 0.9219503320950256, 0.586775298899755, 0.17646768820019432, 0.9794744563614607, 0.9747550749696599, 0.32360162851759133, 0.6338806946401182, 0.7699345542489028]","[0.6423134569639611, 1.0768760939477686]",-45.008995056152344,0.06,2961.358175085694,-188.27618612917485,4.0,0.0,0
225,"[0.6128618341458438, 0.7387273885779085, 0.12943335827896252, 0.11711228708635957, 0.25153327388906943, 0.3210519985454816, 0.4520128750274922, 0.42046973442261726, 0.40965245863929955, 0.07221491832028248]","[0.6423134569639611, 1.0768760939477686]",-36.95834732055664,0.0,2720.3764883045346,224.6739402824474,1.0,0.0,0
226,"[0.14373639914690628, 0.7459421432989934, 0.257880799992834, 0.8994807142222423, 0.6235571354561588, 0.1021953739116821, 0.8711570801006996, 0.4141436371235503, 0.33896730257556607, 0.7206159110388178]","[0.6423134569639611, 1.0768760939477686]",-44.32435607910156,0.0,2840.9716062529264,-71.35043303708909,2.0,0.0,0
227,"[0.5986970343617345, 0.06258281427537526, 0.9865725093907286, 0.3722358405584839, 0.9098357053421351, 0.9887154511968237, 0.10755052355637007, 0.5656915959234635, 0.9417028137160622, 0.8826982268239402]","[0.6423134569639611, 1.0768760939477686]",-47.24315643310547,0.02,3123.783916115627,-133.47874451356932,3.0,0.0,0
228,"[0.028665546542230413, 0.8323759798162346, 0.6910131701040813, 0.6759970679358955, 0.7182998238245808, 0.40778424739514796, 0.4219920395936694, 0.8226668066468595, 0.2808957166412517, 0.9425014374407857]","[0.6423134569639611, 1.0768760939477686]",-43.9127082824707,0.01,2620.688319760753,47.16539116015949,2.0,0.0,0
229,"[0.42720215336794976, 0.6419891167840598, 0.3353673525572589, 0.8380501934972824, 0.8569002745754574, 0.3092712127149332, 0.24329382379840347, 0.3730873637360037, 0.7451908123325839, 0.003426861795553182]","[0.6423134569639611, 1.0768760939477686]",-37.94001770019531,0.0,2637.556177571613,65.61716780225845,2.0,0.0,0
230,"[0.1816848410410643, 0.5977801425367676, 0.3883815508963131, 0.6443552781079288, 0.28160982560696013, 0.9132073606517138, 0.9464810235391327, 0.20293371175962438, 0.2068029306483219, 0.4111502043657487]","[0.6423134569639611, 1.0768760939477686]",-39.89238739013672,0.24,2595.170077890148,-137.9900783415821,3.0,0.0,0
231,"[0.7556250391415148, 0.5659030410581901, 0.9497988958093059, 0.5009081497960444, 0.007536611658278902, 0.5426524070946493, 0.4867503574556262, 0.9970522391765183, 0.5392602021364878, 0.7631531275069555]","[0.6423134569639611, 1.0768760939477686]",-49.475608825683594,0.29,2724.9148811501796,112.74124756320472,2.0,0.0,0
232,"[0.7001448867833915, 0.13017614486237983, 0.4299731873491419, 0.0790601150528103, 0.052947473613709994, 0.07680001737014341, 0.05709041757115085, 0.5676740315963573, 0.9501207892647798, 0.1557441868740278]","[0.6423134569639611, 1.0768760939477686]",-44.68655014038086,0.82,3857.904550114018,43.19041152954114,3.0,0.0,0
233,"[0.7888974391859744, 0.8493063223277797, 0.9834042075506787, 0.5744663079703887, 0.47365262875277814, 0.6541517919741594, 0.9074304033269568, 0.6081334584034084, 0.01495251864888425, 0.28130792498253576]","[0.6423134569639611, 1.0768760939477686]",-43.16551971435547,0.0,2501.3283172299343,-81.12397991048897,2.0,0.0,0
234,"[0.06185299650405951, 0.045290506610909165, 0.9630770697195248, 0.6555932232716536, 0.3556692137858366, 0.6201888385631475, 0.6300013953513608, 0.41682179899024596, 0.009365930686690227, 0.11038565517359955]","[0.6423134569639611, 1.0768760939477686]",-45.86122131347656,0.02,3614.0736830071273,219.91526279379548,4.0,0.0,0
235,"[0.2539556893118883, 0.49172298947048476, 0.731679431698802, 0.9015780663356633, 0.7602272957574201, 0.024822647477696802, 0.7772963072682534, 0.9839734835315327, 0.706900283105786, 0.5826902535133086]","[0.6423134569639611, 1.0768760939477686]",-43.968780517578125,0.0,2853.522983807044,-61.61451760318471,2.0,0.0,0
236,"[0.01774287986370393, 0.6141356490418077, 0.18637015517752598, 0.1626264062345929, 0.6328318774743272, 0.7651152941397239, 0.9332686796833188, 0.9319035994021824, 0.06430424041317906, 0.32416877042422243]","[0.6423134569639611, 1.0768760939477686]",-41.554283142089844,0.27,3263.1584027540503,-143.29304069462495,4.0,0.0,0
237,"[0.5326517529779036, 0.18050057419966448, 0.8024638955114086, 0.33399450363217476, 0.4558775857561771, 0.37724917871326125, 0.856920950870221, 0.28631050159214855, 0.765717939161451, 0.7004081507721098]","[0.6423134569639611, 1.0768760939477686]",-45.63734436035156,0.1,2256.319108544834,21.538676706338777,3.0,0.0,0
238,"[0.9171786780265561, 0.5976068662680776, 0.18544469812336217, 0.24888390295699026, 0.6089017467213884, 0.8369385389904099, 0.7879887279644382, 0.8429955876025622, 0.42296989421137665, 0.32455031950447844]","[0.6423134569639611, 1.0768760939477686]",-37.61918258666992,0.07,3049.068436548223,-286.82623574042225,0.0,0.0,1
239,"[0.8268157082871089, 0.9497137949231116, 0.7004006602438982, 0.17155163000653928, 0.9008967880361727, 0.5943491442823291, 0.27896502090747766, 0.1540507259604167, 0.5156194032325161, 0.47231034782390824]","[0.6423134569639611, 1.0768760939477686]",-29.850067138671875,0.0,2963.746015233989,14.062878343640222,2.0,0.0,0
240,"[0.5579390180181643, 0.2035884884708724, 0.7645466329173014, 0.37942393579221256, 0.9697547954057558, 0.9507789638152121, 0.8413591117051669, 0.6666310966742073, 0.8660473628149263, 0.38534628621623357]","[0.6423134569639611, 1.0768760939477686]",-38.256351470947266,0.06,2043.962854798815,-43.93065877190037,3.0,0.0,0
241,"[0.4170622836814626, 0.5244932118640372, 0.8900263326577464, 0.4410588287873781, 0.6304496374336369, 0.736086683225383, 0.2066218757185999, 0.6756379804448365, 0.4120279689162858, 0.30907359094589704]","[0.6423134569639611, 1.0768760939477686]",-27.197391510009766,0.0,2575.9216686377836,6.356380477777861,2.0,0.0,0
242,"[0.6193018338555331, 0.39141290391106587, 0.1388507708165836, 0.713980031387031, 0.03248399787131018, 0.11684147480501839, 0.8077294997248204, 0.7005936016862291, 0.7411329331202301, 0.8264236991162837]","[0.6423134569639611, 1.0768760939477686]",-36.45746612548828,0.42,2905.3320179425887,-22.603557002772448,3.0,0.0,0
243,"[0.26000109185785314, 0.10387794839948383, 0.7177884993670937, 0.9232405590549216, 0.10356354425020664, 0.17353139553341634, 0.5967406162233455, 0.6377429070589506, 0.38621742826252525, 0.2916704822625773]","[0.6423134569639611, 1.0768760939477686]",-55.5013542175293,0.01,3144.5106585996127,-74.72100537655274,4.0,0.0,0
244,"[0.19753040775071018, 0.7736209664023893, 0.26257712717300574, 0.6691965283996919, 0.5237611546016754, 0.7209034614409081, 0.48019814971031305, 0.45598298219743305, 0.16998007012452143, 0.23689998187718408]","[0.6423134569639611, 1.0768760939477686]",-28.47644805908203,0.02,2784.635580547272,-14.818758444676462,2.0,0.0,0
245,"[0.7663965126465774, 0.48646506744532114, 0.3439237886029154, 0.022128448779471177, 0.31283543404437464, 0.525759261467957, 0.5154112077236559, 0.8543582505988825, 0.2676661835557589, 0.18180771832349063]","[0.6423134569639611, 1.0768760939477686]",-44.44552230834961,0.02,2832.0553599157006,-214.8664062504663,3.0,0.0,0
246,"[0.6869723211681056, 0.6104984968191043, 0.2759916762592879, 0.4559530832382138, 0.2696269573248512, 0.025748402559796713, 0.7411896401208342, 0.27471950581594307, 0.3386480448096616, 0.6468888732787924]","[0.6423134569639611, 1.0768760939477686]",-35.7921142578125,0.01,2718.2516099323148,-66.29509649952587,0.0,0.0,1
247,"[0.2742956410287274, 0.3680329468997181, 0.9474076815242122, 0.35082075592290973, 0.7777874938268646, 0.6948639729260562, 0.8427417089990726, 0.7381985717985815, 0.6021824054253859, 0.3617789483992456]","[0.6423134569639611, 1.0768760939477686]",-26.87849235534668,0.01,2540.9812714686645,51.68304804863746,2.0,0.0,0
248,"[0.545459895123702, 0.4864236820602741, 0.27703745605521546, 0.11956445720585773, 0.021738279435874364, 0.12475176044525005, 0.41166609125583187, 0.22722258578685461, 0.08888770634297083, 0.11273681563554583]","[0.6423134569639611, 1.0768760939477686]",-14.635161399841309,0.0,2599.7784967812895,84.18281857491118,3.0,0.0,0
249,"[0.9737120847034059, 0.38842199445624626, 0.4026461612426022, 0.2637332317094129, 0.4432576699850077, 0.17398641504598122, 0.9907040878674661, 0.8664581216116466, 0.9573170528166194, 0.6640411415740893]","[0.6423134569639611, 1.0768760939477686]",-30.84201431274414,0.15,2418.1097268399467,43.57285935000894,4.0,0.0,0
250,"[0.3207207074882933, 0.19793046393315805, 0.5488652644833301, 0.6982018440855541, 0.13546414458869382, 0.20719158605292232, 0.2370239318849935, 0.5633906630759334, 0.3997807392741568, 0.6207986024795226]","[0.6423134569639611, 1.0768760939477686]",-35.619239807128906,0.01,2793.2913916080192,41.39839201102515,3.0,0.0,0
251,"[0.11123027515137551, 0.7601385207050393, 0.11047458186415415, 0.1533553929663296, 0.41672114244431313, 0.9440509628567849, 0.5730902010053884, 0.47065116312764976, 0.9798765418223371, 0.6571927421509578]","[0.6423134569639611, 1.0768760939477686]",-21.835081100463867,0.55,2767.3746762701794,159.8356465104414,2.0,0.0,0
252,"[0.11551075607228756, 0.1638041884761432, 0.9817075619528502, 0.7085398498245333, 0.25005414528404135, 0.4285399991451745, 0.576419764221379, 0.43636179646487505, 0.08876542356492612, 0.12543061793542365]","[0.6423134569639611, 1.0768760939477686]",-31.431156158447266,0.01,3469.366467334503,-7.273539171088032,2.0,0.0,0
253,"[0.1794220940842578, 0.6453302808092627, 0.5780460200554087, 0.33511703021940487, 0.5201964393326287, 0.16306877712422474, 0.46305727851984246, 0.612020578443998, 0.8522890643728875, 0.8744647483800071]","[0.6423134569639611, 1.0768760939477686]",-44.21742630004883,0.02,2348.5272256288067,-20.42074345592738,3.0,0.0,0
254,"[0.7913778088038181, 0.5063918592624544, 0.6829240881322207, 0.06215250192799315, 0.6568038121176979, 0.7023575613428056, 0.833173659146401, 0.746283247462629, 0.397525101264972, 0.0709390195473324]","[0.6423134569639611, 1.0768760939477686]",-51.624351501464844,0.0,3100.9983018297426,56.9828953622079,1.0,0.0,0
255,"[0.5067109703388135, 0.25980052828399924, 0.7285506164271578, 0.01040775696679308, 0.7118689716695575, 0.5399050920930578, 0.2921596892633799, 0.08120571482978034, 0.9314443455947871, 0.5566100067679282]","[0.6423134569639611, 1.0768760939477686]",-48.834163665771484,1.0,3647.228191930043,-91.05819198369346,1.0,0.0,0
256,"[0.7722945689626344, 0.6844828543604599, 0.2993544586729794, 0.4855884487559662, 0.716854319714151, 0.2666696941728668, 0.5961715996272975, 0.291074279942812, 0.08779635496177718, 0.9146479609013843]","[0.6423134569639611, 1.0768760939477686]",-30.370662689208984,0.0,2422.0963073392804,-207.47885259688138,2.0,0.0,0
257,"[0.906522414893899, 0.21208199179274867, 0.5440285153684868, 0.28891772824705864, 0.1229088990016588, 0.5890604879644864, 0.008541680490359416, 0.24766970970133373, 0.6651130626101622, 0.601837988537499]","[0.6423134569639611, 1.0768760939477686]",-45.40641403198242,0.01,3527.5629326666226,-44.09511955224917,2.0,0.0,0
258,"[0.7463137243956125, 0.5605595324934681, 0.4331683654633044, 0.15649371315655347, 0.4072766520839435, 0.03444264385299278, 0.7216017807524511, 0.3014797552348397, 0.9553964753346484, 0.19529924462823633]","[0.6423134569639611, 1.0768760939477686]",-31.502531051635742,0.43,2924.891689976328,69.84894270932887,3.0,0.0,0
259,"[0.050801192381056404, 0.8284219032180935, 0.6707334455734223, 0.3845896213117681, 0.1553509305076921, 0.2345415037686902, 0.18523806835564982, 0.916600166351273, 0.5301709526606956, 0.22816922149844843]","[0.6423134569639611, 1.0768760939477686]",-49.73821258544922,0.0,2816.0015375914204,77.42882461027224,3.0,0.0,0
260,"[0.3866105553587966, 0.4852749298754713, 0.7477678038663358, 0.4338677853831665, 0.43427601221674417, 0.6828495421234052, 0.8494458079301961, 0.5678862505320622, 0.5590290264139264, 0.46740025275741137]","[0.6423134569639611, 1.0768760939477686]",-13.132681846618652,0.01,1680.2948261490367,99.28538878927091,1.0,0.0,0
261,"[0.30460995928457935, 0.9642520638055504, 0.05070378911661977, 0.39966041078341474, 0.30541983211901036, 0.17107005609222903, 0.04729687623874923, 0.10933596226862141, 0.5095810728613082, 0.7437047654661787]","[0.6423134569639611, 1.0768760939477686]",-42.71297836303711,0.01,3350.389040082582,-168.62756094154884,3.0,0.0,0
262,"[0.3601553417134299, 0.42836823943277624, 0.5090471321625079, 0.41210738358775034, 0.1812158715646316, 0.12282766440908166, 0.44443507146157035, 0.2978379268316401, 0.34777963752430907, 0.3569644016302501]","[0.6423134569639611, 1.0768760939477686]",-30.328567504882812,0.0,2225.9126764964144,88.64544177356956,3.0,0.0,0
263,"[0.6445532391122344, 0.49264911440735704, 0.27860379997607465, 0.8973500669605116, 0.46550449105981306, 0.9759903421016465, 0.4871137929759273, 0.4005944210178083, 0.19920323798925987, 0.94446771545297]","[0.6423134569639611, 1.0768760939477686]",-35.2447509765625,0.01,2447.31906282357,-51.00105028546011,2.0,0.0,0
264,"[0.7044160262625131, 0.5455291480667309, 0.5582785557801608, 0.15013819313010957, 0.4859781318879267, 0.6100151453179686, 0.015818859723493617, 0.35117370140044213, 0.4065851162370735, 0.7183596232968718]","[0.6423134569639611, 1.0768760939477686]",-49.325870513916016,0.0,2799.4364160727096,-154.38121997180178,1.0,0.0,0
265,"[0.6010833036283515, 0.6003058360303222, 0.411949607839724, 0.4483366116063272, 0.9263936419347213, 0.24412610048949546, 0.4903092182377534, 0.6175502017669623, 0.6586459827521409, 0.5543481357651974]","[0.6423134569639611, 1.0768760939477686]",-26.354541778564453,0.0,2201.9794666993116,160.51811046489564,1.0,0.0,0
266,"[0.6365498568668424, 0.3331324875182289, 0.6120077258084269, 0.22366900400992507, 0.3475777414631199, 0.2796871948550894, 0.12194311092579646, 0.29734472623648367, 0.9495615226988618, 0.2556143742768747]","[0.6423134569639611, 1.0768760939477686]",-28.396493911743164,0.23,2624.7808218431323,201.61023226188152,3.0,0.0,0
267,"[0.27769614773624285, 0.512861545352869, 0.3187519827225237, 0.3241103778054383, 0.5994311305909586, 0.6400867373518142, 0.5704610220620079, 0.9505592349303896, 0.07624519021004306, 0.9194689369400988]","[0.6423134569639611, 1.0768760939477686]",-37.720985412597656,0.06,2554.981545815975,-156.75590876371018,3.0,0.0,0
268,"[0.18808384073862883, 0.01765100978591916, 0.5340879450721067, 0.9923559605685481, 0.6357348324560854, 0.1549483111393447, 0.8930903123281462, 0.7566019711706041, 0.7892114722515258, 0.2854025640753227]","[0.6423134569639611, 1.0768760939477686]",-64.49177551269531,0.85,3789.3350918128203,-513.703620044678,4.0,0.0,0
269,"[0.08087900760914735, 0.034901418198338585, 0.7534541627260518, 0.5702822301346215, 0.48444184434159143, 0.31433676686097956, 0.8476001083740373, 0.6751554701191533, 0.6225746893366801, 0.06923203092665275]","[0.6423134569639611, 1.0768760939477686]",-47.401851654052734,0.46,3624.544260504803,-65.6124869269753,3.0,0.0,0
270,"[0.9867246215861267, 0.044078087789788944, 0.11861286194697118, 0.8314082839783998, 0.2490382252632225, 0.1890085415977475, 0.5153913008880139, 0.378047355220554, 0.4187526447403639, 0.5233609240161349]","[0.6423134569639611, 1.0768760939477686]",-39.182167053222656,0.01,3165.8643389339186,-8.439284867204947,4.0,0.0,0
271,"[0.18459641754550848, 0.9571603856846745, 0.8125476393520669, 0.994492169006595, 0.003443008888605381, 0.34564264620563, 0.2251546555418733, 0.9215904593636215, 0.0005957393855765547, 0.13612959687456283]","[0.6423134569639611, 1.0768760939477686]",-33.715301513671875,0.0,3713.671488254921,-127.39766761528335,4.0,0.0,0
272,"[0.5992747993969183, 0.8430607015397695, 0.45571367113042494, 0.6446674132108866, 0.20106572410221246, 0.5287304605907492, 0.06424012100581888, 0.7893876138385003, 0.3420839697532414, 0.41269393959411493]","[0.6423134569639611, 1.0768760939477686]",-42.51519012451172,0.0,2647.601815582531,-68.14173938390633,2.0,0.0,0
273,"[0.15506076517297174, 0.8202262430812168, 0.843916361117134, 0.1679727232056034, 0.32644308455337767, 0.16515950691943282, 0.05773954521278979, 0.13788829201277764, 0.09333750069125524, 0.5501825225474789]","[0.6423134569639611, 1.0768760939477686]",-21.266992568969727,0.0,3075.5820509042924,130.3788585512764,2.0,0.0,0
274,"[0.4400392004922339, 0.6376157199945489, 0.4436364873628349, 0.6990459847012545, 0.6292020142133942, 0.8795517742021334, 0.35376679336362993, 0.21963454949610683, 0.5270732040688555, 0.031247792365068028]","[0.6423134569639611, 1.0768760939477686]",-36.74709701538086,0.01,2340.1923814302986,-54.44971148559159,3.0,0.0,0
275,"[0.8744474135328572, 0.7231412227553579, 0.3469348357976334, 0.4226700403085737, 0.2284294084602182, 0.893146937586559, 0.08417144243508323, 0.2744797979153386, 0.10209725375933276, 0.44748272218670726]","[0.6423134569639611, 1.0768760939477686]",-40.93596649169922,0.0,2913.8348125108614,-61.8066181951242,2.0,0.0,0
276,"[0.8662218430701022, 0.6520976531979695, 0.4978031763414439, 0.2457552525019453, 0.3289340824962559, 0.8368916507881685, 0.022160281222821432, 0.93107296327431, 0.03459170640333031, 0.44284318418082]","[0.6423134569639611, 1.0768760939477686]",-40.551490783691406,0.01,3122.108689950284,-381.7707734520475,2.0,0.0,0
277,"[0.9583343333155939, 0.08321190171111414, 0.3989996826062583, 0.8997319055119962, 0.4540180851546093, 0.9866357115453648, 0.6246572246976269, 0.7027543821118885, 0.7536634165006297, 0.03730089478391663]","[0.6423134569639611, 1.0768760939477686]",-44.711082458496094,0.02,3346.9516000295225,-148.3789198370642,3.0,0.0,0
278,"[0.9253405122429168, 0.6418427658248244, 0.33013638381051724, 0.9663247441428867, 0.4541641942516116, 0.934772379828683, 0.885670019086057, 0.34917214936413676, 0.336057160199151, 0.32518229000867993]","[0.6423134569639611, 1.0768760939477686]",-41.37042999267578,0.0,2847.6431228606275,41.45776388308306,3.0,0.0,0
279,"[0.21595758959748135, 0.7529781270225997, 0.04716672878001882, 0.8072168183953822, 0.3267732668557515, 0.43691582070579194, 0.7383356947968205, 0.32739920724720806, 0.8314734221145124, 0.8001615652323156]","[0.6423134569639611, 1.0768760939477686]",-42.52840042114258,0.01,2340.1554198100307,72.36889990671554,2.0,0.0,0
280,"[0.7213619680463744, 0.5326649449225475, 0.029523524140957602, 0.5750413444155476, 0.9132706148763303, 0.34936872365854377, 0.1725427644436387, 0.2218420921010461, 0.7779498090982077, 0.8908260274060598]","[0.6423134569639611, 1.0768760939477686]",-45.96012878417969,0.0,3086.813296653945,-178.99577503415458,2.0,0.0,0
281,"[0.046594867651673644, 0.10440130537427639, 0.3120503550310678, 0.8448356790980983, 0.2918221012285863, 0.8598753636044453, 0.08304220640661097, 0.29158493372130434, 0.38300184025170203, 0.5386442911125735]","[0.6423134569639611, 1.0768760939477686]",-47.20795822143555,0.46,3534.7927922127824,-161.13933411832102,3.0,0.0,0
282,"[0.94316537488091, 0.8273184465634859, 0.469105133307403, 0.49714896823922705, 0.3529877524013183, 0.281749178333943, 0.7285133513040122, 0.7449171365524079, 0.7017455193014585, 0.4750931955036134]","[0.6423134569639611, 1.0768760939477686]",-14.94528865814209,0.0,2478.8374918634054,166.19997071506234,2.0,0.0,0
283,"[0.21057291294289393, 0.9928956967131343, 0.6270089345489067, 0.6141375871304838, 0.3743502217012885, 0.31529477830143315, 0.5970551881767764, 0.32612314404931364, 0.25720319670898906, 0.9790206951872745]","[0.6423134569639611, 1.0768760939477686]",-46.47343826293945,0.02,3021.0318290083746,135.14856995079532,3.0,0.0,0
284,"[0.7654714235548213, 0.5595966650351917, 0.7034994835615684, 0.8422292080001391, 0.6695438612902346, 0.4319268431998915, 0.31015322055879524, 0.2919795224450733, 0.946364158629107, 0.20116659611136734]","[0.6423134569639611, 1.0768760939477686]",-20.073930740356445,0.0,1923.2013929859459,90.4125290659787,1.0,0.0,0
285,"[0.43760433094288986, 0.36781218532892235, 0.6046404451056004, 0.16626206719393, 0.029270268166785574, 0.28904327007862607, 0.16215367038026218, 0.3244747859321465, 0.9391056185728491, 0.9985585458110179]","[0.6423134569639611, 1.0768760939477686]",-47.873863220214844,1.0,2774.8259846186647,10.641031145012363,4.0,0.0,0
286,"[0.10397843188779454, 0.4857262450562726, 0.9144836402604403, 0.7058263591421068, 0.02437670291779448, 0.4437719679283286, 0.7412802513308852, 0.385562234147634, 0.024790234919374488, 0.33585931505933275]","[0.6423134569639611, 1.0768760939477686]",-38.71500015258789,0.0,3270.4418887046577,28.509904056641204,2.0,0.0,0
287,"[0.3854707042888502, 0.4197767690935691, 0.21719502862505347, 0.3316169893713483, 0.16892481568185835, 0.38550989144000336, 0.6209478907528926, 0.38005021953004836, 0.9926031009556585, 0.05230992856833405]","[0.6423134569639611, 1.0768760939477686]",-39.30911636352539,0.08,2402.4015321177862,-28.604229546039733,2.0,0.0,0
288,"[0.18744145438298299, 0.16877196145424567, 0.6782803119795464, 0.8246896459461637, 0.2558858657212385, 0.7245291320382625, 0.5897933258293107, 0.2767242647788726, 0.9491809392828947, 0.3432496559569356]","[0.6423134569639611, 1.0768760939477686]",-33.419620513916016,0.02,2705.16961800532,25.29707767228217,2.0,0.0,0
289,"[0.5464317061461181, 0.8743997460787915, 0.47297155294193594, 0.05477773151648058, 0.18345175775519085, 0.334108282364878, 0.9889809393813541, 0.688913169650801, 0.6875309763287046, 0.4124913764981927]","[0.6423134569639611, 1.0768760939477686]",-45.033111572265625,0.03,2847.9889315961095,-254.07954589092333,3.0,0.0,0
290,"[0.9987311181729347, 0.814875769004492, 0.8403441120952171, 0.010386982075581419, 0.7190678932403167, 0.19557417529597199, 0.06616501173567246, 0.0917059998972154, 0.09377646307356957, 0.3540492720501769]","[0.6423134569639611, 1.0768760939477686]",-24.762107849121094,0.0,3327.2159498609144,191.88546680124455,3.0,0.0,0
291,"[0.1553350153203754, 0.6587276464904093, 0.5780025803886205, 0.8818424651054996, 0.42649568450972497, 0.7495544943556894, 0.0914328116903006, 0.4697669917935894, 0.8722392782124123, 0.554259102620181]","[0.6423134569639611, 1.0768760939477686]",-52.4849853515625,0.02,2856.333609177303,-37.12057475440855,1.0,0.0,0
292,"[0.40003085249385917, 0.7145823628842214, 0.0892675084148421, 0.9136031802524653, 0.31751359258583045, 0.2122685389524014, 0.6790102155538132, 0.8139051634359903, 0.41111375297844577, 0.21357634412410875]","[0.6423134569639611, 1.0768760939477686]",-45.92474365234375,0.21,3306.20607314374,114.45533733842987,3.0,0.0,0
293,"[0.788135251026944, 0.8541002971547418, 0.19920591294958312, 0.8574674831005139, 0.2283955927492436, 0.19614389384768394, 0.33692383902576684, 0.9965758463934271, 0.35178274340488624, 0.6814719036797962]","[0.6423134569639611, 1.0768760939477686]",-44.91956329345703,0.43,2746.1584883870314,226.60750668314108,3.0,0.0,0
294,"[0.6075548621750542, 0.6118063658856511, 0.424660963317546, 0.22011659286759488, 0.687931215326203, 0.8295899053822963, 0.407402572926991, 0.3059500088639603, 0.34797552543880783, 0.9963188529899469]","[0.6423134569639611, 1.0768760939477686]",-44.42552185058594,0.0,1869.2640984236866,-56.4829139049163,2.0,0.0,0
295,"[0.8752674900183901, 0.7874555066360185, 0.8828673404685516, 0.48459607876335664, 0.5018685703675393, 0.2061333822375958, 0.1282637028482182, 0.26851201523086343, 0.14852042530363285, 0.9588697299586452]","[0.6423134569639611, 1.0768760939477686]",-53.33464431762695,0.01,2426.134326889749,147.26789990731297,3.0,0.0,0
296,"[0.8658725134538137, 0.09482754634774115, 0.7253182582726931, 0.7566260150403612, 0.7402821162965971, 0.3878368710813569, 0.6113122943534354, 0.9058837253161816, 0.8903205369476759, 0.3695820140082059]","[0.6423134569639611, 1.0768760939477686]",-33.38219451904297,0.02,2592.314951391811,193.72946193329548,3.0,0.0,0
297,"[0.9754185414730517, 0.4681140351991345, 0.6053065512860616, 0.5740192323849784, 0.8114842417215676, 0.2788602345370427, 0.6239931098235031, 0.6848253300677586, 0.12782880272469643, 0.7012362838476809]","[0.6423134569639611, 1.0768760939477686]",-17.57478904724121,0.0,2721.0469368724075,1.8783904363843078,1.0,0.0,0
298,"[0.1440775872268545, 0.22916267433962056, 0.4583938316457742, 0.4057155725968544, 0.7408643542860825, 0.6544814222073336, 0.5155882824039943, 0.18160423725830255, 0.2989768342447593, 0.05316367021684976]","[0.6423134569639611, 1.0768760939477686]",-24.328811645507812,0.02,2557.429749854794,37.582219364757805,3.0,0.0,0
299,"[0.318323140653733, 0.6366836880571142, 0.5358166942998916, 0.6057298175738814, 0.5044420408333314, 0.027934292686637607, 0.9180599847081737, 0.9271070575076211, 0.825355308203504, 0.8633482338896605]","[0.6423134569639611, 1.0768760939477686]",-20.920631408691406,0.01,2127.674653439757,133.5674655404029,4.0,0.0,0
300,"[0.09978204882403297, 0.2880973202414313, 0.578261289676922, 0.9090238390359815, 0.07400417436765949, 0.4849681116494413, 0.26011056012387757, 0.11864865948218994, 0.32449220576053606, 0.23312048388299644]","[0.6423134569639611, 1.0768760939477686]",-31.939163208007812,0.01,3299.3059309515847,-107.6426005366942,4.0,0.0,0
301,"[0.3625062716560883, 0.012391924992033898, 0.5342715621010606, 0.35616905140210764, 0.7459640975266257, 0.40319569338972105, 0.1879609511347785, 0.26841011524657865, 0.6749756484060558, 0.5379656937996562]","[0.6423134569639611, 1.0768760939477686]",-37.949668884277344,0.0,2895.428562654675,-111.8891531178308,2.0,0.0,0
302,"[0.4197135296084539, 0.2965917774596013, 0.12771676023194822, 0.2985541229441714, 0.9353372554954186, 0.42533122347228414, 0.9907093856985413, 0.800063841743855, 0.8621392406217897, 0.623985244573694]","[0.6423134569639611, 1.0768760939477686]",-22.145971298217773,0.15,2765.5853787984506,37.69361027406558,2.0,0.0,0
303,"[0.8359541893943128, 0.3223287328119282, 0.9606237297834381, 0.8728658085547915, 0.7747193525336601, 0.8616873519834701, 0.09218187831164326, 0.7380332940999017, 0.008246141789957973, 0.7749266842904564]","[0.6423134569639611, 1.0768760939477686]",-39.075523376464844,0.0,3105.331324205022,75.01213818580405,3.0,0.0,0
304,"[0.7421768782812864, 0.9267277744092363, 0.36391431197122615, 0.4461420279835162, 0.6097997028473944, 0.9951677596369695, 0.8895044162654923, 0.17481375036898483, 0.014443725987878464, 0.3295817511921857]","[0.6423134569639611, 1.0768760939477686]",-45.160484313964844,0.0,2426.384167276323,-48.366870144765414,2.0,0.0,0
305,"[0.005414204026454983, 0.42144404214362163, 0.5503133443550243, 0.21644309330073452, 0.19705992405375916, 0.9420379316259326, 0.861342303665732, 0.3819335946098097, 0.7182754602331886, 0.9354279405148729]","[0.6423134569639611, 1.0768760939477686]",-44.538238525390625,1.0,2380.9684582165587,-67.59626681986333,4.0,0.0,0
306,"[0.8335616727118093, 0.7296746797471557, 0.4926413065094677, 0.2648685884064974, 0.9453931010004827, 0.5478558872268798, 0.23114506782671362, 0.7439451997458453, 0.39463121503660825, 0.43824608315572466]","[0.6423134569639611, 1.0768760939477686]",-38.62389373779297,0.0,2718.244413894598,-8.98151856928996,2.0,0.0,0
307,"[0.11890961581744008, 0.21818002287617755, 0.961537930153533, 0.45347927237711017, 0.36158444112370647, 0.3403064225345327, 0.0015193985498843654, 0.41209072485256315, 0.0372980600282522, 0.09262698307148709]","[0.6423134569639611, 1.0768760939477686]",-30.626291275024414,0.0,3321.15839268769,73.2254708487406,5.0,0.0,0
308,"[0.06037396233807446, 0.9004985545335635, 0.5307157944718901, 0.6311650945548163, 0.15439395717624116, 0.5586032818829758, 0.25263405554631124, 0.42402690513252783, 0.9198589227795455, 0.6020213089112767]","[0.6423134569639611, 1.0768760939477686]",-53.80399703979492,0.01,2651.212169817883,79.40002893828589,4.0,0.0,0
309,"[0.8754550220478585, 0.3277229890969069, 0.5396444270451374, 0.3923125289365684, 0.08021309435096524, 0.5923850779771094, 0.06584665977501614, 0.5173425791771843, 0.34105912351456735, 0.34964240907309196]","[0.6423134569639611, 1.0768760939477686]",-44.00954055786133,0.0,2843.993180696792,-130.9037059649412,2.0,0.0,0
310,"[0.5603914511961231, 0.838531077919819, 0.8508877230049676, 0.30942489496147085, 0.340703347581075, 0.9558505576721203, 0.3347221818432562, 0.4289235528604005, 0.47457859002584213, 0.3041207365066333]","[0.6423134569639611, 1.0768760939477686]",-31.658662796020508,0.01,2426.6452711377688,93.65434742247265,3.0,0.0,0
311,"[0.8136226036223819, 0.9733620780868991, 0.971195610359688, 0.5700374912214008, 0.8685734982533125, 0.5744070437272502, 0.6574394614448731, 0.527851408039001, 0.9901490360217884, 0.2987929778293338]","[0.6423134569639611, 1.0768760939477686]",-29.474929809570312,0.01,1899.3976870978333,35.99189049127099,4.0,0.0,0
312,"[0.3799256880127899, 0.5331814467072885, 0.9826376915836402, 0.22151216947626684, 0.8109296364824878, 0.7673039226651929, 0.03975092193747509, 0.5144010124214907, 0.6920773725468998, 0.34609363127807113]","[0.6423134569639611, 1.0768760939477686]",-41.73860549926758,0.01,3062.9247635086326,-40.27679814101458,4.0,0.0,0
313,"[0.7105803773890312, 0.7993422303607264, 0.3032741458898246, 0.34027497610000723, 0.3816873675830659, 0.26542297932485925, 0.47030481013444847, 0.013442257410853253, 0.07762838890915724, 0.5727821822227048]","[0.6423134569639611, 1.0768760939477686]",-19.35448455810547,0.0,2850.1353366029157,128.52248140865922,3.0,0.0,0
314,"[0.7006811696623273, 0.5990969416743199, 0.7664357436296925, 0.43783607766226995, 0.29096258302997946, 0.3899289082110481, 0.4906835133732944, 0.5877427617712564, 0.6385092207879434, 0.9088264420164669]","[0.6423134569639611, 1.0768760939477686]",-31.383211135864258,0.02,2087.316782237165,13.541778511005646,2.0,0.0,0
315,"[0.9033763378101743, 0.7060670264168413, 0.6364104886734148, 0.6671585706500965, 0.34470201409991286, 0.2334322990184864, 0.1308003910503046, 0.9968178366638457, 0.5260040308729813, 0.9911049994707315]","[0.6423134569639611, 1.0768760939477686]",-38.38595962524414,0.07,2403.793342799506,-118.67237561246992,3.0,0.0,0
316,"[0.37767894372030886, 0.49904376306594367, 0.10707899741018057, 0.5781133641796895, 0.5277289240200747, 0.3833181760042399, 0.7599106987891893, 0.2688995497271145, 0.18764228544278916, 0.6469378827700287]","[0.6423134569639611, 1.0768760939477686]",-51.04300308227539,0.0,2236.0424626590107,57.73912224286801,2.0,0.0,0
317,"[0.2386682516627916, 0.6493443254210072, 0.37436721823371977, 0.6244881839158534, 0.21917686905636236, 0.27382917002029117, 0.4312345249141296, 0.9289255253711827, 0.22135670994783363, 0.592716964546162]","[0.6423134569639611, 1.0768760939477686]",-36.30491256713867,0.02,2660.9335573624917,-100.23741858896318,1.0,0.0,0
318,"[0.5716661703798632, 0.10295397296496678, 0.9092708740645292, 0.8995817474903898, 0.8104313773297331, 0.17522599588794086, 0.2922276465500949, 0.7917078405887388, 0.6627390429468082, 0.9775157148170672]","[0.6423134569639611, 1.0768760939477686]",-51.10712814331055,0.0,2676.1529433826504,36.44841166563168,1.0,0.0,0
319,"[0.7904283860262306, 0.058376296665037075, 0.9480607758213249, 0.6387465812599438, 0.6360061309865884, 0.2579597298125197, 0.7904716825670952, 0.32004049374492505, 0.2208488804840122, 0.0713313586990445]","[0.6423134569639611, 1.0768760939477686]",-60.616607666015625,0.23,3231.1519907508327,2.764769017369048,3.0,0.0,0
320,"[0.1293202955618643, 0.6154721872642045, 0.37030068636105895, 0.2965577470394033, 0.16445362367514182, 0.8288742362763957, 0.7193673934788453, 0.866271124012342, 0.13728406606845633, 0.14037321415807624]","[0.6423134569639611, 1.0768760939477686]",-37.62430953979492,0.15,2782.564498054463,31.768473932414082,3.0,0.0,0
321,"[0.6985567125990187, 0.5283048813601022, 0.023723745232434812, 0.18002934119392855, 0.2732607548911682, 0.9932252055294816, 0.26780164758624636, 0.7841647847201518, 0.7002830388550996, 0.7761212087869205]","[0.6423134569639611, 1.0768760939477686]",-46.1030387878418,0.31,2382.8667514654076,51.69997746749749,3.0,0.0,0
322,"[0.625615901890162, 0.2640328218050444, 0.6940997834163811, 0.30621021023301864, 0.267793487138556, 0.44002889738340745, 0.5888801860473418, 0.0357516491991513, 0.7570780133926441, 0.7270560896791899]","[0.6423134569639611, 1.0768760939477686]",-28.849050521850586,0.01,2419.940081659131,170.74059073627114,0.0,0.0,0
323,"[0.40675624718942993, 0.9231648815594972, 0.9242131486641166, 0.5096165492656809, 0.8082848626312512, 0.6847465261247883, 0.1669750346769494, 0.889861889464295, 0.04531798742506621, 0.5907739011885351]","[0.6423134569639611, 1.0768760939477686]",-29.672252655029297,0.0,3235.976204078747,-282.6102796113454,1.0,0.0,0
324,"[0.31348578701424246, 0.38668846567356063, 0.447952412485801, 0.6631987257746099, 0.231602010949728, 0.04247830854743828, 0.07371396712457035, 0.06499857997022174, 0.6233420301660672, 0.6299657326601044]","[0.6423134569639611, 1.0768760939477686]",-14.507614135742188,0.01,2674.3033287132985,148.86642199900984,3.0,0.0,0
325,"[0.17487753941580964, 0.35899120030242737, 0.4657868324382244, 0.4631947978460753, 0.8477640353955044, 0.12774692572516977, 0.18092587562436824, 0.5669228613644604, 0.5388666102976292, 0.9887877672135059]","[0.6423134569639611, 1.0768760939477686]",-57.10194396972656,0.0,2259.6386766205524,205.04091645396656,2.0,0.0,0
326,"[0.07337743953330733, 0.021478004296823672, 0.4018115521710828, 0.9337404532165636, 0.5087566173231831, 0.6125911623349806, 0.5212882181540461, 0.008600154853320663, 0.39161882718124597, 0.7638743521745058]","[0.6423134569639611, 1.0768760939477686]",-45.51540756225586,0.02,3515.9082390956087,76.9638259649683,5.0,0.0,0
327,"[0.5900512389895591, 0.06442237717145183, 0.1841124000692418, 0.619714122583826, 0.05531485650673329, 0.8617828743380622, 0.028457148681264033, 0.62763993123023, 0.18285937797212948, 0.5369984635606017]","[0.6423134569639611, 1.0768760939477686]",-27.984514236450195,0.01,3220.7219501734703,-10.489083359581684,4.0,0.0,0
328,"[0.9026082085100231, 0.42818288845966845, 0.8157128120153085, 0.7469735681992213, 0.7495290514080966, 0.18492042236194917, 0.8359407285009517, 0.617290658921639, 0.4322437830805347, 0.12987442828436058]","[0.6423134569639611, 1.0768760939477686]",-38.60590362548828,0.01,2365.959752364361,-19.12297609447188,2.0,0.0,0
329,"[0.11509639363644575, 0.8092538982414589, 0.4601649611112387, 0.9909146998871746, 0.4977572271039221, 0.5555617164306229, 0.9092783173963395, 0.5438935325670209, 0.9021640064803208, 0.3117008104598715]","[0.6423134569639611, 1.0768760939477686]",-46.81135559082031,0.01,2506.937094568585,-50.99706293256327,3.0,0.0,0
330,"[0.26387997116457307, 0.054015531829422314, 0.5059869185589435, 0.2958513473617984, 0.31405102345589, 0.345353274790395, 0.14095500087927504, 0.43547536852542423, 0.4844354245163892, 0.9725658840418773]","[0.6423134569639611, 1.0768760939477686]",-56.319698333740234,0.07,2473.8644291701944,14.153142465112381,3.0,0.0,0
331,"[0.10887109070446732, 0.8438385227673738, 0.2455541920334552, 0.8908637505696071, 0.9307852316048255, 0.27863491884630276, 0.41227010981993184, 0.8262423987313788, 0.11813192385422577, 0.3789841635002047]","[0.6423134569639611, 1.0768760939477686]",-44.48260498046875,0.02,3475.261516247958,96.83421905692174,4.0,0.0,0
332,"[0.8206481549541109, 0.3050839599291679, 0.34800707903423345, 0.2610003007088809, 0.06137059155399993, 0.8354170057952236, 0.49521294747632494, 0.4895582505067957, 0.2946599999677958, 0.11797979130873426]","[0.6423134569639611, 1.0768760939477686]",-46.5860595703125,0.0,2335.0856855461625,179.84406807481201,1.0,0.0,0
333,"[0.8030931617885309, 0.27123787707806946, 0.5494503015138884, 0.2797001042568641, 0.5963618083414856, 0.4466491007131429, 0.08045373933637501, 0.6885615841517134, 0.36602159961551994, 0.6434384447613241]","[0.6423134569639611, 1.0768760939477686]",-37.042823791503906,0.0,2426.541092533647,143.51673905415106,2.0,0.0,0
334,"[0.14434968421102523, 0.5244283014756668, 0.7246105931116671, 0.536207055584442, 0.9045756012277757, 0.458824916232205, 0.40577360069275903, 0.6192935184106613, 0.5612037401841955, 0.24739718700510338]","[0.6423134569639611, 1.0768760939477686]",-39.49272155761719,0.0,2689.203287804337,-7.790414286026476,1.0,0.0,0
335,"[0.8282087140739178, 0.33005899621740165, 0.851139725401267, 0.9281105365010766, 0.06563087405928936, 0.45516215812060845, 0.7443291401456987, 0.596386752806117, 0.24873152083988348, 0.5805422474415951]","[0.6423134569639611, 1.0768760939477686]",-46.02260971069336,0.02,2772.518978292243,13.545438626840593,3.0,0.0,0
336,"[0.4583747875723645, 0.8386693695719071, 0.4892802606856641, 0.0700320924370823, 0.9489800326543586, 0.07062604066718836, 0.8746951056710125, 0.3192545140771966, 0.8642524321777186, 0.6814054117233161]","[0.6423134569639611, 1.0768760939477686]",-57.08984375,0.42,3251.05295085277,-118.91612406937645,3.0,0.0,0
337,"[0.3995923060155969, 0.3976132292869795, 0.9344446768045166, 0.03033639680525746, 0.566054778509927, 0.1851006410668946, 0.1472437523257022, 0.06795705533625984, 0.022361069148131074, 0.48254542238874354]","[0.6423134569639611, 1.0768760939477686]",-44.2788200378418,0.0,3180.8863178940965,188.8196578394416,4.0,0.0,0
338,"[0.35915941517110306, 0.21444474508409395, 0.0520291987642012, 0.8910149771822368, 0.7489759938871923, 0.3135147098808535, 0.5005311971457606, 0.9264556789310714, 0.3647121160930784, 0.30673184879981386]","[0.6423134569639611, 1.0768760939477686]",-26.79642105102539,0.86,3074.553025505956,-3.692488035262272,3.0,0.0,0
339,"[0.17453121983737974, 0.524703366113413, 0.8301419824605386, 0.9515678992863389, 0.4118888030247755, 0.09110392709512527, 0.07285190780198236, 0.7833507432156199, 0.9436800509465864, 0.8076554047857915]","[0.6423134569639611, 1.0768760939477686]",-40.33472442626953,0.01,3310.411495778018,-83.19866084540149,3.0,0.0,0
340,"[0.6404636416709427, 0.5214985995706065, 0.14149853345759944, 0.6310067160684165, 0.6098242921860235, 0.20186132350439223, 0.2610087289346258, 0.7591010153786009, 0.34686719426239054, 0.21745996310493387]","[0.6423134569639611, 1.0768760939477686]",-19.647613525390625,0.02,2472.6559029862533,194.69807903600713,3.0,0.0,0
341,"[0.5323416478260252, 0.09091380375351432, 0.9398853650693841, 0.2803305007273128, 0.4905026141011035, 0.3470308521722604, 0.8477796954621497, 0.3738209195112523, 0.08801841407447797, 0.7488343384738742]","[0.6423134569639611, 1.0768760939477686]",-44.488590240478516,0.31,3244.808593751623,-350.297567244702,4.0,0.0,0
342,"[0.2632455961047625, 0.6266882994722522, 0.9212245587605139, 0.22938494836370138, 0.3375830554157644, 0.9722593232273928, 0.92952810144445, 0.6603586056130883, 0.6437911725271503, 0.5058004870580507]","[0.6423134569639611, 1.0768760939477686]",-38.757789611816406,0.19,2364.4504179280407,-40.25010542609817,2.0,0.0,0
343,"[0.3917678745391089, 0.3945069243565177, 0.9282938459212243, 0.028242385319847685, 0.7231851916390736, 0.015832364792718323, 0.07021490427893995, 0.27152397749447454, 0.4199633329024225, 0.9529163020241035]","[0.6423134569639611, 1.0768760939477686]",-59.57114028930664,0.01,3318.2507520107756,161.24845125427305,4.0,0.0,0
344,"[0.40666593364264836, 0.0836531527380866, 0.04079126848280967, 0.014906669914510284, 0.2677619924964899, 0.3665328776069623, 0.9923014412823417, 0.037088726345991585, 0.6845888373828296, 0.8485806330133602]","[0.6423134569639611, 1.0768760939477686]",-40.92455291748047,1.0,3279.276159814584,-137.26799029795006,4.0,0.0,0
345,"[0.7526298078674488, 0.16522198364746998, 0.9674337712033735, 0.20322814779596743, 0.5006413000681712, 0.7951987764769105, 0.6827551767537668, 0.8382138644298567, 0.05832302732806993, 0.21459834409375056]","[0.6423134569639611, 1.0768760939477686]",-46.48542785644531,0.02,3385.859474040923,-113.11064015815401,4.0,0.0,0
346,"[0.018701841357587345, 0.3768787737113095, 0.16449233493043158, 0.1866832459232931, 0.20722862333757142, 0.17135900595800557, 0.6682497090830265, 0.21763370924786973, 0.7961878036368296, 0.1157082110292762]","[0.6423134569639611, 1.0768760939477686]",-41.47150802612305,0.02,2463.526207057164,67.79786743304103,3.0,0.0,0
347,"[0.8439824949727927, 0.13800346304277666, 0.9442983950856034, 0.806885412351171, 0.7794148786730442, 0.7046646154172543, 0.294804988213919, 0.20134844585004685, 0.4937621506430334, 0.3149475560026308]","[0.6423134569639611, 1.0768760939477686]",-20.076873779296875,0.0,2767.2099329903617,-49.517619231152366,3.0,0.0,0
348,"[0.39799691454179675, 0.6886105434261578, 0.35945070559791714, 0.7421139615809893, 0.7699768794110953, 0.12519737685005894, 0.960003935650335, 0.3815501048663049, 0.6695955708474819, 0.15685365417061403]","[0.6423134569639611, 1.0768760939477686]",-43.240230560302734,0.0,2554.1771143454102,-180.05319676776793,1.0,0.0,0
349,"[0.8303128323821888, 0.6789050236922086, 0.5701484698530722, 0.9393466755303184, 0.4663616932093766, 0.9127331735921869, 0.035763081158902255, 0.46628548201278397, 0.5500125593192325, 0.4732700950050912]","[0.6423134569639611, 1.0768760939477686]",-40.65020751953125,0.0,2591.587963501822,78.63250804347703,1.0,0.0,0
350,"[0.2728359012092202, 0.6595283832558284, 0.6264297327160501, 0.6873055547765891, 0.13761250583783924, 0.9635933302839939, 0.7072793290950382, 0.16943654404683794, 0.20481601718990305, 0.44340932242409425]","[0.6423134569639611, 1.0768760939477686]",-39.24573516845703,0.15,3112.5764190884897,134.6511175020496,1.0,0.0,0
351,"[0.5118316409508115, 0.9375367559408669, 0.7236020560768396, 0.7859457941780083, 0.4384723002295364, 0.5422949041125233, 0.3492987544860454, 0.31333704050011013, 0.6387564331140076, 0.40910704101850526]","[0.6423134569639611, 1.0768760939477686]",-30.010040283203125,0.0,2369.0246027095104,-1.4217901319641726,2.0,0.0,0
352,"[0.45429561047342426, 0.8293085450319205, 0.3113149852239231, 0.3926453379728958, 0.9842324692357007, 0.5632591842270689, 0.22249109458507743, 0.7315614253394324, 0.6396616815623615, 0.5174189713173639]","[0.6423134569639611, 1.0768760939477686]",-25.704851150512695,0.01,2565.110136354141,88.37861337943892,1.0,0.0,0
353,"[0.8549754267364619, 0.6521314356554866, 0.5358777397339192, 0.24814366161422552, 0.03456228928197658, 0.021147734745887492, 0.6513154870113212, 0.08151000842146361, 0.596669540572286, 0.5141915764743342]","[0.6423134569639611, 1.0768760939477686]",-54.25713348388672,0.01,3280.9581928101193,-129.58503050495528,2.0,0.0,0
354,"[0.5550486363309303, 0.9717743975884057, 0.9098682049711998, 0.5695672978216467, 0.7740678154761791, 0.9884657839560992, 0.5824734150473301, 0.615038903048537, 0.3874572153730521, 0.16102066843420038]","[0.6423134569639611, 1.0768760939477686]",-27.9687557220459,0.01,2372.9587999586697,135.4192002199193,2.0,0.0,0
355,"[0.1852600492843709, 0.7450530687014779, 0.9924694057190442, 0.21739730075985442, 0.15812463676327282, 0.6522781451980666, 0.08492127036947439, 0.7933165938675243, 0.7634833050803306, 0.7815991131355482]","[0.6423134569639611, 1.0768760939477686]",-38.39522171020508,0.02,3177.7211560427518,148.70223232344654,3.0,0.0,0
356,"[0.2934382358195565, 0.37348089560882314, 0.5871018570612616, 0.7408821283361202, 0.43910536568983327, 0.19849693050340145, 0.5832008890859783, 0.3517664111484614, 0.4771410334741113, 0.6808141814254879]","[0.6423134569639611, 1.0768760939477686]",-25.63519859313965,0.0,2345.630367748178,55.96535724494211,2.0,0.0,0
357,"[0.7135293136593531, 0.0650756780347983, 0.2165901434079629, 0.6658685758184791, 0.6499316463586162, 0.9749996379412056, 0.9621626285715615, 0.1221497817542131, 0.24213214219154744, 0.4497407644646173]","[0.6423134569639611, 1.0768760939477686]",-43.448020935058594,1.0,3191.9078514142657,-95.02889193100947,2.0,0.0,0
358,"[0.9727013736068412, 0.4519584896602902, 0.04613427240186907, 0.8187243705794174, 0.42160092999482723, 0.7694590044241827, 0.671536835082995, 0.5226492946993019, 0.5047622712841348, 0.25657356236961704]","[0.6423134569639611, 1.0768760939477686]",-29.454652786254883,0.01,3342.1080366270903,-258.368610091815,4.0,0.0,0
359,"[0.46023015723858596, 0.713520598757417, 0.32728363018615414, 0.4075962137430885, 0.8098184342124395, 0.7800919024003075, 0.13386118632871502, 0.39599336834205323, 0.9622150146738344, 0.2609007372045451]","[0.6423134569639611, 1.0768760939477686]",-31.617521286010742,0.02,2472.4096342890266,-13.684714758052792,3.0,0.0,0
360,"[0.6418149555823136, 0.4424334275736419, 0.4115933202527424, 0.521220305674238, 0.26469697134143155, 0.23776837928238514, 0.5911825522064944, 0.49347156101939227, 0.13047329330341007, 0.5733731289475135]","[0.6423134569639611, 1.0768760939477686]",-37.203216552734375,0.0,2167.2901727943545,81.23098732514572,0.0,0.0,0
361,"[0.6001376092708274, 0.03445330683875747, 0.1395732075114563, 0.43218265937360656, 0.20272972321659988, 0.9362985184520535, 0.921868042105969, 0.7329850950945926, 0.9936059777202505, 0.04997154101261603]","[0.6423134569639611, 1.0768760939477686]",-45.206687927246094,0.94,2696.92062055298,-43.76820985407198,5.0,0.0,0
362,"[0.562606178137161, 0.8202444192758476, 0.7025811987865046, 0.038167899535272554, 0.10838126030784634, 0.750241579360399, 0.9094751004524625, 0.9947545277864388, 0.3546304433587998, 0.716708625399918]","[0.6423134569639611, 1.0768760939477686]",-32.620296478271484,0.02,2255.325853552121,9.80636855696801,1.0,0.0,0
363,"[0.4759685506433493, 0.2875938504036828, 0.4724167772159521, 0.1776479492414862, 0.6394386355017023, 0.536924221841036, 0.8796251374822572, 0.007711221418248981, 0.6030472619488034, 0.7731427689458497]","[0.6423134569639611, 1.0768760939477686]",-31.46146011352539,0.02,2872.351664766037,-226.77163488900754,2.0,0.0,0
364,"[0.20998567187569106, 0.4409222350697184, 0.647453563853091, 0.42378058142669095, 0.9307431021557654, 0.1147148357641603, 0.07796326790873143, 0.8431230132373074, 0.053134018647741255, 0.943166208728992]","[0.6423134569639611, 1.0768760939477686]",-56.50210952758789,0.0,2632.385418381787,201.71443486295385,4.0,0.0,0
365,"[0.34337864078915026, 0.19904138959553586, 0.0953689367158762, 0.27186997117465206, 0.6332799126254598, 0.7443936202138993, 0.7863881935632456, 0.7095255006543739, 0.50554331101473, 0.8430190695237738]","[0.6423134569639611, 1.0768760939477686]",-10.438374519348145,0.02,1781.5733475189159,36.906235356057095,1.0,0.0,0
366,"[0.46486703117012373, 0.18339901863732788, 0.4968685132017545, 0.5578660035234387, 0.10073358319328762, 0.5041762666757079, 0.3606961017920489, 0.4253819807970667, 0.9853253252778248, 0.47432592707838583]","[0.6423134569639611, 1.0768760939477686]",-32.03000259399414,0.01,1926.8083048927315,110.25992404539389,2.0,0.0,0
367,"[0.004541611939282264, 0.26380514875847083, 0.855860123890733, 0.7217665798191056, 0.5303776159549121, 0.1200663844045422, 0.9439371878599236, 0.0015027885814826725, 0.10297193631344304, 0.3752986130118795]","[0.6423134569639611, 1.0768760939477686]",-49.885379791259766,0.11,3524.4871516187472,-28.2603004581311,3.0,0.0,0
368,"[0.8182143897341123, 0.7458588386046331, 0.9066820493572156, 0.6529704933493045, 0.5222683899212092, 0.5020653003206134, 0.7224477051007062, 0.6763399768960506, 0.36672362696466854, 0.12963302271747656]","[0.6423134569639611, 1.0768760939477686]",-30.42769432067871,0.0,2027.1721715968624,-26.834219560300312,1.0,0.0,0
369,"[0.7864475181052316, 0.12312266413899708, 0.4354563219782247, 0.649155038414806, 0.9519742709135748, 0.04087394772130648, 0.42217254750967637, 0.9787841536554213, 0.44145834070790124, 0.960102065504993]","[0.6423134569639611, 1.0768760939477686]",-46.824710845947266,0.02,3479.9471623896543,-453.7570690012773,2.0,0.0,0
370,"[0.5680071202176827, 0.41507795919606527, 0.6584952582847783, 0.4974906725707241, 0.4169426789239481, 0.2867048336739987, 0.9232948557955831, 0.27887204237993524, 0.69957790782425, 0.5936485205448632]","[0.6423134569639611, 1.0768760939477686]",-33.966915130615234,0.02,1797.7946251525905,100.62398947932448,1.0,0.0,0
371,"[0.996789554187758, 0.6793335137507138, 0.5369507675357205, 0.3237447687491206, 0.7527385699724373, 0.13513256984630717, 0.8722205131113189, 0.4928840946996045, 0.5265158493462787, 0.7667208577037588]","[0.6423134569639611, 1.0768760939477686]",-24.852069854736328,0.0,2472.6385450291777,37.79507992676764,1.0,0.0,0
372,"[0.6366903997478098, 0.8044863151691629, 0.5521023590192211, 0.3374566779357381, 0.44043192670519804, 0.6280502453170103, 0.08915033465809308, 0.9827519839463097, 0.7782451767715283, 0.2926620798911279]","[0.6423134569639611, 1.0768760939477686]",-41.06235885620117,0.01,2612.183082616144,-242.1154967362088,3.0,0.0,0
373,"[0.38607149817366304, 0.6201377095029643, 0.3554498180440345, 0.18679155336613773, 0.36915603913961426, 0.8196668974406214, 0.749929646301729, 0.3012260217255971, 0.975962278476428, 0.7954047753809069]","[0.6423134569639611, 1.0768760939477686]",-33.26639175415039,0.42,2248.5399354219244,202.70593269880465,3.0,0.0,0
374,"[0.3889883867352395, 0.8643473153308421, 0.5445932938417436, 0.9830157353626058, 0.4618365004041587, 0.5480365669047049, 0.20790081648411385, 0.24426771213037535, 0.9208097492334296, 0.27462288744847607]","[0.6423134569639611, 1.0768760939477686]",-44.14388656616211,0.0,2756.713991000611,105.08762884923763,2.0,0.0,0
375,"[0.6138145902686836, 0.6465515009218827, 0.8361414904510208, 0.48072168342298083, 0.056683749086957835, 0.8656469983041081, 0.8391889674781257, 0.15517855030454775, 0.24830109351032037, 0.09679203168317463]","[0.6423134569639611, 1.0768760939477686]",-46.965553283691406,0.0,2811.0727050539967,181.84744243541104,2.0,0.0,0
376,"[0.9659951861775615, 0.9014868819563503, 0.26813803642025813, 0.4335319343279733, 0.5502050194600766, 0.8499153654013157, 0.16329774148235077, 0.26830163761366055, 0.8313375175827807, 0.5902744315573525]","[0.6423134569639611, 1.0768760939477686]",-43.37069320678711,0.01,3277.301068945119,-194.35121250321868,2.0,0.0,0
377,"[0.8502520752184, 0.8710943858527149, 0.49127940768456757, 0.7941780341650363, 0.36719524120751335, 0.3808674194706362, 0.9910707117333609, 0.6573865024017094, 0.20373265822290343, 0.049107022138479506]","[0.6423134569639611, 1.0768760939477686]",-44.88618087768555,0.0,2972.031772785156,-57.660796972372,2.0,0.0,0
378,"[0.9504436798533378, 0.48661914100193837, 0.8846355162259003, 0.22087600218654313, 0.4300724770494687, 0.46053044590624415, 0.072946980769097, 0.3629681053112479, 0.4211460715858589, 0.6154237962631404]","[0.6423134569639611, 1.0768760939477686]",-28.19055938720703,0.0,3069.2884969259153,55.86478784266865,3.0,0.0,0
379,"[0.49712393293988455, 0.12874380918431827, 0.5960971017562219, 0.10938399976885793, 0.7739580482321329, 0.27999440952415944, 0.13689035432976115, 0.7251975233002576, 0.5616275700432478, 0.043210958133264254]","[0.6423134569639611, 1.0768760939477686]",-45.756568908691406,0.01,3325.6949003944605,-355.13552437493945,3.0,0.0,0
380,"[0.7941663181755049, 0.7961390712666429, 0.6304935351753734, 0.8715859694407757, 0.3843569715818367, 0.20065456509697266, 0.6063378362112142, 0.11444238747067648, 0.39678750647467886, 0.8581065761489038]","[0.6423134569639611, 1.0768760939477686]",-32.17730712890625,0.01,2399.063969604777,-56.31367073840818,2.0,0.0,0
381,"[0.27369274428365764, 0.21698847276144906, 0.3043165607667535, 0.031856291602627484, 0.7626007804689622, 0.8559062046774273, 0.9269755713250922, 0.8610016416862127, 0.504327931195524, 0.2996622411128508]","[0.6423134569639611, 1.0768760939477686]",-35.48261642456055,0.19,2790.631167520114,200.25913019980868,5.0,0.0,0
382,"[0.0688419705339337, 0.5461929634718252, 0.17800458934916152, 0.584576603063066, 0.3017106861170198, 0.37896733869325216, 0.04987564041029657, 0.5856214583827476, 0.7130877753238024, 0.5450682902422506]","[0.6423134569639611, 1.0768760939477686]",-53.847900390625,0.01,2689.1399512037046,35.02957913891916,0.0,0.0,0
383,"[0.7114967818574447, 0.7417302907689791, 0.648332339941629, 0.39482991222919606, 0.12507739649652283, 0.6325503732220582, 0.06948610704056901, 0.18895185079466603, 0.463217366994221, 0.14554653243240678]","[0.6423134569639611, 1.0768760939477686]",-42.372589111328125,0.0,2917.7163965700197,-0.7338369760227295,1.0,0.0,0
384,"[0.09684803768590011, 0.718026109003099, 0.5439573032421013, 0.19271001863692871, 0.5845579453489235, 0.2614476971732205, 0.30962756767975874, 0.8936524296588036, 0.3104082982521813, 0.013468646191457156]","[0.6423134569639611, 1.0768760939477686]",-45.78329849243164,0.0,2902.4734742577975,72.59954696398265,4.0,0.0,0
385,"[0.6303612220061953, 0.9479002831762036, 0.3680565265758369, 0.66380806776465, 0.9594105725916099, 0.13601210448056145, 0.9404038873924317, 0.4356416769994331, 0.5509019139680906, 0.8834994080400498]","[0.6423134569639611, 1.0768760939477686]",-36.481746673583984,0.0,2588.886720353136,155.23942605874936,2.0,0.0,0
386,"[0.853954300163585, 0.5335785482774332, 0.8427584228923127, 0.7142145742985988, 0.8624885322273281, 0.4779696110602567, 0.17120495040458528, 0.4192509519247557, 0.28582940057523454, 0.5424931219572802]","[0.6423134569639611, 1.0768760939477686]",-24.83616065979004,0.0,1836.6988272678434,152.37351514657502,2.0,0.0,0
387,"[0.5153318436232895, 0.020099360078847606, 0.3611257513271975, 0.7663570364936745, 0.11659409281030297, 0.4959484724379606, 0.6380076698020961, 0.5952282197228432, 0.37865489571541144, 0.5552730340980008]","[0.6423134569639611, 1.0768760939477686]",-32.12854766845703,0.02,2321.775164208941,40.156699247401036,3.0,0.0,0
388,"[0.4492613505724099, 0.6929351947652568, 0.7448476057605651, 0.5397279534918101, 0.9515904518385528, 0.23564929014243663, 0.8734962858901087, 0.792512861247586, 0.8384904601644153, 0.5009996452298178]","[0.6423134569639611, 1.0768760939477686]",-12.843278884887695,0.0,2314.0168396902786,91.6788949670707,3.0,0.0,0
389,"[0.6788176686798237, 0.6601465348358149, 0.7898885922018853, 0.9049608877931908, 0.5147696604293729, 0.13248272602085043, 0.721086425068104, 0.9998825012948354, 0.12795979505637023, 0.5974395348111516]","[0.6423134569639611, 1.0768760939477686]",-45.0836181640625,0.0,2306.71657676208,-66.07695009865273,1.0,0.0,0
390,"[0.05749278540363256, 0.9887527945643055, 0.16082804913284732, 0.4173750988312461, 0.11270319178377441, 0.8854459345854873, 0.28564273812516516, 0.9481796575535171, 0.2962626818257291, 0.9043434178683454]","[0.6423134569639611, 1.0768760939477686]",-30.56464195251465,0.52,3122.3926455536607,154.7426703511947,5.0,0.0,0
391,"[0.10255788063165672, 0.1871253418748693, 0.733658429797598, 0.2609798163485054, 0.2981530622521802, 0.6659145846623943, 0.29056754379595806, 0.7958831294212322, 0.25292213279055387, 0.5293654521437433]","[0.6423134569639611, 1.0768760939477686]",-31.646411895751953,0.02,2318.040299868723,113.84225061925937,2.0,0.0,0
392,"[0.5726314953568215, 0.1047698696960977, 0.19840167979193613, 0.027682738374525284, 0.41414094651924793, 0.7268804993048521, 0.6275290810675241, 0.24429663468019402, 0.03607398886094626, 0.40805950722102924]","[0.6423134569639611, 1.0768760939477686]",-31.630517959594727,0.02,2720.528913279606,-196.76428224055064,2.0,0.0,0
393,"[0.20865409985486794, 0.9064112140163453, 0.18976031054167308, 0.5838403341321889, 0.28731674248323047, 0.9815109988500262, 0.6556115517532816, 0.36673568679675916, 0.031996212795326384, 0.2366689355429168]","[0.6423134569639611, 1.0768760939477686]",-55.94881820678711,0.39,3465.2641328616946,-18.97605729205111,3.0,0.0,0
394,"[0.04610062652881952, 0.8788764621725441, 0.7879898948981844, 0.5649737299089891, 0.31271823093715634, 0.44981622565786483, 0.38581874299059793, 0.6936429239633632, 0.4276410590991062, 0.7951319904723737]","[0.6423134569639611, 1.0768760939477686]",-33.867103576660156,0.01,3195.7929435202477,-275.7889566036697,3.0,0.0,0
395,"[0.2862986436913314, 0.624065110979818, 0.7257400439125465, 0.8602590429561621, 0.5072684301012614, 0.031189750607935718, 0.992021327574628, 0.449649541302123, 0.8637696846868116, 0.36384099503494705]","[0.6423134569639611, 1.0768760939477686]",-37.576622009277344,0.01,2375.0708205309547,-139.1942214419612,2.0,0.0,0
396,"[0.19471534341837105, 0.16237815213687845, 0.6173820395164531, 0.9927602364850314, 0.6307305308122545, 0.7292466777996677, 0.25912009199283903, 0.6201007956870005, 0.09866331959713237, 0.6342433488798163]","[0.6423134569639611, 1.0768760939477686]",-45.2388916015625,0.02,3354.1336444064527,219.58830514378272,3.0,0.0,0
397,"[0.4922364852408707, 0.6610677361708699, 0.4031131304231024, 0.2531160375780891, 0.7831438478515006, 0.5929988274321132, 0.954589027110832, 0.3183179939205376, 0.07226191545477478, 0.3267848061988945]","[0.6423134569639611, 1.0768760939477686]",-54.53287887573242,0.0,2466.398771968679,-228.28076500966597,3.0,0.0,0
398,"[0.5375741698214791, 0.3291683349036125, 0.47317651068148925, 0.2486856814491507, 0.5494993040361457, 0.6630536101471425, 0.571221538984421, 0.21675799924420358, 0.8362704729230441, 0.40446276089644695]","[0.6423134569639611, 1.0768760939477686]",-23.2864990234375,0.02,2321.8199091873166,-85.71053174921803,2.0,0.0,0
399,"[0.09909241139614511, 0.35593970535343533, 0.12251114719760792, 0.03670988991531887, 0.3563214330085879, 0.10603234945493889, 0.6405502684565377, 0.6791615427880108, 0.5904502670353919, 0.03973925780369014]","[0.6423134569639611, 1.0768760939477686]",-27.049205780029297,0.02,2726.6043674373977,46.308472818870285,4.0,0.0,0
400,"[0.8548259109309496, 0.9552950895769152, 0.7755465741990356, 0.46346038501141684, 0.6153661075718286, 0.3282213671037426, 0.022324854884894774, 0.9868979974636767, 0.5788793702082552, 0.2140445992231964]","[0.6423134569639611, 1.0768760939477686]",-53.92383575439453,0.0,2761.4995196833365,-190.14101637134758,2.0,0.0,0
401,"[0.747362165329412, 0.8962105423829567, 0.1420953474886939, 0.38079125003033265, 0.2323994925194448, 0.8171317457682793, 0.6888597985788768, 0.10633636143473146, 0.6570929695749476, 0.678363410792299]","[0.6423134569639611, 1.0768760939477686]",-38.11501693725586,0.01,2676.104522282862,2.155070771161121,1.0,0.0,0
402,"[0.5416598164539241, 0.6098685903306108, 0.9988642412777876, 0.8778009564670675, 0.2588586988931987, 0.5798598680880466, 0.8533614254924294, 0.08162743098231195, 0.9792470959156314, 0.07491624481694026]","[0.6423134569639611, 1.0768760939477686]",-46.88752365112305,0.0,3362.6685483937117,-217.79294976485443,3.0,0.0,0
403,"[0.20327574061457476, 0.6267311987569535, 0.20584936869908044, 0.02445236695632036, 0.5025483858994164, 0.3725295843860086, 0.5307508624136656, 0.07948954094297467, 0.7063719617600684, 0.2830332079095128]","[0.6423134569639611, 1.0768760939477686]",-33.53976058959961,0.09,3012.616783180094,-209.83171436556182,4.0,0.0,0
404,"[0.5076018215871473, 0.6756779877267061, 0.5412135574285191, 0.752567750237357, 0.4137508121236565, 0.193458151495839, 0.3641835891627532, 0.3226968410671234, 0.9120446718601686, 0.729194246020262]","[0.6423134569639611, 1.0768760939477686]",-37.782806396484375,0.0,2139.285484017308,29.438953303426132,4.0,0.0,0
405,"[0.33308981057113185, 0.11570570781053469, 0.8943295624488845, 0.44725755922984833, 0.23909717259802687, 0.21236643813987244, 0.6701632999271959, 0.31163223648793614, 0.4864551231193962, 0.8732609685016032]","[0.6423134569639611, 1.0768760939477686]",-47.882225036621094,0.05,3075.556394206886,-144.0674293254133,4.0,0.0,0
406,"[0.618304231195628, 0.5723925200767741, 0.7047185063626772, 0.8019630624773979, 0.7914890081487763, 0.7631974635109114, 0.5914667363228598, 0.9635126845993278, 0.6681767431057558, 0.45464071940022377]","[0.6423134569639611, 1.0768760939477686]",-17.535898208618164,0.0,1576.4893381299294,-44.2670337109584,1.0,0.0,0
407,"[0.9236522572248812, 0.5669919655139852, 0.10893119259072936, 0.4478158750548572, 0.38273564634834245, 0.2055448999467282, 0.9134202273476424, 0.21158040807152634, 0.9076877512717889, 0.4446211990560953]","[0.6423134569639611, 1.0768760939477686]",-57.24138259887695,0.01,2863.0594654409456,53.14552288678192,4.0,0.0,0
408,"[0.10112629673862572, 0.7715071263234301, 0.6612332810777962, 0.8231732109398191, 0.9210964804623594, 0.9758360714702362, 0.6188686912164086, 0.637732045763627, 0.4471567896431051, 0.24760474663182752]","[0.6423134569639611, 1.0768760939477686]",-43.616390228271484,0.88,2505.9173441120124,65.54255200700402,3.0,0.0,0
409,"[0.2040775195284119, 0.36997618052163395, 0.13939270509690005, 0.8443573174426242, 0.8148623966934202, 0.8502326922136739, 0.2979356930486796, 0.8262671947723601, 0.681501503788001, 0.8555321295774915]","[0.6423134569639611, 1.0768760939477686]",-25.380313873291016,0.11,2659.937753392985,137.03170585960476,1.0,0.0,0
410,"[0.03900649208483342, 0.7945297661237655, 0.656430492565778, 0.7204989283998747, 0.1722425899848271, 0.5527742529310217, 0.8547380823067444, 0.3892927981582216, 0.7104333288801004, 0.25242609806907035]","[0.6423134569639611, 1.0768760939477686]",-28.033401489257812,0.02,2651.100478583322,-18.307955599411912,3.0,0.0,0
411,"[0.45141209224313716, 0.3496004420324298, 0.6360300501048608, 0.2888468466161688, 0.8705505317517145, 0.8976679934854925, 0.4553119116468466, 0.6872733182783469, 0.07370073981558967, 0.06039589094104758]","[0.6423134569639611, 1.0768760939477686]",-39.574485778808594,0.01,3130.962255563874,-214.5123040362447,3.0,0.0,0
412,"[0.9487937421133565, 0.29506346186907606, 0.06237000463380882, 0.655612423721013, 0.15321745252618757, 0.3091930592770671, 0.35589822266791227, 0.7251875151885876, 0.16265239133514164, 0.6891807213595623]","[0.6423134569639611, 1.0768760939477686]",-32.965816497802734,0.07,3034.7831303782837,89.13027533571187,4.0,0.0,0
413,"[0.9317332545491699, 0.7978432301536112, 0.08768750060709007, 0.7779179599072401, 0.5255559788823803, 0.3389087741486042, 0.5305244039851297, 0.019101058224745948, 0.8410777367815508, 0.5746018910120674]","[0.6423134569639611, 1.0768760939477686]",-40.64226531982422,0.0,3000.167039902425,-137.59378907178342,2.0,0.0,0
414,"[0.4742946330936587, 0.6354301652458614, 0.17710770983398383, 0.6014656800561557, 0.961864746225824, 0.21486491517740391, 0.38000764317314406, 0.37746388150914134, 0.031759287114850765, 0.4256123471891835]","[0.6423134569639611, 1.0768760939477686]",-36.387332916259766,0.0,3031.525914076595,-119.5551111199365,4.0,0.0,0
415,"[0.48763480690620065, 0.2169062555017286, 0.3862679139155216, 0.6238538594409767, 0.4679108178237096, 0.48733383106324035, 0.4818310320929209, 0.3266115406004566, 0.6301325250605392, 0.859880263235001]","[0.6423134569639611, 1.0768760939477686]",-30.56605339050293,0.01,1955.258803725421,-64.69376862868012,1.0,0.0,0
416,"[0.5279968744138684, 0.53159971655788, 0.7868206142587815, 0.9344134451592527, 0.8729891890092191, 0.7984620733685968, 0.45254238673430736, 0.5455250451849651, 0.7295187588049699, 0.6771875094181812]","[0.6423134569639611, 1.0768760939477686]",-23.698654174804688,0.0,1927.6243312954798,117.51157963270751,1.0,0.0,0
417,"[0.6762114414755803, 0.8090630950780012, 0.3274473480122738, 0.021845461542613354, 0.3628684194603492, 0.39036031597655585, 0.8943822736330551, 0.11393985614563418, 0.16440426675705233, 0.13792723164655052]","[0.6423134569639611, 1.0768760939477686]",-44.23564910888672,0.0,2538.866762723364,180.702308647223,4.0,0.0,0
418,"[0.28779508760262973, 0.1211126250507043, 0.8710350989716257, 0.010529288633373768, 0.03451583153998028, 0.6256748614738663, 0.5272777217181311, 0.16431396098086115, 0.6772533023772079, 0.7043494786214585]","[0.6423134569639611, 1.0768760939477686]",-55.07945251464844,0.07,2889.229861919977,191.6875999330531,3.0,0.0,0
419,"[0.6314758874780181, 0.7051431820354727, 0.5167004769583932, 0.1922080518244671, 0.651070152048041, 0.06125874265979403, 0.7285268744995961, 0.9970432469279603, 0.8157503299056424, 0.0580813842973642]","[0.6423134569639611, 1.0768760939477686]",-51.83883285522461,0.03,2566.227652198473,218.91664863029223,1.0,0.0,0
420,"[0.8066896021342513, 0.25239346311936905, 0.638631566674032, 0.7924707077785885, 0.6986993023528133, 0.5595235493603331, 0.9378189663690818, 0.4021929763423402, 0.550138478244116, 0.9005625977747715]","[0.6423134569639611, 1.0768760939477686]",-32.20393753051758,0.11,1978.787148872511,223.6054234710684,1.0,0.0,0
421,"[0.9309237257174682, 0.5855350001791969, 0.46205637362191765, 0.1311925134195081, 0.7785914200710037, 0.1387189774441634, 0.386566521251432, 0.043970790070167465, 0.8288742399436138, 0.16347211831528774]","[0.6423134569639611, 1.0768760939477686]",-35.47303009033203,0.15,3316.4594210492173,-5.214636765726425,2.0,0.0,0
422,"[0.7078154105336243, 0.8982423912835361, 0.30790650039839484, 0.24618840177310253, 0.4755149649724475, 0.5002886502967018, 0.39159970739626704, 0.026240890012803275, 0.008377341601463972, 0.2986608464834861]","[0.6423134569639611, 1.0768760939477686]",-37.85939025878906,0.0,2485.4089390951976,144.9155642653736,4.0,0.0,0
423,"[0.41597278831728135, 0.5292476668928586, 0.352873692679611, 0.6968057610481154, 0.38468486856472595, 0.17245632190426008, 0.6467191261368527, 0.25633501963207384, 0.8094707836132069, 0.7080578528219252]","[0.6423134569639611, 1.0768760939477686]",-31.88128089904785,0.0,1994.7602452562178,77.06420653032382,2.0,0.0,0
424,"[0.9520873891220022, 0.8269237785922945, 0.4985769215270587, 0.16060397834685314, 0.4783524127322787, 0.6523594534334833, 0.9863763363507433, 0.9754645193122267, 0.5587752791676944, 0.49415751184937984]","[0.6423134569639611, 1.0768760939477686]",-39.986724853515625,0.01,2573.6270500343107,-288.41501703073516,1.0,0.0,0
425,"[0.025861763015021855, 0.12833107931484733, 0.7961263315037662, 0.39415256149056865, 0.7982307620865946, 0.9820696951830412, 0.11085500595054198, 0.8390955390117887, 0.5893396398495634, 0.930360123367544]","[0.6423134569639611, 1.0768760939477686]",-44.72711944580078,1.0,3107.0613029448264,99.85344863257319,2.0,0.0,0
426,"[0.149666552290599, 0.4930401208336419, 0.5285165313895007, 0.9699752667612848, 0.09888623259230056, 0.7151211746105537, 0.9247591831051126, 0.0679792205161115, 0.9441694317940839, 0.18763610148118215]","[0.6423134569639611, 1.0768760939477686]",-57.94794464111328,0.02,3241.3945379380357,-418.51030550885946,4.0,0.0,0
427,"[0.09179757311389503, 0.12319912122930532, 0.3631975746043373, 0.572173845707374, 0.8477721213879448, 0.48733543622239084, 0.8533592083916516, 0.6588576532346462, 0.9449901698693999, 0.7798253182075747]","[0.6423134569639611, 1.0768760939477686]",-25.229562759399414,0.23,2424.929898073256,-262.8575962454528,2.0,0.0,0
428,"[0.01509130920292412, 0.6626167661353878, 0.1060435111679825, 0.6534400785937403, 0.5173237147612628, 0.41337118324887623, 0.43840200032031496, 0.19762560069100443, 0.020601316584446083, 0.3949369316191135]","[0.6423134569639611, 1.0768760939477686]",-20.4447078704834,0.01,3131.738199853729,-0.7560472484877039,2.0,0.0,0
429,"[0.10514718718636429, 0.6510744894826341, 0.7136457052017272, 0.753967195252729, 0.6205281659426141, 0.7867682677023584, 0.9116309979198605, 0.8494049943628008, 0.301522204768607, 0.7633679867789757]","[0.6423134569639611, 1.0768760939477686]",-39.90473937988281,0.1,2295.2289207729277,104.92597469135089,3.0,0.0,0
430,"[0.6704624447939647, 0.7223706925660128, 0.4783817229979582, 0.19010016507022165, 0.8244197238559084, 0.12917709195809057, 0.9837807414740797, 0.697351301843444, 0.27734370054995117, 0.28728706525180614]","[0.6423134569639611, 1.0768760939477686]",-43.576881408691406,0.0,2886.3834022169,-115.80366669301759,3.0,0.0,0
431,"[0.458144884877121, 0.5831757465080837, 0.6214537509105454, 0.48982704753787065, 0.8734620859804479, 0.13037543043302313, 0.5275189161786856, 0.31864982561077426, 0.1133423142493104, 0.4438716069947749]","[0.6423134569639611, 1.0768760939477686]",-33.4835319519043,0.0,2210.1991317490133,192.0495435984872,3.0,0.0,0
432,"[0.13850554440592455, 0.773399819326796, 0.8002149292437226, 0.9430661559634952, 0.4817060005185684, 0.6159738317364226, 0.5253604147224709, 0.11849429263740618, 0.13157793817971397, 0.7126656223382198]","[0.6423134569639611, 1.0768760939477686]",-30.617094039916992,0.01,2754.076951325723,12.920496690470571,3.0,0.0,0
433,"[0.5611589262457228, 0.890029616036316, 0.748958379080166, 0.10529238171280453, 0.6887164468187194, 0.40079698216058934, 0.12804721938029684, 0.17447891963098439, 0.16625857259618204, 0.04778540541767917]","[0.6423134569639611, 1.0768760939477686]",-22.881608963012695,0.0,2960.781363864751,18.191297676813917,2.0,0.0,0
434,"[0.5852726023929103, 0.5802992209624945, 0.1720271025756145, 0.9808716345893793, 0.6084817545655142, 0.6580953341091119, 0.29571794592949774, 0.39130486666063924, 0.25877045742852545, 0.15757255180102137]","[0.6423134569639611, 1.0768760939477686]",-35.33242416381836,0.0,2885.400787621341,17.017686522043988,1.0,0.0,0
435,"[0.10172887120764584, 0.6148864781020155, 0.9196443999377009, 0.08856871284873435, 0.1511095268398348, 0.46358863658573013, 0.28446903620069675, 0.9196648885608747, 0.8138899493839643, 0.3722512868228096]","[0.6423134569639611, 1.0768760939477686]",-51.867408752441406,0.21,3096.9750334909654,78.94938927324728,1.0,0.0,0
436,"[0.7268197475864145, 0.7421237574229734, 0.8855717678686064, 0.9211546477944283, 0.6765005258629349, 0.3965626386684864, 0.5999678814456048, 0.11281783272630341, 0.8227571903326791, 0.7578366372963201]","[0.6423134569639611, 1.0768760939477686]",-25.658918380737305,0.0,2123.425158611612,-32.93843398426645,2.0,0.0,0
437,"[0.6452446008760079, 0.19383496281712853, 0.2146258166741185, 0.1109919491464263, 0.42487843110077916, 0.006366951976460866, 0.48408141189578535, 0.3382823616340662, 0.5460392410904729, 0.7184801904526416]","[0.6423134569639611, 1.0768760939477686]",-24.439239501953125,0.01,2571.2024885092787,79.58638653515212,3.0,0.0,0
438,"[0.17410998768930308, 0.11634970425235125, 0.7027278524280121, 0.17467041847832376, 0.7460325925135699, 0.15632044187462757, 0.8998019605914133, 0.8763120797632981, 0.29579698692214096, 0.2792809826922661]","[0.6423134569639611, 1.0768760939477686]",-33.13405227661133,0.39,3456.8236050516716,19.53953966682795,3.0,0.0,0
439,"[0.3377818033200619, 0.47567260717722415, 0.9401093135370726, 0.8990401992149706, 0.14209483832354786, 0.4142951359144903, 0.13964435729353974, 0.6061911922698288, 0.6028553398581475, 0.9809371333404042]","[0.6423134569639611, 1.0768760939477686]",-48.81705093383789,0.61,3315.009680095401,183.32673764114483,2.0,0.0,0
440,"[0.7477011598476934, 0.6810242364195874, 0.9555618319186323, 0.05746994984327425, 0.3416029756622927, 0.8550211510463746, 0.022063597747129182, 0.0561396031739535, 0.36035026935286585, 0.5291438119581041]","[0.6423134569639611, 1.0768760939477686]",-51.9896125793457,0.0,3306.0090426092493,-209.06921285261132,1.0,0.0,0
441,"[0.6115810075535718, 0.983255872426702, 0.9186361063433358, 0.6300040848474063, 0.16071161070508144, 0.82280663141362, 0.785977117429564, 0.9526894825978696, 0.29193150974421755, 0.07683934636072842]","[0.6423134569639611, 1.0768760939477686]",-42.652793884277344,0.0,2975.131861359719,-45.993696322864594,2.0,0.0,0
442,"[0.6493713958100026, 0.7071839592924788, 0.894581504088678, 0.4789022416132812, 0.7745175935715937, 0.9227371399664323, 0.5798373583609987, 0.6706584213352978, 0.8253239260212453, 0.9278502520726689]","[0.6423134569639611, 1.0768760939477686]",-17.517559051513672,0.0,1613.2708606153476,43.25107467430061,2.0,0.0,0
443,"[0.8086983494605792, 0.9441267249990511, 0.030220413823152437, 0.44846472473797916, 0.7880304670358184, 0.32424906448104474, 0.5002381994116093, 0.7107723703377764, 0.4985609098745155, 0.5733018539716912]","[0.6423134569639611, 1.0768760939477686]",-37.83058166503906,0.09,2892.209554189251,-35.24624204089622,3.0,0.0,0
444,"[0.3714472368830204, 0.6361874359054664, 0.02025761547560334, 0.7840081568599357, 0.6807343227278327, 0.1861088576046519, 0.5999860709959244, 0.33819329991670966, 0.9098919033687144, 0.7857582863314967]","[0.6423134569639611, 1.0768760939477686]",-45.505027770996094,0.0,2409.188132495614,-17.124703668626182,1.0,0.0,0
445,"[0.45366671163383177, 0.39530963752020387, 0.7186824738055865, 0.6866243930245424, 0.4252195752670793, 0.2273096138792824, 0.3501279215786205, 0.5018124438553747, 0.7650941519334702, 0.11093365267624566]","[0.6423134569639611, 1.0768760939477686]",-42.314205169677734,0.0,1988.4834540381798,52.33140747481153,2.0,0.0,0
446,"[0.8359888229839008, 0.29652536218364267, 0.5867376690056063, 0.3218524016966261, 0.44052082554869054, 0.864216912036018, 0.41651594222735877, 0.05740132244484586, 0.8609497536067594, 0.7215306396682064]","[0.6423134569639611, 1.0768760939477686]",-38.55912780761719,0.02,2760.232042413266,-53.13755439425006,2.0,0.0,0
447,"[0.22209337857070544, 0.851886869950129, 0.9263859353309903, 0.6376898101233074, 0.8737255054420758, 0.9927033859042664, 0.5998282165047851, 0.921905895520431, 0.7775391370426167, 0.789371482803315]","[0.6423134569639611, 1.0768760939477686]",-22.798994064331055,0.38,2162.7823304357808,14.31390529055767,1.0,0.0,0
448,"[0.753333399468174, 0.6252624770166081, 0.40913266514894897, 0.2311395029762492, 0.5400991376867715, 0.515670485535505, 0.45821784906606966, 0.4753077348105871, 0.03427849876800748, 0.6041102374341843]","[0.6423134569639611, 1.0768760939477686]",-33.91263961791992,0.0,2420.425900643053,18.056912443775815,1.0,0.0,0
449,"[0.8063444215164566, 0.34042295239471587, 0.2093294412318999, 0.4985972314563941, 0.5414212871986622, 0.7299201314522844, 0.5897818654033455, 0.19753313815689766, 0.8684789682422921, 0.029748806603345668]","[0.6423134569639611, 1.0768760939477686]",-50.06321716308594,0.01,2827.887072386145,-282.0857293705534,2.0,0.0,0
450,"[0.8897563771828959, 0.2987861021137783, 0.7460601529675434, 0.6030546550685671, 0.9138669202023219, 0.354749107030371, 0.7944143609299692, 0.10568944475584319, 0.6765371584992363, 0.5556329446149334]","[0.6423134569639611, 1.0768760939477686]",-38.240299224853516,0.01,2586.5222148620874,-85.20590387442411,2.0,0.0,0
451,"[0.3309644121127433, 0.31690095512213523, 0.2954929980481841, 0.7481013940230845, 0.8973843315055621, 0.3616223384294569, 0.08708045613432369, 0.25565658985514517, 0.862896856591919, 0.32320383808762987]","[0.6423134569639611, 1.0768760939477686]",-37.05949401855469,0.0,2746.733163988027,65.76007597217344,3.0,0.0,0
452,"[0.4391676968755027, 0.9976628581916248, 0.8483624613498164, 0.46324294477139427, 0.4281233254367537, 0.19360563078352933, 0.6856977151773664, 0.9265642355577445, 0.5361023619892648, 0.9337590166010262]","[0.6423134569639611, 1.0768760939477686]",-50.0518798828125,0.02,2564.282043190149,-220.30428927264114,3.0,0.0,0
453,"[0.6880577219534616, 0.6187735206354854, 0.26101899870514245, 0.6607130895315518, 0.11160898787137041, 0.13575121335325357, 0.09866474557598426, 0.8566192850230541, 0.8839623066338418, 0.931555087301965]","[0.6423134569639611, 1.0768760939477686]",-18.186336517333984,0.47,2648.0778584028453,121.02520247784554,2.0,0.0,0
454,"[0.42728313191201606, 0.9865409154108112, 0.03733606842735304, 0.8182416628333646, 0.8707494108316631, 0.30557310480570854, 0.10255985345364216, 0.2262663788221596, 0.6410248404478472, 0.7117335319722226]","[0.6423134569639611, 1.0768760939477686]",-31.31731605529785,0.0,3326.657104345049,105.2138032331016,3.0,0.0,0
455,"[0.9670056301580873, 0.5177060471131092, 0.8161469974751888, 0.705372326628618, 0.11037984121074462, 0.894056486124975, 0.8034205740610696, 0.1267752456666642, 0.4733486629868482, 0.430361211256024]","[0.6423134569639611, 1.0768760939477686]",-46.28823471069336,0.0,3281.6622545350583,-354.4045075144172,2.0,0.0,0
456,"[0.01803084642003372, 0.006971686838506241, 0.19861104900337267, 0.8878150429852877, 0.30619493487566196, 0.46483559100808225, 0.8091257804715101, 0.24140186600965996, 0.43451217607301273, 0.06603568268098481]","[0.6423134569639611, 1.0768760939477686]",-45.60831069946289,0.42,3689.437969639462,-90.89107521787736,4.0,0.0,0
457,"[0.6059905681477493, 0.029700026644667088, 0.17916969614590905, 0.0653425997635515, 0.861750940156377, 0.7726933021328888, 0.8983895541142906, 0.5216104553460066, 0.7464082815057715, 0.22316518957554465]","[0.6423134569639611, 1.0768760939477686]",-32.08774185180664,0.77,3026.2171822994856,-8.172020394797926,2.0,0.0,0
458,"[0.680796015078984, 0.9460080520609134, 0.47061474273697756, 0.17143194023563202, 0.02147972049109026, 0.6533860288053208, 0.5848150012834189, 0.1786039308082653, 0.1643212660095391, 0.5661957336692706]","[0.6423134569639611, 1.0768760939477686]",-40.23414993286133,0.02,3244.7265586076464,-204.5508052378853,4.0,0.0,0
459,"[0.8579792255064264, 0.2671370997692575, 0.8657640976677926, 0.45764546792594907, 0.9348467301949264, 0.8364201800077914, 0.47878697004251536, 0.1635484776738263, 0.41271531916570425, 0.6440762629573633]","[0.6423134569639611, 1.0768760939477686]",-48.199012756347656,0.0,2825.6625613842903,-84.06418126003058,0.0,0.0,1
460,"[0.7506942040097063, 0.28110248994201537, 0.8672425618301773, 0.6495954349580964, 0.8349368658690121, 0.9067027453637256, 0.0842592671692437, 0.6098161709769228, 0.35829517659832866, 0.8589236850986036]","[0.6423134569639611, 1.0768760939477686]",-43.53879165649414,0.0,2236.032870463426,90.58716589815836,2.0,0.0,0
461,"[0.6787542124949274, 0.22602375865188795, 0.08901012645834883, 0.45767718149155423, 0.17509233973593752, 0.4054948016689336, 0.8432753930041921, 0.5139150361729266, 0.029184894688322083, 0.6465481655784563]","[0.6423134569639611, 1.0768760939477686]",-42.39850616455078,0.02,3055.811748706234,-11.529433456699564,4.0,0.0,0
462,"[0.7582996503404613, 0.7933542776371738, 0.005611554836660759, 0.11261680837916677, 0.2864541109056825, 0.5906636157477503, 0.1758782929601157, 0.19983912575719087, 0.40275565251547407, 0.9730432016433707]","[0.6423134569639611, 1.0768760939477686]",-46.68895721435547,0.12,3520.653845674625,-130.3327107586519,2.0,0.0,0
463,"[0.0915851298531205, 0.8624456527016187, 0.11250158186788661, 0.8285790222425247, 0.10740331713278994, 0.022271258023356832, 0.17060419712349006, 0.014655022355117842, 0.3301168924500031, 0.7027167342727771]","[0.6423134569639611, 1.0768760939477686]",-36.49604034423828,0.02,3807.839259659115,214.90046793535942,4.0,0.0,0
464,"[0.6583446494643883, 0.08205725558131038, 0.699493395394173, 0.638995273789575, 0.34472275707089617, 0.39624139879301445, 0.31441853470477366, 0.6906543615874954, 0.2400216160262093, 0.7085807195745276]","[0.6423134569639611, 1.0768760939477686]",-23.39521598815918,0.01,2789.982631170969,-10.353256808096546,2.0,0.0,0
465,"[0.8147059516203109, 0.4541928526353498, 0.8390912531840371, 0.08017774791530241, 0.646045871348973, 0.8376150868188669, 0.8750799461394613, 0.9707870061610556, 0.3190072576266053, 0.6656682282605807]","[0.6423134569639611, 1.0768760939477686]",-30.00355339050293,0.01,2565.459157527539,26.3587135923693,2.0,0.0,0
466,"[0.4594803889870156, 0.8642170930013874, 0.1748892126374758, 0.6196356256357436, 0.7269107297217453, 0.10572285341182341, 0.3978429482895174, 0.09655912419598722, 0.2830483570562259, 0.16387754823419576]","[0.6423134569639611, 1.0768760939477686]",-19.68743896484375,0.0,2780.9348856861716,-15.23437196763814,3.0,0.0,0
467,"[0.2507779504154233, 0.3872280668222656, 0.5122941414501041, 0.22910363284313073, 0.9995661467291909, 0.3969024433014452, 0.40366348011904285, 0.6672668829968483, 0.26850190664105167, 0.6431378271999358]","[0.6423134569639611, 1.0768760939477686]",-28.048465728759766,0.0,2460.3432588440332,34.97379363874967,1.0,0.0,0
468,"[0.15659969906189297, 0.3253441698639262, 0.02443649181840335, 0.24753430602647253, 0.4466202413769905, 0.5240192639508371, 0.7950239385332132, 0.8332805189469937, 0.27704388467598473, 0.7378734747620871]","[0.6423134569639611, 1.0768760939477686]",-30.66727638244629,0.43,2352.0752992319835,28.556609509045984,3.0,0.0,0
469,"[0.5263531886894303, 0.7902539163713206, 0.48738596771593223, 0.7725057984148483, 0.28529457638222844, 0.3932082329474824, 0.7143276298377778, 0.7470307338284412, 0.6551941669223227, 0.9328071458943292]","[0.6423134569639611, 1.0768760939477686]",-31.323993682861328,0.07,2260.2621880570255,149.1019127093195,2.0,0.0,0
470,"[0.7112875230211642, 0.6846788776156996, 0.7961171531078834, 0.1777212655119591, 0.4397714727432923, 0.014582252968637133, 0.6802199582904102, 0.19627259395662655, 0.6946599336796323, 0.5353425745413254]","[0.6423134569639611, 1.0768760939477686]",-37.04769515991211,0.02,2804.2139027476546,-82.19323254368561,1.0,0.0,0
471,"[0.983340825292194, 0.1363543241346732, 0.9855535844315496, 0.8759400113498507, 0.7800696967772088, 0.43291125307921363, 0.21361796417869616, 0.028138508585864308, 0.28893408382247, 0.48641688914516634]","[0.6423134569639611, 1.0768760939477686]",-57.44853591918945,0.0,3296.905137895243,-47.36838519107022,4.0,0.0,0
472,"[0.5358533649301884, 0.6128094590196331, 0.3208941000193031, 0.69962037374652, 0.6861759804278319, 0.04325324940015174, 0.7053234361529388, 0.20584824102131538, 0.22881274607813817, 0.4509514108771451]","[0.6423134569639611, 1.0768760939477686]",-35.7921142578125,0.0,2295.0209048805377,-118.90485298562436,1.0,0.0,0
473,"[0.512786032412734, 0.40814122545753406, 0.013669936351227596, 0.02596864881162053, 0.1009233571749254, 0.03336264417996149, 0.22726256136597633, 0.5053499984805024, 0.30120225646229903, 0.6713123930175573]","[0.6423134569639611, 1.0768760939477686]",-9.63530445098877,0.02,2796.74598008842,-60.498767623832634,4.0,0.0,0
474,"[0.08432309491454104, 0.4480640945941249, 0.7958320872825472, 0.3789473665445555, 0.48334002953645816, 0.8194164128188249, 0.46511809283909, 0.07260222561230467, 0.24899851285118346, 0.830408620548029]","[0.6423134569639611, 1.0768760939477686]",-45.29446792602539,0.24,2898.335306067917,-126.16723688687995,2.0,0.0,0
475,"[0.8029823530790889, 0.5311662644566113, 0.5317604918062696, 0.16639799579265424, 0.1923528397286821, 0.24458052809711384, 0.7752404977274788, 0.7026143318122553, 0.61956588796379, 0.40448533971974776]","[0.6423134569639611, 1.0768760939477686]",-44.66330337524414,0.01,2529.5177867393445,130.95354904515978,2.0,0.0,0
476,"[0.29731255541820867, 0.6185437018266613, 0.9243566605459849, 0.2217700841313317, 0.734689433035187, 0.3331745667371241, 0.9550932739626308, 0.37763730173404286, 0.6221640398734298, 0.6675721311662823]","[0.6423134569639611, 1.0768760939477686]",-41.55678939819336,0.01,2657.0765772468976,-245.828049656816,2.0,0.0,0
477,"[0.4493063286624255, 0.984542407684185, 0.8199657746698951, 0.6170009929228052, 0.878218792953566, 0.5897829298112848, 0.07421991920677873, 0.25656518846327636, 0.9198381688381012, 0.0448405028787463]","[0.6423134569639611, 1.0768760939477686]",-21.752796173095703,0.0,2262.6415965693673,68.1551242883564,4.0,0.0,0
478,"[0.9141191208043656, 0.04545940748456001, 0.5203411976385461, 0.1736898154710873, 0.14874358363220164, 0.48220227181085085, 0.1997144412689693, 0.13834980067701286, 0.8631875087371139, 0.8371059471700506]","[0.6423134569639611, 1.0768760939477686]",-36.61432647705078,0.12,3664.0434446480954,191.8488873839979,3.0,0.0,0
479,"[0.5258971198816753, 0.8368178071530115, 0.07892103619523105, 0.42349802939740355, 0.6548082907218242, 0.15691957378438848, 0.1959671531664563, 0.96518901112485, 0.7753014232222595, 0.7240980906020839]","[0.6423134569639611, 1.0768760939477686]",-45.719234466552734,0.95,3092.169847463494,-142.8455948097216,2.0,0.0,0
480,"[0.34699396149982353, 0.4893832200923325, 0.7517295631944222, 0.507528665154618, 0.34557003060018365, 0.21841694247939314, 0.5881412847941019, 0.6394371515145588, 0.9581253935197721, 0.09599956069053739]","[0.6423134569639611, 1.0768760939477686]",-31.946353912353516,0.01,2226.6424977830634,47.95926888183058,3.0,0.0,0
481,"[0.9840074620785719, 0.6413194050980563, 0.7843981360154922, 0.5445206019567886, 0.29127446518966793, 0.6837257450027838, 0.10728069398517459, 0.5878240258886677, 0.5604843166336556, 0.3171591625222817]","[0.6423134569639611, 1.0768760939477686]",-43.2576789855957,0.0,2885.801510595554,-117.08310553484421,1.0,0.0,0
482,"[0.5718518580434659, 0.832349864019082, 0.014969878656403202, 0.9487239400770815, 0.8187960210975821, 0.28914445819111856, 0.7626997293670511, 0.17850642007542206, 0.04074081462335932, 0.5972950256033637]","[0.6423134569639611, 1.0768760939477686]",-49.85626983642578,0.0,3245.245607239789,-24.59573307242721,2.0,0.0,0
483,"[0.9154090878726253, 0.10532187690528905, 0.7546866310825947, 0.29921080825118573, 0.8934323089148023, 0.48072724247719, 0.47683162326337536, 0.16353645584687548, 0.3024485552108269, 0.3232011903752209]","[0.6423134569639611, 1.0768760939477686]",-33.207130432128906,0.01,2938.7414485760883,-13.083477197933064,2.0,0.0,0
484,"[0.024215275553347126, 0.9703343240548664, 0.1244998830605385, 0.8965966694869589, 0.8650694560015105, 0.8864906531387163, 0.7353925969565034, 0.5979193427444192, 0.7788845355150105, 0.37999584832689504]","[0.6423134569639611, 1.0768760939477686]",-32.63656997680664,0.73,3000.4035834611987,109.32083538312003,4.0,0.0,0
485,"[0.9921084965653194, 0.51121119679457, 0.8220528933610158, 0.5331060120624489, 0.6027008204523977, 0.11187408039913727, 0.9142837369525043, 0.49981919060741453, 0.5632306873148193, 0.07626256386420238]","[0.6423134569639611, 1.0768760939477686]",-35.8979606628418,0.01,2785.0305609979705,-241.0336023854705,2.0,0.0,0
486,"[0.5899013724129744, 0.738560460831458, 0.44769205422258973, 0.7081887274738519, 0.8816748509949164, 0.6756339625604952, 0.20114783047623863, 0.49117110649886464, 0.3480683051186597, 0.5381304916648673]","[0.6423134569639611, 1.0768760939477686]",-17.094148635864258,0.0,2236.8841396730445,1.9576819305852382,1.0,0.0,0
487,"[0.5315692400129591, 0.8190038866429317, 0.15549032471404567, 0.7035589030608728, 0.9296040543758374, 0.029951449001503816, 0.42462760596438465, 0.19811766046958246, 0.5558531333702081, 0.22222411490901295]","[0.6423134569639611, 1.0768760939477686]",-37.9362678527832,0.0,2973.3800934790984,-39.29534614367867,2.0,0.0,0
488,"[0.8909767644263751, 0.8014417719407361, 0.6725813819752973, 0.3087473138993875, 0.43738207771937265, 0.30307752389474174, 0.09108739017439971, 0.5391905442526005, 0.889189136156045, 0.9564983901269878]","[0.6423134569639611, 1.0768760939477686]",-44.063079833984375,0.02,2356.0249722314475,10.034572106230883,3.0,0.0,0
489,"[0.27553531676426357, 0.7249401708526875, 0.5170981399906499, 0.7837820554512853, 0.5010085318621841, 0.04078497754496757, 0.31618089767764745, 0.18973090385449132, 0.45814360168971935, 0.8043312030654973]","[0.6423134569639611, 1.0768760939477686]",-22.16172981262207,0.0,2391.2205543319383,-4.121197441330423,5.0,0.0,0
490,"[0.971714559790969, 0.2332156386551394, 0.5915948146429446, 0.5438820365284689, 0.7278712069362261, 0.09439193130163592, 0.8751149537129828, 0.6902374565646375, 0.3111635673870804, 0.6918783765639123]","[0.6423134569639611, 1.0768760939477686]",-43.859310150146484,0.06,2985.2586415056608,24.858486120928802,3.0,0.0,0
491,"[0.667335694701756, 0.30919856760467757, 0.6763337802019073, 0.18867659632291967, 0.27221522206813464, 0.4370809670909538, 0.63572390700011, 0.8996821650741399, 0.7274254434481322, 0.44760229841055377]","[0.6423134569639611, 1.0768760939477686]",-20.362939834594727,0.02,2285.027755408348,-0.4010183138647676,1.0,0.0,0
492,"[0.33614400425602975, 0.3034443379280377, 0.37967749533208806, 0.6447423300666016, 0.752196228188597, 0.93941899304273, 0.27229371905114397, 0.28218180340070553, 0.9155315948489088, 0.8790526484677016]","[0.6423134569639611, 1.0768760939477686]",-26.426584243774414,0.02,2199.8288213678616,123.88167019947178,3.0,0.0,0
493,"[0.15039521768086106, 0.2226023813397241, 0.2926082735959684, 0.4850898359864614, 0.07391038064096356, 0.4006159918909916, 0.7938431100859219, 0.20857487742689496, 0.8058797490259214, 0.32736149290330663]","[0.6423134569639611, 1.0768760939477686]",-30.81676483154297,0.02,2201.2092403553143,75.49120578220115,3.0,0.0,0
494,"[0.3412518851058074, 0.27060130660721804, 0.9444127117087573, 0.5666950276933612, 0.5382148212270979, 0.16216516728922992, 0.3772322972653601, 0.813657166424975, 0.9050019139063958, 0.4607955285910509]","[0.6423134569639611, 1.0768760939477686]",-47.3612060546875,0.0,2547.022483701617,-125.28691460650555,2.0,0.0,0
495,"[0.8545218596316444, 0.5552232015762028, 0.5724376816929596, 0.9959446864707778, 0.6487237153627309, 0.9020808444227432, 0.18609676582624812, 0.0660643976420533, 0.4062415948003796, 0.28007656546522564]","[0.6423134569639611, 1.0768760939477686]",-36.45569610595703,0.0,2356.3155137643516,49.90119539008771,1.0,0.0,0
496,"[0.4969834081027422, 0.8549532866933793, 0.9696131683964794, 0.6749713931794042, 0.5549868413005654, 0.9469486403309971, 0.6204872445176745, 0.46958321874287157, 0.5543338814687253, 0.25998967274780327]","[0.6423134569639611, 1.0768760939477686]",-27.680086135864258,0.01,2208.566907081521,-63.86827024240222,2.0,0.0,0
497,"[0.015976100135124294, 0.4180320512691269, 0.7837949939646831, 0.41445967551178664, 0.8375871931471732, 0.20943862781196765, 0.15644364205207617, 0.8952103135309758, 0.7837507511145153, 0.5545438532190033]","[0.6423134569639611, 1.0768760939477686]",-46.618690490722656,0.01,3217.1626905884978,-322.80638996852815,3.0,0.0,0
498,"[0.9229561929883965, 0.09268465718900976, 0.9305981484701141, 0.20131934276344676, 0.3963989362696818, 0.8864608593664157, 0.5691326767926764, 0.7445819042380838, 0.6372250238912266, 0.26342864572685487]","[0.6423134569639611, 1.0768760939477686]",-25.73253059387207,0.01,2756.288125905438,38.31712305616975,2.0,0.0,0
499,"[0.752546883596862, 0.7183679202452276, 0.49338180152440925, 0.4303742835931037, 0.6508243088022075, 0.16501509646944224, 0.4221127865784027, 0.22872476308787504, 0.9902366632760002, 0.884821474479777]","[0.6423134569639611, 1.0768760939477686]",-37.30126953125,0.02,2358.410504158333,-155.25838589720928,4.0,0.0,0
